page,url,host,has_noopener
about/credits.html,https://creativecommons.org/licenses/by/2.0,creativecommons.org,True
about/credits.html,"https://commons.wikimedia.org/wiki/File:Aerial_view_of_Barcelona,_Spain_(51227309370)_edited.jpg",commons.wikimedia.org,True
about/credits.html,https://creativecommons.org/licenses/by-sa/4.0,creativecommons.org,True
about/credits.html,https://commons.wikimedia.org/wiki/File:Sagrada_Familia_Ext%C3%A9rieur.jpg,commons.wikimedia.org,True
about/credits.html,https://creativecommons.org/licenses/by-sa/4.0,creativecommons.org,True
about/credits.html,https://commons.wikimedia.org/wiki/File:Av_Gaud%C3%AD_i_Sagrada_Familia_vist_des_del_Pavell%C3%B3_de_l%27Administraci%C3%B3_de_l%27Hospital_de_Sant_Pau.JPG,commons.wikimedia.org,True
about/credits.html,https://creativecommons.org/licenses/by-sa/4.0,creativecommons.org,True
about/credits.html,"https://commons.wikimedia.org/wiki/File:Hospital_Sant_Pau,_main_facade.jpg",commons.wikimedia.org,True
about/credits.html,https://creativecommons.org/licenses/by-sa/2.0,creativecommons.org,True
about/credits.html,https://commons.wikimedia.org/wiki/File:Barcelona_-_Carrer_del_Bisbe.jpg,commons.wikimedia.org,True
about/credits.html,https://creativecommons.org/licenses/by-sa/4.0,creativecommons.org,True
about/credits.html,"https://commons.wikimedia.org/wiki/File:066_Mercat_de_la_Concepci%C3%B3,_c._Arag%C3%B3_311_bis_(Barcelona),_interior.jpg",commons.wikimedia.org,True
about/credits.html,https://creativecommons.org/licenses/by-sa/3.0,creativecommons.org,True
about/credits.html,https://commons.wikimedia.org/wiki/File:Biblioteca_de_Catalunya_-_Sala_interior.JPG,commons.wikimedia.org,True
about/credits.html,https://creativecommons.org/publicdomain/mark/1.0/,creativecommons.org,True
about/credits.html,https://commons.wikimedia.org/wiki/File:Macba_front.jpg,commons.wikimedia.org,True
about/credits.html,http://creativecommons.org/licenses/by-sa/3.0/,creativecommons.org,True
about/credits.html,https://commons.wikimedia.org/wiki/File:Sitges_-_Ansicht_4.jpg,commons.wikimedia.org,True
about/credits.html,https://creativecommons.org/licenses/by-sa/2.5,creativecommons.org,True
about/credits.html,https://commons.wikimedia.org/wiki/File:Cau_Ferrat_Sitges_1.jpg,commons.wikimedia.org,True
about/credits.html,https://creativecommons.org/licenses/by-sa/4.0,creativecommons.org,True
about/credits.html,"https://commons.wikimedia.org/wiki/File:008_Maricel_de_Terra_i_Maricel_de_Mar,_a_banda_i_banda_del_carrer_de_Fonollar_(Sitges).jpg",commons.wikimedia.org,True
about/credits.html,https://creativecommons.org/licenses/by/2.0,creativecommons.org,True
about/credits.html,https://commons.wikimedia.org/wiki/File:Pa_amb_tomaquet_-_stonesoup.jpg,commons.wikimedia.org,True
about/credits.html,https://creativecommons.org/licenses/by/4.0,creativecommons.org,True
about/credits.html,https://commons.wikimedia.org/wiki/File:Crema_catalana._Postre.jpg,commons.wikimedia.org,True
about/credits.html,https://creativecommons.org/licenses/by-sa/4.0,creativecommons.org,True
about/credits.html,https://commons.wikimedia.org/wiki/File:The_houses_of_the_Onyar.jpg,commons.wikimedia.org,True
about/credits.html,https://creativecommons.org/licenses/by-sa/4.0,creativecommons.org,True
about/credits.html,https://commons.wikimedia.org/wiki/File:Girona_Cathedral_2020.jpg,commons.wikimedia.org,True
about/credits.html,https://creativecommons.org/licenses/by-sa/3.0,creativecommons.org,True
about/credits.html,"https://commons.wikimedia.org/wiki/File:L%27%C3%A9glise_Notre-Dame-des-Anges_et_une_partie_du_port,_Collioure_(6).JPG",commons.wikimedia.org,True
about/credits.html,https://creativecommons.org/licenses/by-sa/3.0,creativecommons.org,True
about/credits.html,https://commons.wikimedia.org/wiki/File:Nucli_hist%C3%B2ric_de_Peratallada_1.JPG,commons.wikimedia.org,True
about/credits.html,https://creativecommons.org/licenses/by/2.0,creativecommons.org,True
about/credits.html,https://commons.wikimedia.org/wiki/File:Calella_de_Palafrugell_(26023087965).jpg,commons.wikimedia.org,True
about/credits.html,https://creativecommons.org/publicdomain/mark/1.0/,creativecommons.org,True
about/credits.html,https://commons.wikimedia.org/wiki/File:Xuixo.jpg,commons.wikimedia.org,True
about/credits.html,https://creativecommons.org/licenses/by-sa/2.0,creativecommons.org,True
about/credits.html,https://commons.wikimedia.org/wiki/File:Suquet_de_peix.jpg,commons.wikimedia.org,True
about/credits.html,https://creativecommons.org/licenses/by-sa/2.5,creativecommons.org,True
about/credits.html,https://commons.wikimedia.org/wiki/File:Nice_promenade-anglais.jpg,commons.wikimedia.org,True
about/credits.html,https://creativecommons.org/licenses/by-sa/4.0,creativecommons.org,True
about/credits.html,https://commons.wikimedia.org/wiki/File:Cours_Saleya_market_fruit_stalls_Nice_2026.JPG,commons.wikimedia.org,True
about/credits.html,https://creativecommons.org/publicdomain/mark/1.0/,creativecommons.org,True
about/credits.html,https://commons.wikimedia.org/wiki/File:Vue_du_Vieux-Nice.jpg,commons.wikimedia.org,True
about/credits.html,https://creativecommons.org/licenses/by-sa/4.0,creativecommons.org,True
about/credits.html,https://commons.wikimedia.org/wiki/File:Nice_Harbor_from_Castle_Hill_01.jpg,commons.wikimedia.org,True
about/credits.html,https://creativecommons.org/licenses/by-sa/4.0,creativecommons.org,True
about/credits.html,https://commons.wikimedia.org/wiki/File:Le_Suquet_old_town_panorama_Cannes_2026.JPG,commons.wikimedia.org,True
about/credits.html,https://creativecommons.org/licenses/by-sa/3.0,creativecommons.org,True
about/credits.html,https://commons.wikimedia.org/wiki/File:Socca_a_Nice.jpg,commons.wikimedia.org,True
about/credits.html,https://creativecommons.org/licenses/by-sa/4.0,creativecommons.org,True
about/credits.html,https://commons.wikimedia.org/wiki/File:Pissaladi%C3%A8re.jpg,commons.wikimedia.org,True
about/credits.html,https://creativecommons.org/licenses/by/2.0,creativecommons.org,True
about/credits.html,https://commons.wikimedia.org/wiki/File:Diagonal_in_Barcelona_(3795275260).jpg,commons.wikimedia.org,True
about/credits.html,https://creativecommons.org/publicdomain/mark/1.0/,creativecommons.org,True
about/credits.html,https://commons.wikimedia.org/wiki/File:Cadaques-vista.JPG,commons.wikimedia.org,True
about/credits.html,https://creativecommons.org/licenses/by-sa/4.0,creativecommons.org,True
about/credits.html,https://commons.wikimedia.org/wiki/File:WLM_-_2020_-_Castillo_de_Tosa_de_Mar.jpg,commons.wikimedia.org,True
about/credits.html,https://creativecommons.org/licenses/by-sa/4.0,creativecommons.org,True
about/credits.html,https://commons.wikimedia.org/wiki/File:View_of_Sant_Feliu_de_Gu%C3%ADxols_beach_and_marina.jpg,commons.wikimedia.org,True
about/credits.html,https://creativecommons.org/licenses/by-sa/3.0,creativecommons.org,True
about/credits.html,https://commons.wikimedia.org/wiki/File:Panorama_von_Monaco-La_Turbie.jpg,commons.wikimedia.org,True
about/credits.html,https://creativecommons.org/publicdomain/mark/1.0/,creativecommons.org,True
about/credits.html,https://commons.wikimedia.org/wiki/File:Monaco_from_the_bottom_of_the_exotic_garden.jpg,commons.wikimedia.org,True
about/credits.html,https://creativecommons.org/licenses/by-sa/3.0,creativecommons.org,True
about/credits.html,https://commons.wikimedia.org/wiki/File:Princely_Palace_of_Monaco_02.jpg,commons.wikimedia.org,True
about/credits.html,https://creativecommons.org/licenses/by-sa/4.0,creativecommons.org,True
about/credits.html,"https://commons.wikimedia.org/wiki/File:Cathedral_of_Our_Lady_Immaculate,_Monaco_(frontage).jpg",commons.wikimedia.org,True
about/credits.html,https://creativecommons.org/licenses/by-sa/4.0,creativecommons.org,True
about/credits.html,https://commons.wikimedia.org/wiki/File:Le_casino_de_Monte-Carlo.JPG,commons.wikimedia.org,True
about/credits.html,https://creativecommons.org/licenses/by-sa/4.0,creativecommons.org,True
about/credits.html,https://commons.wikimedia.org/wiki/File:Nice_from_Castle_Hill_01.jpg,commons.wikimedia.org,True
about/credits.html,https://creativecommons.org/licenses/by-sa/3.0,creativecommons.org,True
about/credits.html,https://commons.wikimedia.org/wiki/File:Le_Suquet_01.jpg,commons.wikimedia.org,True
about/credits.html,https://creativecommons.org/licenses/by-sa/4.0,creativecommons.org,True
about/credits.html,https://commons.wikimedia.org/wiki/File:March%C3%A9_Forville_Cannes_02.jpg,commons.wikimedia.org,True
about/credits.html,https://creativecommons.org/licenses/by/3.0,creativecommons.org,True
about/credits.html,https://commons.wikimedia.org/wiki/File:Cannes_promenade.jpg,commons.wikimedia.org,True
about/credits.html,https://creativecommons.org/licenses/by-sa/4.0,creativecommons.org,True
about/credits.html,https://commons.wikimedia.org/wiki/File:Vues_g%C3%A9n%C3%A9rales_-_Saint-Paul-de-Vence.jpg,commons.wikimedia.org,True
about/credits.html,https://creativecommons.org/licenses/by-sa/2.0,creativecommons.org,True
about/credits.html,https://commons.wikimedia.org/wiki/File:Grasse_-_Flickr_-_Irene_Grassi_(sun_sand_%5E_sea).jpg,commons.wikimedia.org,True
about/credits.html,https://creativecommons.org/licenses/by-sa/3.0,creativecommons.org,True
about/credits.html,https://commons.wikimedia.org/wiki/File:Fontaine_de_la_Rotonde_with_Cours_Mirabeau_in_the_distance_Aix_en_Provence.jpg,commons.wikimedia.org,True
about/credits.html,https://creativecommons.org/licenses/by-sa/4.0,creativecommons.org,True
about/credits.html,https://commons.wikimedia.org/wiki/File:March%C3%A9_aux_Fruits_et_L%C3%A9gumes_%C3%A0_Aix-en-Provence.jpg,commons.wikimedia.org,True
about/credits.html,https://creativecommons.org/licenses/by-sa/3.0,creativecommons.org,True
about/credits.html,https://commons.wikimedia.org/wiki/File:Cours_Mirabeau_20100508_Aix-en-Provence_1.jpg,commons.wikimedia.org,True
about/credits.html,https://creativecommons.org/licenses/by-sa/4.0,creativecommons.org,True
about/credits.html,https://commons.wikimedia.org/wiki/File:Aix_en_Provence-FR-13-musee_Granet-a1.jpg,commons.wikimedia.org,True
about/credits.html,https://creativecommons.org/publicdomain/mark/1.0/,creativecommons.org,True
about/credits.html,https://commons.wikimedia.org/wiki/File:Cassis.jpg,commons.wikimedia.org,True
about/credits.html,https://creativecommons.org/licenses/by-sa/4.0,creativecommons.org,True
about/credits.html,https://commons.wikimedia.org/wiki/File:En-Vau_calanque_10.jpg,commons.wikimedia.org,True
about/credits.html,https://creativecommons.org/licenses/by-sa/4.0,creativecommons.org,True
about/credits.html,https://commons.wikimedia.org/wiki/File:Aix-Atelier_C%C3%A9zanne-bjs180816-01.jpg,commons.wikimedia.org,True
about/credits.html,https://creativecommons.org/licenses/by-sa/3.0,creativecommons.org,True
about/credits.html,https://commons.wikimedia.org/wiki/File:Lourmarin_-_vue_g%C3%A9n%C3%A9rale.jpg,commons.wikimedia.org,True
about/credits.html,https://creativecommons.org/licenses/by-sa/4.0,creativecommons.org,True
about/credits.html,https://commons.wikimedia.org/wiki/File:Bonnieux_au_coeur_du_Luberon_(Vaucluse).jpg,commons.wikimedia.org,True
about/credits.html,https://creativecommons.org/licenses/by-sa/3.0,creativecommons.org,True
about/credits.html,"https://commons.wikimedia.org/wiki/File:Village_de_Roussillon,_Vaucluse,_France_-_panoramio.jpg",commons.wikimedia.org,True
about/credits.html,https://creativecommons.org/licenses/by-sa/4.0,creativecommons.org,True
about/credits.html,https://commons.wikimedia.org/wiki/File:Roussillon_chemin_des_ocres.jpg,commons.wikimedia.org,True
about/credits.html,https://creativecommons.org/licenses/by/3.0,creativecommons.org,True
about/credits.html,https://commons.wikimedia.org/wiki/File:Gordes_pano.jpg,commons.wikimedia.org,True
about/credits.html,https://creativecommons.org/licenses/by-sa/4.0,creativecommons.org,True
about/credits.html,https://commons.wikimedia.org/wiki/File:Village_des_bories._1.jpg,commons.wikimedia.org,True
about/credits.html,https://creativecommons.org/licenses/by/3.0,creativecommons.org,True
about/credits.html,https://commons.wikimedia.org/wiki/File:S%C3%A9nanque_Abbey.jpg,commons.wikimedia.org,True
about/credits.html,http://www.cjrosier.com,www.cjrosier.com,True
about/credits.html,http://www.gordes-immobilier.com,www.gordes-immobilier.com,True
about/credits.html,https://creativecommons.org/licenses/by-sa/3.0,creativecommons.org,True
about/credits.html,"https://commons.wikimedia.org/wiki/File:Avignon,_Palais_des_Papes_depuis_Tour_Philippe_le_Bel_by_JM_Rosier.jpg",commons.wikimedia.org,True
about/credits.html,https://creativecommons.org/licenses/by-sa/3.0,creativecommons.org,True
about/credits.html,https://commons.wikimedia.org/wiki/File:Isle_sur_la_Sorgue_-_Roue_1.jpg,commons.wikimedia.org,True
about/credits.html,https://creativecommons.org/licenses/by/2.0,creativecommons.org,True
about/credits.html,https://commons.wikimedia.org/wiki/File:March%C3%A9_sur_la_place_Pie_devant_les_Halles_d%27Avignon.jpg,commons.wikimedia.org,True
about/credits.html,http://www.cjrosier.com,www.cjrosier.com,True
about/credits.html,http://www.gordes-immobilier.com,www.gordes-immobilier.com,True
about/credits.html,https://creativecommons.org/licenses/by-sa/3.0,creativecommons.org,True
about/credits.html,"https://commons.wikimedia.org/wiki/File:Avignon,_Palais_des_Papes_by_JM_Rosier.jpg",commons.wikimedia.org,True
about/credits.html,https://creativecommons.org/licenses/by-sa/4.0,creativecommons.org,True
about/credits.html,https://commons.wikimedia.org/wiki/File:Avignon_-_Jardin_des_Doms_(Rocher_des_Doms)_-_Lac_de_la_Promenade_du_Rocher-des-Doms_-_Panorama_View_on_Koi_pond_%26_V%C3%A9nus_aux_Hirondelles_1895_by_F%C3%A9lix_Charpentier_01.jpg,commons.wikimedia.org,True
about/credits.html,https://creativecommons.org/licenses/by-sa/4.0,creativecommons.org,True
about/credits.html,https://commons.wikimedia.org/wiki/File:Pont_d%C2%B4Avignon.jpg,commons.wikimedia.org,True
about/credits.html,https://creativecommons.org/licenses/by-sa/3.0,creativecommons.org,True
about/credits.html,https://commons.wikimedia.org/wiki/File:Pont_du_Gard_BLS.jpg,commons.wikimedia.org,True
about/credits.html,https://creativecommons.org/licenses/by-sa/3.0,creativecommons.org,True
about/credits.html,https://commons.wikimedia.org/wiki/File:Uz%C3%A8s-Place_aux_Herbes-20140501.jpg,commons.wikimedia.org,True
about/credits.html,https://creativecommons.org/licenses/by-sa/3.0,creativecommons.org,True
about/credits.html,https://commons.wikimedia.org/wiki/File:Baux_de_Provence.jpg,commons.wikimedia.org,True
about/credits.html,https://creativecommons.org/licenses/by/4.0,creativecommons.org,True
about/credits.html,https://commons.wikimedia.org/wiki/File:Saint-R%C3%A9my-de-Provence_-_54740044205.jpg,commons.wikimedia.org,True
about/credits.html,https://creativecommons.org/licenses/by-sa/2.0,creativecommons.org,True
about/credits.html,https://commons.wikimedia.org/wiki/File:Lyon_cityscape_from_Notre-Dame_de_Fourvi%C3%A8re_-_from_Flickr.jpg,commons.wikimedia.org,True
about/credits.html,https://creativecommons.org/licenses/by-sa/4.0,creativecommons.org,True
about/credits.html,https://commons.wikimedia.org/wiki/File:Notre_Dame_de_Fourvi%C3%A8re.jpg,commons.wikimedia.org,True
about/credits.html,https://creativecommons.org/licenses/by/2.0,creativecommons.org,True
about/credits.html,https://commons.wikimedia.org/wiki/File:Vieux_Lyon_(25667252093).jpg,commons.wikimedia.org,True
about/credits.html,https://creativecommons.org/licenses/by/2.0,creativecommons.org,True
about/credits.html,https://commons.wikimedia.org/wiki/File:Cath%C3%A9drale_Saint-Jean-Baptiste_@_Lyon_(35581360383).jpg,commons.wikimedia.org,True
about/credits.html,https://creativecommons.org/licenses/by/2.0,creativecommons.org,True
about/credits.html,https://commons.wikimedia.org/wiki/File:Lyon_-_Traboule_de_la_Rue_du_Boeuf_(16163505286).jpg,commons.wikimedia.org,True
about/credits.html,https://creativecommons.org/licenses/by/2.0,creativecommons.org,True
about/credits.html,https://commons.wikimedia.org/wiki/File:Mont%C3%A9e_de_la_Grande_C%C3%B4te_@_Croix-Rousse_@_Lyon_(36347972426).jpg,commons.wikimedia.org,True
about/credits.html,http://creativecommons.org/publicdomain/zero/1.0/deed.en,creativecommons.org,True
about/credits.html,https://commons.wikimedia.org/wiki/File:Fromagerie_Halles_de_Lyon-Paul_Bocuse_en_2017_%C3%A0_Lyon.jpg,commons.wikimedia.org,True
about/credits.html,https://creativecommons.org/licenses/by/3.0,creativecommons.org,True
about/credits.html,https://commons.wikimedia.org/wiki/File:Palais_de_l%27Isle_Annecy_et_le_Thiou.jpg,commons.wikimedia.org,True
about/credits.html,https://creativecommons.org/licenses/by-sa/4.0,creativecommons.org,True
about/credits.html,https://commons.wikimedia.org/wiki/File:Annecy_-_Rue_Sainte-Claire_(juil_2022).jpg,commons.wikimedia.org,True
about/credits.html,https://creativecommons.org/licenses/by-sa/4.0,creativecommons.org,True
about/credits.html,https://commons.wikimedia.org/wiki/File:Canal_du_Thiou_dans_le_vieil_Annecy_en_soir%C3%A9e_(ao%C3%BBt_2019).JPG,commons.wikimedia.org,True
about/credits.html,https://creativecommons.org/licenses/by-sa/3.0,creativecommons.org,True
about/credits.html,https://commons.wikimedia.org/wiki/File:Lac_Annecy_%C3%A9t%C3%A9.JPG,commons.wikimedia.org,True
about/credits.html,https://creativecommons.org/licenses/by/2.0,creativecommons.org,True
about/credits.html,"https://commons.wikimedia.org/wiki/File:Paris_as_seen_from_the_Tour_Montparnasse,_11_May_2014.jpg",commons.wikimedia.org,True
about/credits.html,https://creativecommons.org/licenses/by-sa/3.0,creativecommons.org,True
about/credits.html,https://commons.wikimedia.org/wiki/File:Notre-Dame_de_Paris_2013-07-24.jpg,commons.wikimedia.org,True
about/credits.html,https://creativecommons.org/licenses/by-sa/2.0,creativecommons.org,True
about/credits.html,"https://commons.wikimedia.org/wiki/File:Rue_Mouffetard,_Paris_24_Mai_2014.jpg",commons.wikimedia.org,True
about/credits.html,https://creativecommons.org/licenses/by/2.0,creativecommons.org,True
about/credits.html,"https://commons.wikimedia.org/wiki/File:Facade_of_the_Panth%C3%A9on_de_Paris,_3_May_2012.jpg",commons.wikimedia.org,True
about/credits.html,https://creativecommons.org/licenses/by/2.0,creativecommons.org,True
about/credits.html,"https://commons.wikimedia.org/wiki/File:Jewish_quarter,_rue_des_Rosiers,_Le_Marais,_Paris_2016.jpg",commons.wikimedia.org,True
about/credits.html,https://creativecommons.org/licenses/by-sa/3.0,creativecommons.org,True
about/credits.html,https://commons.wikimedia.org/wiki/File:Paris_Palais_du_Luxembourg_fa%C3%A7ade_s_printemps_2014.jpg,commons.wikimedia.org,True
about/credits.html,https://creativecommons.org/licenses/by/2.0,creativecommons.org,True
about/credits.html,"https://commons.wikimedia.org/wiki/File:March%C3%A9_Monge,_Paris_30_March_2008.jpg",commons.wikimedia.org,True
about/credits.html,https://creativecommons.org/licenses/by-sa/3.0,creativecommons.org,True
about/credits.html,https://commons.wikimedia.org/wiki/File:Louvre_Cour_Carr%C3%A9e_June_2010.jpg,commons.wikimedia.org,True
about/credits.html,https://creativecommons.org/licenses/by-sa/3.0,creativecommons.org,True
about/credits.html,https://commons.wikimedia.org/wiki/File:Paris_Palais_Royal_Jardin_184.jpg,commons.wikimedia.org,True
about/credits.html,https://creativecommons.org/licenses/by-sa/2.0,creativecommons.org,True
about/credits.html,https://commons.wikimedia.org/wiki/File:Paris_75018_Rue_Foyatier_20161030_-_1300_handrails.jpg,commons.wikimedia.org,True
about/credits.html,https://creativecommons.org/licenses/by-sa/4.0,creativecommons.org,True
about/credits.html,https://commons.wikimedia.org/wiki/File:Basilique_du_Sacr%C3%A9-C%C5%93ur_de_Montmartre_-_Paris_-_GT-01_-_2024.jpg,commons.wikimedia.org,True
about/credits.html,https://creativecommons.org/licenses/by/2.0,creativecommons.org,True
about/credits.html,"https://commons.wikimedia.org/wiki/File:La_salle_ovale_du_site_Richelieu,_Biblioth%C3%A8que_nationale_de_France,_Paris_2022.jpg",commons.wikimedia.org,True
about/credits.html,https://creativecommons.org/licenses/by-sa/2.0,creativecommons.org,True
about/credits.html,"https://commons.wikimedia.org/wiki/File:Galerie_Vivienne,_12_March_2015.jpg",commons.wikimedia.org,True
about/credits.html,https://creativecommons.org/licenses/by-sa/3.0,creativecommons.org,True
about/credits.html,https://commons.wikimedia.org/wiki/File:Grand_Palais_-_PA00088877_-_Bonhams_2013_-_Vue_d%27ensemble_-_007.jpg,commons.wikimedia.org,True
about/credits.html,https://creativecommons.org/licenses/by/2.0,creativecommons.org,True
about/credits.html,"https://commons.wikimedia.org/wiki/File:March%C3%A9_des_Enfants-Rouges,_Paris_May_2016.jpg",commons.wikimedia.org,True
about/credits.html,https://creativecommons.org/licenses/by-sa/4.0,creativecommons.org,True
about/credits.html,https://commons.wikimedia.org/wiki/File:Parterre_du_Midi_Garden_pond_and_Palace_of_Versailles_at_golden_hour_with_blue_sky_in_France.jpg,commons.wikimedia.org,True
about/credits.html,https://creativecommons.org/licenses/by-sa/3.0,creativecommons.org,True
about/credits.html,https://commons.wikimedia.org/wiki/File:Vue_a%C3%A9rienne_du_domaine_de_Versailles_par_ToucanWings_-_Creative_Commons_By_Sa_3.0_-_113.jpg,commons.wikimedia.org,True
about/credits.html,https://creativecommons.org/licenses/by/2.0,creativecommons.org,True
about/credits.html,"https://commons.wikimedia.org/wiki/File:Petit_Trianon,_Versailles,_29_September_2012.jpg",commons.wikimedia.org,True
about/credits.html,https://creativecommons.org/licenses/by-sa/3.0,creativecommons.org,True
about/credits.html,https://commons.wikimedia.org/wiki/File:Paris_Canal_St-Martin_%C3%A9cluses_R%C3%A9collets_2013.jpg,commons.wikimedia.org,True
about/credits.html,https://creativecommons.org/licenses/by-sa/3.0,creativecommons.org,True
about/credits.html,"https://commons.wikimedia.org/wiki/File:Musee_d%27Orsay_and_Pont_Royal,_North-West_view_140402_1.jpg",commons.wikimedia.org,True
about/credits.html,https://creativecommons.org/licenses/by/2.0,creativecommons.org,True
about/credits.html,https://commons.wikimedia.org/wiki/File:Paris_75006_Quai_de_Conti_Bouquinistes_20150902.jpg,commons.wikimedia.org,True
about/credits.html,https://creativecommons.org/licenses/by-sa/4.0,creativecommons.org,True
about/credits.html,https://commons.wikimedia.org/wiki/File:Bourse_Commerce_-_Paris_I_(FR75)_-_2021-06-05_-_1.jpg,commons.wikimedia.org,True
about/credits.html,https://creativecommons.org/licenses/by-sa/3.0,creativecommons.org,True
about/credits.html,https://commons.wikimedia.org/wiki/File:Paris_-_Rue_Montorgueil.JPG,commons.wikimedia.org,True
about/credits.html,https://creativecommons.org/licenses/by/2.0,creativecommons.org,True
about/credits.html,https://commons.wikimedia.org/wiki/File:Le_jardin_d%27eau_de_Claude_Monet_(Giverny)_(48751405171).jpg,commons.wikimedia.org,True
about/credits.html,https://creativecommons.org/licenses/by-sa/3.0,creativecommons.org,True
about/credits.html,https://commons.wikimedia.org/wiki/File:Hafen_und_Felsen_von_Monaco-La_Turbie.jpg,commons.wikimedia.org,True
about/credits.html,https://creativecommons.org/licenses/by-sa/4.0,creativecommons.org,True
about/credits.html,https://commons.wikimedia.org/wiki/File:Marseille_Basilique_Notre-Dame-de-la-Garde_Vue_sur_le_Vieux-Port_1.jpg,commons.wikimedia.org,True
about/credits.html,https://creativecommons.org/licenses/by-sa/4.0,creativecommons.org,True
about/credits.html,"https://commons.wikimedia.org/wiki/File:Vieux-Port_de_Marseille,_France.jpg",commons.wikimedia.org,True
about/credits.html,http://creativecommons.org/publicdomain/zero/1.0/deed.en,creativecommons.org,True
about/credits.html,"https://commons.wikimedia.org/wiki/File:View_from_the_Mucem_rooftop_garden_towards_Cath%C3%A9drale_La_Major,_Marseille,_2015.jpg",commons.wikimedia.org,True
about/credits.html,https://creativecommons.org/licenses/by-sa/3.0,creativecommons.org,True
about/credits.html,"https://commons.wikimedia.org/wiki/File:Marseille,_Fort_Saint-Jean,_view_from_Fort_Saint-Nicolas_03.JPG",commons.wikimedia.org,True
about/credits.html,https://creativecommons.org/licenses/by/2.0,creativecommons.org,True
about/credits.html,https://commons.wikimedia.org/wiki/File:Marche-Richelme-Aix.jpg,commons.wikimedia.org,True
about/credits.html,https://creativecommons.org/licenses/by-sa/3.0,creativecommons.org,True
about/credits.html,https://commons.wikimedia.org/wiki/File:Coustellet_-_march%C3%A9_1.jpg,commons.wikimedia.org,True
about/credits.html,https://creativecommons.org/licenses/by-sa/3.0,creativecommons.org,True
about/credits.html,https://commons.wikimedia.org/wiki/File:Roussillon_Vaucluse_sentier_des_ocres_2013_08.jpg,commons.wikimedia.org,True
about/credits.html,https://creativecommons.org/licenses/by-sa/2.0,creativecommons.org,True
about/credits.html,"https://commons.wikimedia.org/wiki/File:March%C3%A9_sur_la_place_Pie_d%27Avignon,_tournesols_et_patissons.jpg",commons.wikimedia.org,True
about/credits.html,https://creativecommons.org/licenses/by-sa/4.0,creativecommons.org,True
about/credits.html,https://commons.wikimedia.org/wiki/File:Arles-Vue_depuis_les_Ar%C3%A8nes-bjs180820-04.jpg,commons.wikimedia.org,True
about/credits.html,https://creativecommons.org/licenses/by-sa/4.0,creativecommons.org,True
about/credits.html,"https://commons.wikimedia.org/wiki/File:Les_Ar%C3%A8nes,_Arles,_Provence.jpg",commons.wikimedia.org,True
about/credits.html,https://creativecommons.org/licenses/by/3.0,creativecommons.org,True
about/credits.html,"https://commons.wikimedia.org/wiki/File:Roman_theatre,_Arles_-_panoramio.jpg",commons.wikimedia.org,True
about/credits.html,https://creativecommons.org/licenses/by-sa/4.0,creativecommons.org,True
about/credits.html,https://commons.wikimedia.org/wiki/File:L%27escalier_de_droite_menant_%C3%A0_la_Basilique_de_Montmartre_-_GT_03_-_2024.jpg,commons.wikimedia.org,True
about/credits.html,https://creativecommons.org/licenses/by-sa/3.0,creativecommons.org,True
about/credits.html,https://commons.wikimedia.org/wiki/File:Clo%C3%AEtre_Saint-Trophime_Arles_Conservation.jpg,commons.wikimedia.org,True
about/credits.html,https://creativecommons.org/licenses/by-sa/4.0,creativecommons.org,True
about/credits.html,https://commons.wikimedia.org/wiki/File:Arles_-_Place_du_Forum_in_the_evening_(Q109606553).jpg,commons.wikimedia.org,True
about/credits.html,https://creativecommons.org/licenses/by-sa/4.0,creativecommons.org,True
about/credits.html,https://commons.wikimedia.org/wiki/File:Arles_Roquette_%C3%A9glise_Ste_Croix3.jpg,commons.wikimedia.org,True
about/credits.html,https://creativecommons.org/licenses/by-sa/3.0,creativecommons.org,True
about/credits.html,https://commons.wikimedia.org/wiki/File:Glanum_escalier_source_sacr%C3%A9e.jpg,commons.wikimedia.org,True
about/credits.html,https://creativecommons.org/licenses/by-sa/3.0,creativecommons.org,True
about/credits.html,https://commons.wikimedia.org/wiki/File:Chevet_de_Saint-Paul_de_Mausole.JPG,commons.wikimedia.org,True
about/credits.html,https://creativecommons.org/licenses/by-sa/4.0,creativecommons.org,True
about/credits.html,https://commons.wikimedia.org/wiki/File:Sainte-victoire_landscape.jpg,commons.wikimedia.org,True
about/credits.html,https://creativecommons.org/licenses/by-sa/3.0,creativecommons.org,True
about/credits.html,https://commons.wikimedia.org/wiki/File:Street_in_Marseille_-_Panier.jpg,commons.wikimedia.org,True
about/credits.html,https://creativecommons.org/licenses/by-sa/3.0,creativecommons.org,True
about/credits.html,https://commons.wikimedia.org/wiki/File:Hafen_von_Marseille-Notre_Dame_de_la_Garde.jpg,commons.wikimedia.org,True
about/credits.html,http://creativecommons.org/licenses/by-sa/3.0/,creativecommons.org,True
about/credits.html,https://commons.wikimedia.org/wiki/File:Lyon_PlaceBellecour.JPG,commons.wikimedia.org,True
about/credits.html,http://creativecommons.org/publicdomain/zero/1.0/deed.en,creativecommons.org,True
about/credits.html,"https://commons.wikimedia.org/wiki/File:Parc_de_la_T%C3%AAte_d%27Or,_Lyon,_France_-_nature_%C3%A0_proximit%C3%A9_du_v%C3%A9lodrome.jpg",commons.wikimedia.org,True
about/credits.html,https://creativecommons.org/licenses/by-sa/3.0,creativecommons.org,True
about/credits.html,https://commons.wikimedia.org/wiki/File:Fontaine_de_la_Rotonde_-_Aix-en-Provence.JPG,commons.wikimedia.org,True
about/credits.html,https://creativecommons.org/licenses/by/2.0,creativecommons.org,True
about/credits.html,https://commons.wikimedia.org/wiki/File:Bonnieux_-_Eglise_Neuve.jpg,commons.wikimedia.org,True
about/credits.html,https://creativecommons.org/licenses/by-sa/3.0,creativecommons.org,True
about/credits.html,https://commons.wikimedia.org/wiki/File:Village_de_Goult_dans_le_Luberon.JPG,commons.wikimedia.org,True
about/credits.html,https://creativecommons.org/publicdomain/mark/1.0/,creativecommons.org,True
about/credits.html,https://commons.wikimedia.org/wiki/File:Menerbes_Plaine_du_Luberon.JPG,commons.wikimedia.org,True
about/credits.html,http://creativecommons.org/licenses/by-sa/3.0/,creativecommons.org,True
about/credits.html,https://commons.wikimedia.org/wiki/File:Opp%C3%A8de_le_Vieux_-_Vue_de_l%27aire_de_battage.jpg,commons.wikimedia.org,True
about/credits.html,https://creativecommons.org/licenses/by-sa/3.0,creativecommons.org,True
about/credits.html,https://commons.wikimedia.org/wiki/File:Vistes_des_de_la_muralla_de_Girona_09.jpg,commons.wikimedia.org,True
about/credits.html,https://creativecommons.org/licenses/by-sa/3.0,creativecommons.org,True
about/credits.html,https://commons.wikimedia.org/wiki/File:Torre_de_les_Hores.jpg,commons.wikimedia.org,True
about/credits.html,https://creativecommons.org/licenses/by/3.0,creativecommons.org,True
about/credits.html,https://commons.wikimedia.org/wiki/File:Castell_de_Peralada.JPG,commons.wikimedia.org,True
about/credits.html,https://creativecommons.org/licenses/by/3.0,creativecommons.org,True
about/credits.html,https://commons.wikimedia.org/wiki/File:Bastide_du_Jas_de_Bouffan_(30457411).jpg,commons.wikimedia.org,True
about/credits.html,https://creativecommons.org/licenses/by-sa/3.0,creativecommons.org,True
about/credits.html,https://commons.wikimedia.org/wiki/File:Place_Honor%C3%A9_Clair2.jpg,commons.wikimedia.org,True
about/credits.html,https://creativecommons.org/licenses/by-sa/3.0,creativecommons.org,True
about/credits.html,https://commons.wikimedia.org/wiki/File:Mus%C3%A9e_de_l%E2%80%99Orangerie_exterior.JPG,commons.wikimedia.org,True
about/credits.html,https://creativecommons.org/licenses/by-sa/4.0,creativecommons.org,True
about/credits.html,https://commons.wikimedia.org/wiki/File:Carri%C3%A8res_de_Lumi%C3%A8res_Les_Baux_de_Provence_2.JPG,commons.wikimedia.org,True
about/credits.html,https://creativecommons.org/licenses/by-sa/2.0,creativecommons.org,True
about/credits.html,https://commons.wikimedia.org/wiki/File:Barri_G%C3%B2tic_at_night.jpg,commons.wikimedia.org,True
about/credits.html,https://creativecommons.org/licenses/by-sa/2.5,creativecommons.org,True
about/credits.html,https://commons.wikimedia.org/wiki/File:Casa_Batll%C3%B3_09.JPG,commons.wikimedia.org,True
about/credits.html,https://creativecommons.org/licenses/by-sa/3.0,creativecommons.org,True
about/credits.html,"https://commons.wikimedia.org/wiki/File:Pont_Eiffel_and_river_Onyar_in_Girona,_Catalonia,_Spain.JPG",commons.wikimedia.org,True
about/credits.html,https://creativecommons.org/publicdomain/mark/1.0/,creativecommons.org,True
about/credits.html,https://commons.wikimedia.org/wiki/File:Nice-ruelle-vieux-quartiers.jpg,commons.wikimedia.org,True
about/credits.html,https://creativecommons.org/licenses/by-sa/3.0,creativecommons.org,True
about/credits.html,https://commons.wikimedia.org/wiki/File:Le_Suquet_01.jpg,commons.wikimedia.org,True
about/credits.html,https://creativecommons.org/publicdomain/mark/1.0/,creativecommons.org,True
about/credits.html,https://commons.wikimedia.org/wiki/File:Monaco-Ville-ruelle.jpg,commons.wikimedia.org,True
about/credits.html,https://creativecommons.org/licenses/by-sa/4.0,creativecommons.org,True
about/credits.html,https://commons.wikimedia.org/wiki/File:Lourmarin_dans_le_Luberon_(Vaucluse).jpg,commons.wikimedia.org,True
about/credits.html,https://creativecommons.org/licenses/by-sa/3.0,creativecommons.org,True
about/credits.html,"https://commons.wikimedia.org/wiki/File:Mus%C3%A9e_Marmottan_Monet,_Paris,_March_2013.JPG",commons.wikimedia.org,True
about/credits.html,https://creativecommons.org/licenses/by-sa/3.0,creativecommons.org,True
about/credits.html,https://commons.wikimedia.org/wiki/File:Carri%C3%A8res_de_Bib%C3%A9mus_-_1.JPG,commons.wikimedia.org,True
about/credits.html,https://creativecommons.org/licenses/by-sa/4.0,creativecommons.org,True
about/credits.html,https://commons.wikimedia.org/wiki/File:Aix-en-Provence_(13)_Place_d%27Albertas_949.jpg,commons.wikimedia.org,True
about/credits.html,https://creativecommons.org/licenses/by-sa/4.0,creativecommons.org,True
about/credits.html,https://commons.wikimedia.org/wiki/File:Estacio_Barcelona_Sants_-_1_-_2010-10-18_-_JTCurses.jpg,commons.wikimedia.org,True
about/credits.html,https://creativecommons.org/licenses/by-sa/3.0,creativecommons.org,True
about/credits.html,https://commons.wikimedia.org/wiki/File:Menton-C%C3%B4te_d%27Azur.jpg,commons.wikimedia.org,True
about/credits.html,https://creativecommons.org/licenses/by-sa/2.0,creativecommons.org,True
about/credits.html,https://commons.wikimedia.org/wiki/File:Terminal_2_Interior_Nice_C%C3%B4te_d%27Azur_airport.jpg,commons.wikimedia.org,True
about/credits.html,https://creativecommons.org/licenses/by-sa/4.0,creativecommons.org,True
about/credits.html,https://commons.wikimedia.org/wiki/File:Nice_train_Station.JPG,commons.wikimedia.org,True
about/credits.html,https://creativecommons.org/licenses/by-sa/4.0,creativecommons.org,True
about/credits.html,https://commons.wikimedia.org/wiki/File:Villa_ephrussi_de_rothschild.jpg,commons.wikimedia.org,True
about/credits.html,https://creativecommons.org/licenses/by-sa/3.0,creativecommons.org,True
about/credits.html,https://commons.wikimedia.org/wiki/File:Cour_Louis_XIV_au_Mus%C3%A9e_Carnavalet_%C3%A0_Paris_le_30_septembre_2016_-_17.jpg,commons.wikimedia.org,True
about/credits.html,http://creativecommons.org/publicdomain/zero/1.0/deed.en,creativecommons.org,True
about/credits.html,https://commons.wikimedia.org/wiki/File:Entr%C3%A9e_mus%C3%A9e_d%27art_moderne_de_Paris_en_2025.jpg,commons.wikimedia.org,True
about/credits.html,https://creativecommons.org/licenses/by-sa/4.0,creativecommons.org,True
about/credits.html,https://commons.wikimedia.org/wiki/File:Mus%C3%A9e_Luxembourg_-_Paris_VI_(FR75)_-_2025-09-28_-_1.jpg,commons.wikimedia.org,True
about/credits.html,http://creativecommons.org/publicdomain/zero/1.0/deed.en,creativecommons.org,True
about/credits.html,https://commons.wikimedia.org/wiki/File:Mus%C3%A9e_Guimet_%C3%A0_Paris_(janvier_2020).jpg,commons.wikimedia.org,True
about/credits.html,https://creativecommons.org/licenses/by-sa/4.0,creativecommons.org,True
about/credits.html,https://commons.wikimedia.org/wiki/File:Mus%C3%A9e_Gustave_Moreau_exterieur.jpg,commons.wikimedia.org,True
about/credits.html,https://creativecommons.org/licenses/by-sa/4.0,creativecommons.org,True
about/credits.html,"https://commons.wikimedia.org/wiki/File:Mus%C3%A9e_Jacquemart-Andr%C3%A9,_Paris_8e_3-1.jpg",commons.wikimedia.org,True
about/credits.html,https://creativecommons.org/licenses/by-sa/4.0,creativecommons.org,True
about/credits.html,https://commons.wikimedia.org/wiki/File:H%C3%B4tel_Sal%C3%A9_-_Paris_III_(FR75)_-_2024-05-22_-_3.jpg,commons.wikimedia.org,True
about/credits.html,https://creativecommons.org/licenses/by/2.0,creativecommons.org,True
about/credits.html,"https://commons.wikimedia.org/wiki/File:L%27h%C3%B4tel_Biron_(mus%C3%A9e_Rodin)_%C3%A0_Paris,_13_juin_2021_01.jpg",commons.wikimedia.org,True
about/credits.html,https://creativecommons.org/licenses/by-sa/4.0,creativecommons.org,True
about/credits.html,https://commons.wikimedia.org/wiki/File:Petit-Palais-Paris-02-2018.jpg,commons.wikimedia.org,True
about/credits.html,https://creativecommons.org/licenses/by/2.0,creativecommons.org,True
about/credits.html,"https://commons.wikimedia.org/wiki/File:Girona&#x27;s_fresh_food_market,_the_Mercat_del_Lleó_(53700437309).jpg",commons.wikimedia.org,True
about/credits.html,https://creativecommons.org/publicdomain/zero/1.0/,creativecommons.org,True
about/credits.html,https://commons.wikimedia.org/wiki/File:Lyon_3e_-_Rue_de_Créqui_-_Restaurant_Daniel_&amp;_Denise_-_En_configuration_Covid-19.jpg,commons.wikimedia.org,True
about/credits.html,https://creativecommons.org/licenses/by-sa/4.0,creativecommons.org,True
about/credits.html,https://commons.wikimedia.org/wiki/File:Bouillon_Chartier_Montparnasse.jpg,commons.wikimedia.org,True
about/credits.html,https://creativecommons.org/licenses/by-sa/2.0,creativecommons.org,True
about/credits.html,"https://commons.wikimedia.org/wiki/File:Le_Café_du_Commerce,_Paris_24_September_2016_001.jpg",commons.wikimedia.org,True
about/credits.html,https://creativecommons.org/licenses/by-sa/2.0,creativecommons.org,True
about/credits.html,"https://commons.wikimedia.org/wiki/File:Marché_rue_de_la_Convention_1,_Paris_May_2011.jpg",commons.wikimedia.org,True
about/credits.html,https://creativecommons.org/licenses/by-sa/4.0,creativecommons.org,True
about/credits.html,https://commons.wikimedia.org/wiki/File:Comedor_gran1.jpg,commons.wikimedia.org,True
about/credits.html,https://www.google.com/help/terms_maps/,www.google.com,True
about/credits.html,"https://www.google.com/maps/place/Bar+Ca%C3%B1ete/@41.3791528,2.173125,17z/data=!3m1!4b1!4m6!3m5!1s0x12a4a258412bcb19:0x1c77b2f8f4cdfb63!8m2!3d41.3791528!4d2.173125!16s%2Fg%2F1tf89fdb?hl=en&amp;entry=ttu&amp;g_ep=EgoyMDI2MDgxOS4wIKXMDSoASAFQAw%3D%3D",www.google.com,True
about/credits.html,https://www.google.com/help/terms_maps/,www.google.com,True
about/credits.html,"https://www.google.com/maps/place/Restaurant+LaZorra/@41.2338454,1.8036675,17z/data=!3m1!4b1!4m6!3m5!1s0x12a3804e4a3a4533:0x19c1f170c20a8781!8m2!3d41.2338454!4d1.8036675!16s%2Fg%2F11c52p0v80?hl=en&amp;entry=ttu&amp;g_ep=EgoyMDI2MDgxOS4wIKXMDSoASAFQAw%3D%3D",www.google.com,True
about/credits.html,https://www.google.com/help/terms_maps/,www.google.com,True
about/credits.html,"https://www.google.com/maps/place/Le+Figuier+de+Saint-Esprit/@43.58175,7.1287525,17z/data=!3m1!4b1!4m6!3m5!1s0x12cdd57113baf7d1:0x98a423300ed7c116!8m2!3d43.58175!4d7.1287525!16s%2Fg%2F1wnzbxh_?hl=en&amp;entry=ttu&amp;g_ep=EgoyMDI2MDgxOS4wIKXMDSoASAFQAw%3D%3D",www.google.com,True
about/credits.html,https://www.google.com/help/terms_maps/,www.google.com,True
about/credits.html,"https://www.google.com/maps/place/Salon+de+th%C3%A9+-+restaurant/@43.6966062,7.3284499,17z/data=!3m1!4b1!4m6!3m5!1s0x12cddb38f0cd9ed7:0x36b503ea1b718b6a!8m2!3d43.6966062!4d7.3284499!16s%2Fg%2F11fy1j_pyy?hl=en&amp;entry=ttu&amp;g_ep=EgoyMDI2MDgxOS4wIKXMDSoASAFQAw%3D%3D",www.google.com,True
about/credits.html,https://www.google.com/help/terms_maps/,www.google.com,True
about/credits.html,"https://www.google.com/maps/place/Chez+Gilbert/@43.2148438,5.537375,17z/data=!3m1!4b1!4m6!3m5!1s0x12c9ba94cc515ca5:0x7928b7fbc6d86882!8m2!3d43.2148438!4d5.537375!16s%2Fg%2F1tnmc45g?hl=en&amp;entry=ttu&amp;g_ep=EgoyMDI2MDgxOS4wIKXMDSoASAFQAw%3D%3D",www.google.com,True
about/credits.html,https://www.google.com/help/terms_maps/,www.google.com,True
about/credits.html,"https://www.google.com/maps/place/Maison+Weibel/@43.5292791,5.4484966,17z/data=!3m1!4b1!4m6!3m5!1s0x12c98dbd0388a2d3:0x694cc6018ff1a1b0!8m2!3d43.5292791!4d5.4484966!16s%2Fg%2F1vk482k6?hl=en&amp;entry=ttu&amp;g_ep=EgoyMDI2MDgxOS4wIKXMDSoASAFQAw%3D%3D",www.google.com,True
about/credits.html,https://www.google.com/help/terms_maps/,www.google.com,True
about/credits.html,"https://www.google.com/maps/place/Restaurant+Fou+de+Fafa/@43.9458963,4.8077497,17z/data=!3m1!4b1!4m6!3m5!1s0x12b5eb88f732d877:0xca6d824c5489f873!8m2!3d43.9458963!4d4.8077497!16s%2Fg%2F1tfh6qn4?hl=en&amp;entry=ttu&amp;g_ep=EgoyMDI2MDgxOS4wIKXMDSoASAFQAw%3D%3D",www.google.com,True
about/credits.html,https://www.google.com/help/terms_maps/,www.google.com,True
about/credits.html,"https://www.google.com/maps/place/Le+Gibolin/@43.6769539,4.6241448,17z/data=!3m1!4b1!4m6!3m5!1s0x12b6764020e38c69:0x5f9751a56324d547!8m2!3d43.6769539!4d4.6241448!16s%2Fg%2F1tcthznr?hl=en&amp;entry=ttu&amp;g_ep=EgoyMDI2MDgxOS4wIKXMDSoASAFQAw%3D%3D",www.google.com,True
about/credits.html,https://www.google.com/help/terms_maps/,www.google.com,True
about/credits.html,"https://www.google.com/maps/place/Les+Cocottes+Saint+Louis/@43.9438175,4.8049565,17z/data=!3m1!4b1!4m6!3m5!1s0x12b5ebcf70ef232d:0x9ff60928baa517e9!8m2!3d43.9438175!4d4.8049565!16s%2Fg%2F11c1qs8rd7?hl=en&amp;entry=ttu&amp;g_ep=EgoyMDI2MDgxOS4wIKXMDSoASAFQAw%3D%3D",www.google.com,True
about/credits.html,https://www.google.com/help/terms_maps/,www.google.com,True
about/credits.html,"https://www.google.com/maps/place/Caf%C3%A9+Comptoir+Abel/@45.7540443,4.8258415,17z/data=!3m1!4b1!4m6!3m5!1s0x47f4ebb28fbd2eb1:0x1bcc92f5bcb4fa5b!8m2!3d45.7540443!4d4.8258415!16s%2Fg%2F1tf156qz?hl=en&amp;entry=ttu&amp;g_ep=EgoyMDI2MDgxOS4wIKXMDSoASAFQAw%3D%3D",www.google.com,True
about/credits.html,https://www.google.com/help/terms_maps/,www.google.com,True
about/credits.html,"https://www.google.com/maps/place/Chez+Mamie+Lise/@45.8991226,6.1272541,17z/data=!3m1!4b1!4m6!3m5!1s0x478b8ffbb662d6d9:0xf646117aa82bf542!8m2!3d45.8991226!4d6.1272541!16s%2Fg%2F1tksm7ny?hl=en&amp;entry=ttu&amp;g_ep=EgoyMDI2MDgxOS4wIKXMDSoASAFQAw%3D%3D",www.google.com,True
about/credits.html,https://www.google.com/help/terms_maps/,www.google.com,True
about/credits.html,"https://www.google.com/maps/place/La+Maison+Pichard/@48.8422834,2.3027672,17z/data=!3m1!4b1!4m6!3m5!1s0x47e6703c1ec7236d:0xd973b0d4ffa25fa4!8m2!3d48.8422834!4d2.3027672!16s%2Fg%2F1tfcsjrc?hl=en&amp;entry=ttu&amp;g_ep=EgoyMDI2MDgxOS4wIKXMDSoASAFQAw%3D%3D",www.google.com,True
about/credits.html,https://www.google.com/help/terms_maps/,www.google.com,True
about/credits.html,"https://www.google.com/maps/place/Le+Grand+Pan/@48.8330814,2.3057029,17z/data=!3m1!4b1!4m6!3m5!1s0x47e670468b32e705:0xfef30b10e3f3dbfe!8m2!3d48.8330814!4d2.3057029!16s%2Fg%2F1vxcvqxn?hl=en&amp;entry=ttu&amp;g_ep=EgoyMDI2MDgxOS4wIKXMDSoASAFQAw%3D%3D",www.google.com,True
about/credits.html,https://www.google.com/help/terms_maps/,www.google.com,True
about/credits.html,"https://www.google.com/maps/place/Bodega+Joan/@41.391701,2.155481,17z/data=!3m1!4b1!4m6!3m5!1s0x12a4a290102a89e5:0x9427746fb704d8ca!8m2!3d41.391701!4d2.155481!16s%2Fg%2F1tgv8w1l?hl=en&amp;entry=ttu&amp;g_ep=EgoyMDI2MDgxOS4wIKXMDSoASAFQAw%3D%3D",www.google.com,True
about/credits.html,https://www.google.com/help/terms_maps/,www.google.com,True
about/credits.html,"https://www.google.com/maps/place/Puertecillo+Sagrada+Familia/@41.404494,2.1734418,17z/data=!3m1!4b1!4m6!3m5!1s0x12a4a2c33f9d6983:0x20e3e0cbae1446fe!8m2!3d41.404494!4d2.1734418!16s%2Fg%2F1hc2v7pw4?hl=en&amp;entry=ttu&amp;g_ep=EgoyMDI2MDgxOS4wIKXMDSoASAFQAw%3D%3D",www.google.com,True
about/credits.html,https://creativecommons.org/licenses/by-sa/4.0/,creativecommons.org,True
about/credits.html,"https://commons.wikimedia.org/wiki/File:Lacoste,_Vaucluse_in_March.jpg",commons.wikimedia.org,True
about/credits.html,https://creativecommons.org/licenses/by-sa/4.0/,creativecommons.org,True
about/credits.html,https://commons.wikimedia.org/wiki/File:Fontaine-de-Vaucluse_(09).jpg,commons.wikimedia.org,True
about/credits.html,https://creativecommons.org/licenses/by-sa/4.0/,creativecommons.org,True
about/credits.html,https://commons.wikimedia.org/wiki/File:Theatre_antique_d&#x27;orange.jpg,commons.wikimedia.org,True
about/credits.html,https://www.google.com/help/terms_maps/,www.google.com,True
about/credits.html,"https://www.google.com/maps/place/Au+Petit+Riche/@48.8731822,2.3384874,17z/data=!3m1!4b1!4m6!3m5!1s0x47e66e3916fa2f89:0xa74d15a1a2b53095!8m2!3d48.8731822!4d2.3384874!16s%2Fg%2F1td5k_jy?hl=en&amp;entry=ttu&amp;g_ep=EgoyMDI2MDgyMy4wIKXMDSoASAFQAw%3D%3D",www.google.com,True
about/credits.html,https://www.google.com/help/terms_maps/,www.google.com,True
about/credits.html,"https://www.google.com/maps/place/Caf%C3%A9+Varenne/@48.8541711,2.3236772,17z/data=!3m1!4b1!4m6!3m5!1s0x47e671d4e2db06e7:0x56ceabc466115d3a!8m2!3d48.8541711!4d2.3236772!16s%2Fg%2F1tjysy4b?hl=en&amp;entry=ttu&amp;g_ep=EgoyMDI2MDgyMy4wIKXMDSoASAFQAw%3D%3D",www.google.com,True
about/credits.html,https://www.google.com/help/terms_maps/,www.google.com,True
about/credits.html,"https://www.google.com/maps/place/Chez+Savy/@48.867046,2.307571,17z/data=!3m1!4b1!4m6!3m5!1s0x47e66fdb34cac27f:0xe4babbd0af5e1b75!8m2!3d48.867046!4d2.307571!16s%2Fg%2F1pxy5xz6k?hl=en&amp;entry=ttu&amp;g_ep=EgoyMDI2MDgyMy4wIKXMDSoASAFQAw%3D%3D",www.google.com,True
about/credits.html,https://www.google.com/help/terms_maps/,www.google.com,True
about/credits.html,"https://www.google.com/maps/place/La+Flottille/@48.8091371,2.1083631,17z/data=!3m1!4b1!4m6!3m5!1s0x47e67d905f564b1d:0xeb470d1c9260ed14!8m2!3d48.8091371!4d2.1083631!16s%2Fg%2F1tkb4f84?hl=en&amp;entry=ttu&amp;g_ep=EgoyMDI2MDgyMy4wIKXMDSoASAFQAw%3D%3D",www.google.com,True
about/credits.html,https://www.google.com/help/terms_maps/,www.google.com,True
about/credits.html,"https://www.google.com/maps/place/Aux+Crus+de+Bourgogne/@48.8658261,2.3465718,17z/data=!3m1!4b1!4m6!3m5!1s0x47e66e1818ced2b5:0x33ca79ee7681fac0!8m2!3d48.8658261!4d2.3465718!16s%2Fg%2F1td_9_6j?hl=en&amp;entry=ttu&amp;g_ep=EgoyMDI2MDgyMy4wIKXMDSoASAFQAw%3D%3D",www.google.com,True
about/credits.html,https://www.google.com/help/terms_maps/,www.google.com,True
about/credits.html,"https://www.google.com/maps/place/Les+Marches/@48.8638964,2.2959123,17z/data=!3m1!4b1!4m6!3m5!1s0x47e66fe6ed4a6781:0x47f879cbd3b8b257!8m2!3d48.8638964!4d2.2959123!16s%2Fg%2F1tdq59sm?hl=en&amp;entry=ttu&amp;g_ep=EgoyMDI2MDgyMy4wIKXMDSoASAFQAw%3D%3D",www.google.com,True
about/credits.html,https://www.google.com/help/terms_maps/,www.google.com,True
about/credits.html,"https://www.google.com/maps/place/St%C3%A9phane+Martin/@48.8450315,2.2898198,17z/data=!3m1!4b1!4m6!3m5!1s0x47e6701053e5dcd5:0x7485e3e7e11468b2!8m2!3d48.8450315!4d2.2898198!16s%2Fg%2F1tj49srx?hl=en&amp;entry=ttu&amp;g_ep=EgoyMDI2MDgyMy4wIKXMDSoASAFQAw%3D%3D",www.google.com,True
about/credits.html,https://www.google.com/help/terms_maps/,www.google.com,True
about/credits.html,"https://www.google.com/maps/place/Le+Volant+Basque/@48.8499212,2.2913047,17z/data=!3m1!4b1!4m6!3m5!1s0x47e6701bb4c02145:0xadf163321f8e9b5d!8m2!3d48.8499212!4d2.2913047!16s%2Fg%2F1tmgbrfk?hl=en&amp;entry=ttu&amp;g_ep=EgoyMDI2MDgyMy4wIKXMDSoASAFQAw%3D%3D",www.google.com,True
about/credits.html,https://www.google.com/help/terms_maps/,www.google.com,True
about/credits.html,"https://www.google.com/maps/place/Guylas+%7C+Cuisine+traditionnelle+persane+iranienne/@48.8449827,2.2892853,17z/data=!3m1!4b1!4m6!3m5!1s0x47e671a81c93cebd:0xc4ffd3c73c221056!8m2!3d48.8449827!4d2.2892853!16s%2Fg%2F11fkvz5p_w?hl=en&amp;entry=ttu&amp;g_ep=EgoyMDI2MDgyMy4wIKXMDSoASAFQAw%3D%3D",www.google.com,True
about/credits.html,https://www.google.com/help/terms_maps/,www.google.com,True
about/credits.html,"https://www.google.com/maps/place/Sawadee/@48.8465306,2.2836849,17z/data=!3m1!4b1!4m6!3m5!1s0x47e6700f422ed339:0x763cda18d5e5f454!8m2!3d48.8465306!4d2.2836849!16s%2Fg%2F1td1j97m?hl=en&amp;entry=ttu&amp;g_ep=EgoyMDI2MDgyMy4wIKXMDSoASAFQAw%3D%3D",www.google.com,True
about/credits.html,https://www.google.com/help/terms_maps/,www.google.com,True
about/credits.html,"https://www.google.com/maps/place/Breizh+Caf%C3%A9+Charles+Michels+%7C+La+Cr%C3%AApe+Autrement/@48.8471595,2.2856151,17z/data=!3m1!4b1!4m6!3m5!1s0x47e67107e183bdb3:0xeec53b4db6fe1bc7!8m2!3d48.8471595!4d2.2856151!16s%2Fg%2F11v0xsk788?hl=en&amp;entry=ttu&amp;g_ep=EgoyMDI2MDgyMy4wIKXMDSoASAFQAw%3D%3D",www.google.com,True
about/credits.html,https://www.google.com/help/terms_maps/,www.google.com,True
about/credits.html,"https://www.google.com/maps/place/Le+Relais+du+15%C3%A8me/@48.8465043,2.2867523,17z/data=!3m1!4b1!4m6!3m5!1s0x47e6700fedb488bd:0x8483fa303a80848e!8m2!3d48.8465043!4d2.2867523!16s%2Fg%2F1thhjtvt?hl=en&amp;entry=ttu&amp;g_ep=EgoyMDI2MDgyMy4wIKXMDSoASAFQAw%3D%3D",www.google.com,True
about/credits.html,https://www.google.com/help/terms_maps/,www.google.com,True
about/credits.html,"https://www.google.com/maps/place/Chez+Janou/@48.8567159,2.3671983,17z/data=!3m1!4b1!4m6!3m5!1s0x47e66e0006e57569:0x2861bd49d190e4cd!8m2!3d48.8567159!4d2.3671983!16s%2Fg%2F1vlz9nw3?hl=en&amp;entry=ttu&amp;g_ep=EgoyMDI2MDgyMy4wIKXMDSoASAFQAw%3D%3D",www.google.com,True
about/credits.html,https://www.google.com/help/terms_maps/,www.google.com,True
about/credits.html,"https://www.google.com/maps/place/Le+Progr%C3%A8s/@48.8839314,2.3413837,17z/data=!3m1!4b1!4m6!3m5!1s0x47e66e43822594e5:0xa6ed2a77cdd540e6!8m2!3d48.8839314!4d2.3413837!16s%2Fg%2F1td64m8w?hl=en&amp;entry=ttu&amp;g_ep=EgoyMDI2MDgyMy4wIKXMDSoASAFQAw%3D%3D",www.google.com,True
about/credits.html,https://www.google.com/help/terms_maps/,www.google.com,True
about/credits.html,"https://www.google.com/maps/place/Bouillon+Racine/@48.850176,2.342022,17z/data=!3m1!4b1!4m6!3m5!1s0x47e6712adf3efaa1:0x8464164a9b530ea!8m2!3d48.850176!4d2.342022!16s%2Fg%2F11pdxny4fb?hl=en&amp;entry=ttu&amp;g_ep=EgoyMDI2MDgyMy4wIKXMDSoASAFQAw%3D%3D",www.google.com,True
daily/day-01.html,"https://www.google.com/maps/search/?api=1&amp;query=41.296944,2.079047",www.google.com,True
daily/day-01.html,"https://www.google.com/maps/search/?api=1&amp;query=41.296944,2.079047",www.google.com,True
daily/day-01.html,"https://www.google.com/maps/search/?api=1&amp;query=41.296944,2.079047",www.google.com,True
daily/day-01.html,"https://www.google.com/maps/search/?api=1&amp;query=41.296944,2.079047",www.google.com,True
daily/day-01.html,https://www.google.com/maps/search/?api=1&amp;query=Occidental%20Barcelona%201929%2C%20Carrer%20de%20la%20Creu%20Coberta%2020-22%2C%20Barcelona,www.google.com,True
daily/day-01.html,https://www.google.com/maps/search/?api=1&amp;query=Occidental%20Barcelona%201929%2C%20Carrer%20de%20la%20Creu%20Coberta%2020-22%2C%20Barcelona,www.google.com,True
daily/day-01.html,https://www.google.com/maps/search/?api=1&amp;query=Occidental%20Barcelona%201929%2C%20Carrer%20de%20la%20Creu%20Coberta%2020-22%2C%20Barcelona,www.google.com,True
daily/day-01.html,https://www.google.com/maps/search/?api=1&amp;query=Occidental%20Barcelona%201929%2C%20Carrer%20de%20la%20Creu%20Coberta%2020-22%2C%20Barcelona,www.google.com,True
daily/day-02.html,https://www.google.com/maps/search/?api=1&amp;query=Recinte%20Modernista%20de%20Sant%20Pau%2C%20Barcelona,www.google.com,True
daily/day-02.html,https://santpaubarcelona.org/en/prepara-la-teva-visita/,santpaubarcelona.org,True
daily/day-02.html,https://www.google.com/maps/search/?api=1&amp;query=Recinte%20Modernista%20de%20Sant%20Pau%2C%20Barcelona,www.google.com,True
daily/day-02.html,https://www.google.com/maps/search/?api=1&amp;query=Recinte%20Modernista%20de%20Sant%20Pau%2C%20Barcelona,www.google.com,True
daily/day-02.html,https://santpaubarcelona.org/en/prepara-la-teva-visita/,santpaubarcelona.org,True
daily/day-02.html,https://www.google.com/maps/search/?api=1&amp;query=Avinguda%20de%20Gaud%C3%AD%2C%20Barcelona,www.google.com,True
daily/day-02.html,https://www.google.com/maps/search/?api=1&amp;query=Avinguda%20de%20Gaud%C3%AD%2C%20Barcelona,www.google.com,True
daily/day-02.html,https://www.google.com/maps/search/?api=1&amp;query=Puertecillo%20Sagrada%20Familia%2C%20Passatge%20de%20Sim%C3%B3%2018%2C%20Barcelona,www.google.com,True
daily/day-02.html,https://www.google.com/maps/search/?api=1&amp;query=Puertecillo%20Sagrada%20Familia%2C%20Passatge%20de%20Sim%C3%B3%2018%2C%20Barcelona,www.google.com,True
daily/day-02.html,https://puertecillo.es/puertecillo-sagrada-familia/,puertecillo.es,True
daily/day-02.html,https://www.google.com/maps/search/?api=1&amp;query=Bas%C3%ADlica%20de%20la%20Sagrada%20Fam%C3%ADlia%2C%20Barcelona,www.google.com,True
daily/day-02.html,https://www.google.com/maps/search/?api=1&amp;query=Bas%C3%ADlica%20de%20la%20Sagrada%20Fam%C3%ADlia%2C%20Barcelona,www.google.com,True
daily/day-02.html,https://sagradafamilia.org/en/schedules-how-to-get,sagradafamilia.org,True
daily/day-02.html,https://www.google.com/maps/search/?api=1&amp;query=Vila%20de%20Gr%C3%A0cia%2C%20Barcelona,www.google.com,True
daily/day-02.html,https://www.google.com/maps/search/?api=1&amp;query=Vila%20de%20Gr%C3%A0cia%2C%20Barcelona,www.google.com,True
daily/day-02.html,https://www.google.com/maps/search/?api=1&amp;query=Bodega%20Joan%2C%20Carrer%20del%20Rossell%C3%B3%20164%2C%20Barcelona,www.google.com,True
daily/day-02.html,https://www.google.com/maps/search/?api=1&amp;query=Bodega%20Joan%2C%20Carrer%20del%20Rossell%C3%B3%20164%2C%20Barcelona,www.google.com,True
daily/day-02.html,https://bodegajoan.com/,bodegajoan.com,True
daily/day-02.html,https://www.google.com/maps/search/?api=1&amp;query=Occidental%20Barcelona%201929%2C%20Carrer%20de%20la%20Creu%20Coberta%2020-22%2C%20Barcelona,www.google.com,True
daily/day-02.html,https://www.google.com/maps/search/?api=1&amp;query=Occidental%20Barcelona%201929%2C%20Carrer%20de%20la%20Creu%20Coberta%2020-22%2C%20Barcelona,www.google.com,True
daily/day-02.html,https://www.google.com/maps/search/?api=1&amp;query=Recinte%20Modernista%20de%20Sant%20Pau%2C%20Barcelona,www.google.com,True
daily/day-02.html,https://www.google.com/maps/search/?api=1&amp;query=Avinguda%20de%20Gaud%C3%AD%2C%20Barcelona,www.google.com,True
daily/day-02.html,https://www.google.com/maps/search/?api=1&amp;query=Puertecillo%20Sagrada%20Familia%2C%20Passatge%20de%20Sim%C3%B3%2018%2C%20Barcelona,www.google.com,True
daily/day-02.html,https://www.google.com/maps/search/?api=1&amp;query=Bas%C3%ADlica%20de%20la%20Sagrada%20Fam%C3%ADlia%2C%20Barcelona,www.google.com,True
daily/day-02.html,https://www.google.com/maps/search/?api=1&amp;query=Vila%20de%20Gr%C3%A0cia%2C%20Barcelona,www.google.com,True
daily/day-02.html,https://www.google.com/maps/search/?api=1&amp;query=Bodega%20Joan%2C%20Carrer%20del%20Rossell%C3%B3%20164%2C%20Barcelona,www.google.com,True
daily/day-03.html,https://www.google.com/maps/search/?api=1&amp;query=Mercat%20de%20la%20Concepci%C3%B3%2C%20Carrer%20d%27Arag%C3%B3%20313%2C%20Barcelona,www.google.com,True
daily/day-03.html,https://www.laconcepcio.cat/,www.laconcepcio.cat,True
daily/day-03.html,https://www.google.com/maps/search/?api=1&amp;query=Mercat%20de%20la%20Concepci%C3%B3%2C%20Carrer%20d%27Arag%C3%B3%20313%2C%20Barcelona,www.google.com,True
daily/day-03.html,https://www.google.com/maps/search/?api=1&amp;query=Mercat%20de%20la%20Concepci%C3%B3%2C%20Carrer%20d%27Arag%C3%B3%20313%2C%20Barcelona,www.google.com,True
daily/day-03.html,https://www.laconcepcio.cat/,www.laconcepcio.cat,True
daily/day-03.html,https://www.google.com/maps/search/?api=1&amp;query=Barri%20G%C3%B2tic%2C%20Barcelona,www.google.com,True
daily/day-03.html,https://www.google.com/maps/search/?api=1&amp;query=Barri%20G%C3%B2tic%2C%20Barcelona,www.google.com,True
daily/day-03.html,https://www.google.com/maps/search/?api=1&amp;query=Biblioteca%20de%20Catalunya%2C%20Carrer%20de%20l%27Hospital%2056%2C%20Barcelona,www.google.com,True
daily/day-03.html,https://www.google.com/maps/search/?api=1&amp;query=Biblioteca%20de%20Catalunya%2C%20Carrer%20de%20l%27Hospital%2056%2C%20Barcelona,www.google.com,True
daily/day-03.html,https://www.google.com/maps/search/?api=1&amp;query=Bar%20Ca%C3%B1ete%2C%20Carrer%20de%20la%20Uni%C3%B3%2017%2C%20Barcelona,www.google.com,True
daily/day-03.html,https://www.google.com/maps/search/?api=1&amp;query=Bar%20Ca%C3%B1ete%2C%20Carrer%20de%20la%20Uni%C3%B3%2017%2C%20Barcelona,www.google.com,True
daily/day-03.html,https://barcanete.com/,barcanete.com,True
daily/day-03.html,https://www.google.com/maps/search/?api=1&amp;query=Museu%20d%27Art%20Contemporani%20de%20Barcelona%2C%20Pla%C3%A7a%20dels%20%C3%80ngels%201,www.google.com,True
daily/day-03.html,https://www.google.com/maps/search/?api=1&amp;query=Museu%20d%27Art%20Contemporani%20de%20Barcelona%2C%20Pla%C3%A7a%20dels%20%C3%80ngels%201,www.google.com,True
daily/day-03.html,https://www.google.com/maps/search/?api=1&amp;query=Llibreria%20Finestres%2C%20Carrer%20de%20la%20Diputaci%C3%B3%20249%2C%20Barcelona,www.google.com,True
daily/day-03.html,https://www.google.com/maps/search/?api=1&amp;query=Llibreria%20Finestres%2C%20Carrer%20de%20la%20Diputaci%C3%B3%20249%2C%20Barcelona,www.google.com,True
daily/day-03.html,https://www.google.com/maps/search/?api=1&amp;query=Occidental%20Barcelona%201929%2C%20Carrer%20de%20la%20Creu%20Coberta%2020-22%2C%20Barcelona,www.google.com,True
daily/day-03.html,https://www.google.com/maps/search/?api=1&amp;query=Occidental%20Barcelona%201929%2C%20Carrer%20de%20la%20Creu%20Coberta%2020-22%2C%20Barcelona,www.google.com,True
daily/day-03.html,https://www.google.com/maps/search/?api=1&amp;query=Mercat%20de%20la%20Concepci%C3%B3%2C%20Carrer%20d%27Arag%C3%B3%20313%2C%20Barcelona,www.google.com,True
daily/day-03.html,https://www.google.com/maps/search/?api=1&amp;query=Barri%20G%C3%B2tic%2C%20Barcelona,www.google.com,True
daily/day-03.html,https://www.google.com/maps/search/?api=1&amp;query=Biblioteca%20de%20Catalunya%2C%20Carrer%20de%20l%27Hospital%2056%2C%20Barcelona,www.google.com,True
daily/day-03.html,https://www.google.com/maps/search/?api=1&amp;query=Bar%20Ca%C3%B1ete%2C%20Carrer%20de%20la%20Uni%C3%B3%2017%2C%20Barcelona,www.google.com,True
daily/day-03.html,https://www.google.com/maps/search/?api=1&amp;query=Museu%20d%27Art%20Contemporani%20de%20Barcelona%2C%20Pla%C3%A7a%20dels%20%C3%80ngels%201,www.google.com,True
daily/day-03.html,https://www.google.com/maps/search/?api=1&amp;query=Llibreria%20Finestres%2C%20Carrer%20de%20la%20Diputaci%C3%B3%20249%2C%20Barcelona,www.google.com,True
daily/day-04.html,https://www.google.com/maps/search/?api=1&amp;query=Hertz%2C%20C/%20Viriat%2045%2C%20Barcelona,www.google.com,True
daily/day-04.html,https://www.google.com/maps/search/?api=1&amp;query=Casa%20Bascara%2C%20B%C3%A0scara,www.google.com,True
daily/day-04.html,https://www.google.com/maps/search/?api=1&amp;query=Casa%20Bascara%2C%20B%C3%A0scara,www.google.com,True
daily/day-04.html,https://www.google.com/maps/search/?api=1&amp;query=Hertz%2C%20C/%20Viriat%2045%2C%20Barcelona,www.google.com,True
daily/day-04.html,https://www.google.com/maps/search/?api=1&amp;query=Hertz%2C%20C/%20Viriat%2045%2C%20Barcelona,www.google.com,True
daily/day-04.html,https://www.google.com/maps/search/?api=1&amp;query=Hertz%2C%20C/%20Viriat%2045%2C%20Barcelona,www.google.com,True
daily/day-04.html,https://www.google.com/maps/search/?api=1&amp;query=Aparcament%20Can%20Robert%2C%20Passeig%20de%20Vilafranca%2C%2008870%20Sitges,www.google.com,True
daily/day-04.html,https://www.google.com/maps/search/?api=1&amp;query=Aparcament%20Can%20Robert%2C%20Passeig%20de%20Vilafranca%2C%2008870%20Sitges,www.google.com,True
daily/day-04.html,https://www.google.com/maps/search/?api=1&amp;query=Museu%20del%20Cau%20Ferrat%2C%20Sitges,www.google.com,True
daily/day-04.html,https://www.google.com/maps/search/?api=1&amp;query=Museu%20del%20Cau%20Ferrat%2C%20Sitges,www.google.com,True
daily/day-04.html,https://museusdesitges.cat/en/schedule,museusdesitges.cat,True
daily/day-04.html,https://www.google.com/maps/search/?api=1&amp;query=La%20Zorra%2C%20Passeig%20Mar%C3%ADtim%201-3%2C%20Sitges,www.google.com,True
daily/day-04.html,https://www.google.com/maps/search/?api=1&amp;query=La%20Zorra%2C%20Passeig%20Mar%C3%ADtim%201-3%2C%20Sitges,www.google.com,True
daily/day-04.html,https://restaurantelazorra.com/,restaurantelazorra.com,True
daily/day-04.html,https://www.google.com/maps/search/?api=1&amp;query=La%20Zorra%2C%20Passeig%20Mar%C3%ADtim%201-3%2C%20Sitges,www.google.com,True
daily/day-04.html,https://www.google.com/maps/search/?api=1&amp;query=Casa%20Bascara%2C%20B%C3%A0scara,www.google.com,True
daily/day-04.html,https://www.google.com/maps/search/?api=1&amp;query=Casa%20Bascara%2C%20B%C3%A0scara,www.google.com,True
daily/day-04.html,https://www.google.com/maps/search/?api=1&amp;query=Hertz%2C%20C/%20Viriat%2045%2C%20Barcelona,www.google.com,True
daily/day-04.html,https://www.google.com/maps/search/?api=1&amp;query=Aparcament%20Can%20Robert%2C%20Passeig%20de%20Vilafranca%2C%2008870%20Sitges,www.google.com,True
daily/day-04.html,https://www.google.com/maps/search/?api=1&amp;query=Museu%20del%20Cau%20Ferrat%2C%20Sitges,www.google.com,True
daily/day-04.html,https://www.google.com/maps/search/?api=1&amp;query=La%20Zorra%2C%20Passeig%20Mar%C3%ADtim%201-3%2C%20Sitges,www.google.com,True
daily/day-05.html,https://www.google.com/maps/search/?api=1&amp;query=Parking%20du%20Ch%C3%A2teau%20d%27eau%2C%20Collioure,www.google.com,True
daily/day-05.html,https://www.tourisme-collioure.com/agenda-collioure/les-marches-collioure/,www.tourisme-collioure.com,True
daily/day-05.html,https://www.google.com/maps/search/?api=1&amp;query=Casa%20Bascara%2C%20B%C3%A0scara,www.google.com,True
daily/day-05.html,https://www.google.com/maps/search/?api=1&amp;query=Casa%20Bascara%2C%20B%C3%A0scara,www.google.com,True
daily/day-05.html,https://www.google.com/maps/search/?api=1&amp;query=Casa%20Bascara%2C%20B%C3%A0scara,www.google.com,True
daily/day-05.html,https://www.google.com/maps/search/?api=1&amp;query=Parking%20du%20Ch%C3%A2teau%20d%27eau%2C%20Collioure,www.google.com,True
daily/day-05.html,https://www.google.com/maps/search/?api=1&amp;query=Parking%20du%20Ch%C3%A2teau%20d%27eau%2C%20Collioure,www.google.com,True
daily/day-05.html,https://www.tourisme-collioure.com/agenda-collioure/les-marches-collioure/,www.tourisme-collioure.com,True
daily/day-05.html,https://www.google.com/maps/search/?api=1&amp;query=Collioure%2C%20France,www.google.com,True
daily/day-05.html,https://www.google.com/maps/search/?api=1&amp;query=Collioure%2C%20France,www.google.com,True
daily/day-05.html,https://www.tourisme-collioure.com/agenda-collioure/les-marches-collioure/,www.tourisme-collioure.com,True
daily/day-05.html,https://www.google.com/maps/search/?api=1&amp;query=Collioure%2C%20France,www.google.com,True
daily/day-05.html,https://www.google.com/maps/search/?api=1&amp;query=Parking%20Saba%20Cadaqu%C3%A9s,www.google.com,True
daily/day-05.html,https://www.google.com/maps/search/?api=1&amp;query=Parking%20Saba%20Cadaqu%C3%A9s,www.google.com,True
daily/day-05.html,https://www.google.com/maps/search/?api=1&amp;query=Parking%20Saba%20Cadaqu%C3%A9s,www.google.com,True
daily/day-05.html,https://www.google.com/maps/search/?api=1&amp;query=Casa%20Bascara%2C%20B%C3%A0scara,www.google.com,True
daily/day-05.html,https://www.google.com/maps/search/?api=1&amp;query=Casa%20Bascara%2C%20B%C3%A0scara,www.google.com,True
daily/day-05.html,https://www.google.com/maps/search/?api=1&amp;query=Parking%20du%20Ch%C3%A2teau%20d%27eau%2C%20Collioure,www.google.com,True
daily/day-05.html,https://www.google.com/maps/search/?api=1&amp;query=Collioure%2C%20France,www.google.com,True
daily/day-05.html,https://www.google.com/maps/search/?api=1&amp;query=Parking%20Saba%20Cadaqu%C3%A9s,www.google.com,True
daily/day-06.html,https://www.google.com/maps/search/?api=1&amp;query=Parking%20Avinguda%20del%20Pelegr%C3%AD%2C%20Tossa%20de%20Mar,www.google.com,True
daily/day-06.html,https://www.google.com/maps/search/?api=1&amp;query=Casa%20Bascara%2C%20B%C3%A0scara,www.google.com,True
daily/day-06.html,https://www.google.com/maps/search/?api=1&amp;query=Casa%20Bascara%2C%20B%C3%A0scara,www.google.com,True
daily/day-06.html,https://www.google.com/maps/search/?api=1&amp;query=Casa%20Bascara%2C%20B%C3%A0scara,www.google.com,True
daily/day-06.html,https://www.google.com/maps/search/?api=1&amp;query=Parking%20Avinguda%20del%20Pelegr%C3%AD%2C%20Tossa%20de%20Mar,www.google.com,True
daily/day-06.html,https://www.google.com/maps/search/?api=1&amp;query=Parking%20Avinguda%20del%20Pelegr%C3%AD%2C%20Tossa%20de%20Mar,www.google.com,True
daily/day-06.html,https://www.google.com/maps/search/?api=1&amp;query=Parking%20Avinguda%20del%20Pelegr%C3%AD%2C%20Tossa%20de%20Mar,www.google.com,True
daily/day-06.html,https://www.google.com/maps/search/?api=1&amp;query=Sant%20Feliu%20de%20Guixols,www.google.com,True
daily/day-06.html,https://www.google.com/maps/search/?api=1&amp;query=Sant%20Feliu%20de%20Guixols,www.google.com,True
daily/day-06.html,https://www.google.com/maps/search/?api=1&amp;query=Sant%20Feliu%20de%20Guixols,www.google.com,True
daily/day-06.html,https://www.google.com/maps/search/?api=1&amp;query=Parking%20Carrer%20Abeurador%2C%20Pals,www.google.com,True
daily/day-06.html,https://www.google.com/maps/search/?api=1&amp;query=Parking%20Carrer%20Abeurador%2C%20Pals,www.google.com,True
daily/day-06.html,https://www.pals.cat/ca/,www.pals.cat,True
daily/day-06.html,https://www.google.com/maps/search/?api=1&amp;query=Parking%20Carrer%20Abeurador%2C%20Pals,www.google.com,True
daily/day-06.html,https://www.google.com/maps/search/?api=1&amp;query=Aparcament%20de%20Baix%2C%20Peratallada,www.google.com,True
daily/day-06.html,https://www.google.com/maps/search/?api=1&amp;query=Aparcament%20de%20Baix%2C%20Peratallada,www.google.com,True
daily/day-06.html,https://forallac.cat/,forallac.cat,True
daily/day-06.html,https://www.google.com/maps/search/?api=1&amp;query=Aparcament%20de%20Baix%2C%20Peratallada,www.google.com,True
daily/day-06.html,https://www.google.com/maps/search/?api=1&amp;query=Casa%20Bascara%2C%20B%C3%A0scara,www.google.com,True
daily/day-06.html,https://www.google.com/maps/search/?api=1&amp;query=Casa%20Bascara%2C%20B%C3%A0scara,www.google.com,True
daily/day-06.html,https://www.google.com/maps/search/?api=1&amp;query=Parking%20Avinguda%20del%20Pelegr%C3%AD%2C%20Tossa%20de%20Mar,www.google.com,True
daily/day-06.html,https://www.google.com/maps/search/?api=1&amp;query=Sant%20Feliu%20de%20Guixols,www.google.com,True
daily/day-06.html,https://www.google.com/maps/search/?api=1&amp;query=Parking%20Carrer%20Abeurador%2C%20Pals,www.google.com,True
daily/day-06.html,https://www.google.com/maps/search/?api=1&amp;query=Aparcament%20de%20Baix%2C%20Peratallada,www.google.com,True
daily/day-07.html,https://www.google.com/maps/search/?api=1&amp;query=Hertz%2C%20Aeroport%20de%20Barcelona%20Terminal%201%2C%2008820%20El%20Prat%20de%20Llobregat,www.google.com,True
daily/day-07.html,https://www.google.com/maps/search/?api=1&amp;query=12%20Rue%20Verdi%2C%2006000%20Nice,www.google.com,True
daily/day-07.html,https://www.google.com/maps/search/?api=1&amp;query=12%20Rue%20Verdi%2C%2006000%20Nice,www.google.com,True
daily/day-07.html,https://www.google.com/maps/search/?api=1&amp;query=12%20Rue%20Verdi%2C%2006000%20Nice,www.google.com,True
daily/day-07.html,https://www.google.com/maps/search/?api=1&amp;query=Hertz%2C%20Aeroport%20de%20Barcelona%20Terminal%201%2C%2008820%20El%20Prat%20de%20Llobregat,www.google.com,True
daily/day-07.html,https://www.google.com/maps/search/?api=1&amp;query=Hertz%2C%20Aeroport%20de%20Barcelona%20Terminal%201%2C%2008820%20El%20Prat%20de%20Llobregat,www.google.com,True
daily/day-07.html,https://www.google.com/maps/search/?api=1&amp;query=Hertz%2C%20Aeroport%20de%20Barcelona%20Terminal%201%2C%2008820%20El%20Prat%20de%20Llobregat,www.google.com,True
daily/day-07.html,https://www.google.com/maps/dir/?api=1&amp;origin=Aeroport%20de%20Barcelona-El%20Prat&amp;destination=A%C3%A9roport%20Nice%20C%C3%B4te%20d%27Azur&amp;travelmode=transit,www.google.com,True
daily/day-07.html,https://www.google.com/maps/dir/?api=1&amp;origin=Aeroport%20de%20Barcelona-El%20Prat&amp;destination=A%C3%A9roport%20Nice%20C%C3%B4te%20d%27Azur&amp;travelmode=transit,www.google.com,True
daily/day-07.html,https://www.google.com/maps/dir/?api=1&amp;origin=Aeroport%20de%20Barcelona-El%20Prat&amp;destination=A%C3%A9roport%20Nice%20C%C3%B4te%20d%27Azur&amp;travelmode=transit,www.google.com,True
daily/day-07.html,https://www.google.com/maps/search/?api=1&amp;query=12%20Rue%20Verdi%2C%2006000%20Nice,www.google.com,True
daily/day-07.html,https://www.google.com/maps/search/?api=1&amp;query=12%20Rue%20Verdi%2C%2006000%20Nice,www.google.com,True
daily/day-07.html,https://www.google.com/maps/search/?api=1&amp;query=Promenade%20des%20Anglais%2C%20Nice,www.google.com,True
daily/day-07.html,https://www.google.com/maps/search/?api=1&amp;query=Promenade%20des%20Anglais%2C%20Nice,www.google.com,True
daily/day-07.html,https://www.nice.fr/fr/patrimoine-et-culture/la-promenade-des-anglais,www.nice.fr,True
daily/day-07.html,https://www.google.com/maps/search/?api=1&amp;query=12%20Rue%20Verdi%2C%2006000%20Nice,www.google.com,True
daily/day-07.html,https://www.google.com/maps/search/?api=1&amp;query=12%20Rue%20Verdi%2C%2006000%20Nice,www.google.com,True
daily/day-07.html,https://www.google.com/maps/search/?api=1&amp;query=Hertz%2C%20Aeroport%20de%20Barcelona%20Terminal%201%2C%2008820%20El%20Prat%20de%20Llobregat,www.google.com,True
daily/day-07.html,https://www.google.com/maps/dir/?api=1&amp;origin=Aeroport%20de%20Barcelona-El%20Prat&amp;destination=A%C3%A9roport%20Nice%20C%C3%B4te%20d%27Azur&amp;travelmode=transit,www.google.com,True
daily/day-07.html,https://www.google.com/maps/search/?api=1&amp;query=Promenade%20des%20Anglais%2C%20Nice,www.google.com,True
daily/day-08.html,https://www.google.com/maps/search/?api=1&amp;query=Cours%20Saleya%2C%20Nice,www.google.com,True
daily/day-08.html,https://www.explorenicecotedazur.com/en/culture/cours-saleya/,www.explorenicecotedazur.com,True
daily/day-08.html,https://www.google.com/maps/search/?api=1&amp;query=Cours%20Saleya%2C%20Nice,www.google.com,True
daily/day-08.html,https://www.google.com/maps/search/?api=1&amp;query=Cours%20Saleya%2C%20Nice,www.google.com,True
daily/day-08.html,https://www.explorenicecotedazur.com/en/culture/cours-saleya/,www.explorenicecotedazur.com,True
daily/day-08.html,https://www.google.com/maps/search/?api=1&amp;query=Vieux%20Nice%2C%20Nice,www.google.com,True
daily/day-08.html,https://www.google.com/maps/search/?api=1&amp;query=Vieux%20Nice%2C%20Nice,www.google.com,True
daily/day-08.html,https://www.explorenicecotedazur.com/en/culture/cours-saleya/,www.explorenicecotedazur.com,True
daily/day-08.html,https://www.google.com/maps/search/?api=1&amp;query=Vieux%20Nice%2C%20Nice,www.google.com,True
daily/day-08.html,https://www.google.com/maps/search/?api=1&amp;query=Vieux%20Nice%2C%20Nice,www.google.com,True
daily/day-08.html,https://www.explorenicecotedazur.com/en/culture/cours-saleya/,www.explorenicecotedazur.com,True
daily/day-08.html,https://www.google.com/maps/search/?api=1&amp;query=Parc%20de%20la%20Colline%20du%20Ch%C3%A2teau%2C%20Nice,www.google.com,True
daily/day-08.html,https://www.google.com/maps/search/?api=1&amp;query=Parc%20de%20la%20Colline%20du%20Ch%C3%A2teau%2C%20Nice,www.google.com,True
daily/day-08.html,https://www.nice.fr/lieux/parc-de-la-colline-du-chateau/,www.nice.fr,True
daily/day-08.html,https://www.google.com/maps/search/?api=1&amp;query=Promenade%20des%20Anglais%2C%20Nice,www.google.com,True
daily/day-08.html,https://www.google.com/maps/search/?api=1&amp;query=Promenade%20des%20Anglais%2C%20Nice,www.google.com,True
daily/day-08.html,https://www.nice.fr/fr/patrimoine-et-culture/la-promenade-des-anglais,www.nice.fr,True
daily/day-08.html,https://www.google.com/maps/search/?api=1&amp;query=Port%20Lympia%2C%20Nice,www.google.com,True
daily/day-08.html,https://www.google.com/maps/search/?api=1&amp;query=Port%20Lympia%2C%20Nice,www.google.com,True
daily/day-08.html,https://www.google.com/maps/search/?api=1&amp;query=Chez%20Pipo%2C%2013%20Rue%20Bavastro%2C%2006300%20Nice,www.google.com,True
daily/day-08.html,https://www.google.com/maps/search/?api=1&amp;query=Chez%20Pipo%2C%2013%20Rue%20Bavastro%2C%2006300%20Nice,www.google.com,True
daily/day-08.html,https://www.chezpipo.fr/en,www.chezpipo.fr,True
daily/day-08.html,https://www.google.com/maps/search/?api=1&amp;query=12%20Rue%20Verdi%2C%2006000%20Nice,www.google.com,True
daily/day-08.html,https://www.google.com/maps/search/?api=1&amp;query=12%20Rue%20Verdi%2C%2006000%20Nice,www.google.com,True
daily/day-08.html,https://www.google.com/maps/search/?api=1&amp;query=Cours%20Saleya%2C%20Nice,www.google.com,True
daily/day-08.html,https://www.google.com/maps/search/?api=1&amp;query=Vieux%20Nice%2C%20Nice,www.google.com,True
daily/day-08.html,https://www.google.com/maps/search/?api=1&amp;query=Vieux%20Nice%2C%20Nice,www.google.com,True
daily/day-08.html,https://www.google.com/maps/search/?api=1&amp;query=Parc%20de%20la%20Colline%20du%20Ch%C3%A2teau%2C%20Nice,www.google.com,True
daily/day-08.html,https://www.google.com/maps/search/?api=1&amp;query=Promenade%20des%20Anglais%2C%20Nice,www.google.com,True
daily/day-08.html,https://www.google.com/maps/search/?api=1&amp;query=Port%20Lympia%2C%20Nice,www.google.com,True
daily/day-08.html,https://www.google.com/maps/search/?api=1&amp;query=Chez%20Pipo%2C%2013%20Rue%20Bavastro%2C%2006300%20Nice,www.google.com,True
daily/day-09.html,https://www.google.com/maps/dir/?api=1&amp;origin=Gare%20de%20Nice-Ville&amp;destination=Gare%20d%27Antibes&amp;travelmode=transit,www.google.com,True
daily/day-09.html,https://www.google.com/maps/dir/?api=1&amp;origin=Gare%20de%20Nice-Ville&amp;destination=Gare%20d%27Antibes&amp;travelmode=transit,www.google.com,True
daily/day-09.html,https://www.google.com/maps/dir/?api=1&amp;origin=Gare%20de%20Nice-Ville&amp;destination=Gare%20d%27Antibes&amp;travelmode=transit,www.google.com,True
daily/day-09.html,https://www.google.com/maps/dir/?api=1&amp;origin=Gare%20de%20Nice-Ville&amp;destination=Gare%20d%27Antibes&amp;travelmode=transit,www.google.com,True
daily/day-09.html,https://www.google.com/maps/search/?api=1&amp;query=March%C3%A9%20Proven%C3%A7al%2C%20Cours%20Mass%C3%A9na%2C%2006600%20Antibes,www.google.com,True
daily/day-09.html,https://www.google.com/maps/search/?api=1&amp;query=March%C3%A9%20Proven%C3%A7al%2C%20Cours%20Mass%C3%A9na%2C%2006600%20Antibes,www.google.com,True
daily/day-09.html,https://www.google.com/maps/search/?api=1&amp;query=Le%20Figuier%20de%20Saint-Esprit%2C%20Antibes,www.google.com,True
daily/day-09.html,https://www.google.com/maps/search/?api=1&amp;query=Le%20Figuier%20de%20Saint-Esprit%2C%20Antibes,www.google.com,True
daily/day-09.html,https://www.restaurant-lefiguierdesaintesprit.fr/,www.restaurant-lefiguierdesaintesprit.fr,True
daily/day-09.html,https://www.google.com/maps/dir/?api=1&amp;origin=Gare%20d%27Antibes&amp;destination=Gare%20de%20Cannes&amp;travelmode=transit,www.google.com,True
daily/day-09.html,https://www.google.com/maps/dir/?api=1&amp;origin=Gare%20d%27Antibes&amp;destination=Gare%20de%20Cannes&amp;travelmode=transit,www.google.com,True
daily/day-09.html,https://www.google.com/maps/dir/?api=1&amp;origin=Gare%20d%27Antibes&amp;destination=Gare%20de%20Cannes&amp;travelmode=transit,www.google.com,True
daily/day-09.html,https://www.google.com/maps/search/?api=1&amp;query=Le%20Suquet%2C%20Cannes,www.google.com,True
daily/day-09.html,https://www.google.com/maps/search/?api=1&amp;query=Le%20Suquet%2C%20Cannes,www.google.com,True
daily/day-09.html,https://www.cannes.com/fr/culture/musees-et-expositions/musee-des-explorations-du-monde.html,www.cannes.com,True
daily/day-09.html,https://www.google.com/maps/search/?api=1&amp;query=Boulevard%20de%20la%20Croisette%2C%20Cannes,www.google.com,True
daily/day-09.html,https://www.google.com/maps/search/?api=1&amp;query=Boulevard%20de%20la%20Croisette%2C%20Cannes,www.google.com,True
daily/day-09.html,https://www.google.com/maps/dir/?api=1&amp;origin=Gare%20de%20Cannes&amp;destination=Gare%20de%20Nice-Ville&amp;travelmode=transit,www.google.com,True
daily/day-09.html,https://www.google.com/maps/dir/?api=1&amp;origin=Gare%20de%20Cannes&amp;destination=Gare%20de%20Nice-Ville&amp;travelmode=transit,www.google.com,True
daily/day-09.html,https://www.google.com/maps/dir/?api=1&amp;origin=Gare%20de%20Cannes&amp;destination=Gare%20de%20Nice-Ville&amp;travelmode=transit,www.google.com,True
daily/day-09.html,https://www.google.com/maps/dir/?api=1&amp;origin=Gare%20de%20Nice-Ville&amp;destination=12%20Rue%20Verdi%2C%2006000%20Nice&amp;travelmode=walking,www.google.com,True
daily/day-09.html,https://www.google.com/maps/dir/?api=1&amp;origin=Gare%20de%20Nice-Ville&amp;destination=12%20Rue%20Verdi%2C%2006000%20Nice&amp;travelmode=walking,www.google.com,True
daily/day-09.html,https://www.google.com/maps/dir/?api=1&amp;origin=Gare%20de%20Nice-Ville&amp;destination=Gare%20d%27Antibes&amp;travelmode=transit,www.google.com,True
daily/day-09.html,https://www.google.com/maps/search/?api=1&amp;query=March%C3%A9%20Proven%C3%A7al%2C%20Cours%20Mass%C3%A9na%2C%2006600%20Antibes,www.google.com,True
daily/day-09.html,https://www.google.com/maps/search/?api=1&amp;query=Le%20Figuier%20de%20Saint-Esprit%2C%20Antibes,www.google.com,True
daily/day-09.html,https://www.google.com/maps/dir/?api=1&amp;origin=Gare%20d%27Antibes&amp;destination=Gare%20de%20Cannes&amp;travelmode=transit,www.google.com,True
daily/day-09.html,https://www.google.com/maps/search/?api=1&amp;query=Le%20Suquet%2C%20Cannes,www.google.com,True
daily/day-09.html,https://www.google.com/maps/search/?api=1&amp;query=Boulevard%20de%20la%20Croisette%2C%20Cannes,www.google.com,True
daily/day-09.html,https://www.google.com/maps/dir/?api=1&amp;origin=Gare%20de%20Cannes&amp;destination=Gare%20de%20Nice-Ville&amp;travelmode=transit,www.google.com,True
daily/day-09.html,https://www.google.com/maps/dir/?api=1&amp;origin=Gare%20de%20Nice-Ville&amp;destination=12%20Rue%20Verdi%2C%2006000%20Nice&amp;travelmode=walking,www.google.com,True
daily/day-10.html,https://www.google.com/maps/dir/?api=1&amp;origin=Gare%20de%20Nice-Ville&amp;destination=Gare%20de%20Monaco-Monte-Carlo&amp;travelmode=transit,www.google.com,True
daily/day-10.html,https://www.google.com/maps/dir/?api=1&amp;origin=Gare%20de%20Nice-Ville&amp;destination=Gare%20de%20Monaco-Monte-Carlo&amp;travelmode=transit,www.google.com,True
daily/day-10.html,https://www.google.com/maps/dir/?api=1&amp;origin=Gare%20de%20Nice-Ville&amp;destination=Gare%20de%20Monaco-Monte-Carlo&amp;travelmode=transit,www.google.com,True
daily/day-10.html,https://www.google.com/maps/dir/?api=1&amp;origin=Gare%20de%20Nice-Ville&amp;destination=Gare%20de%20Monaco-Monte-Carlo&amp;travelmode=transit,www.google.com,True
daily/day-10.html,https://www.google.com/maps/search/?api=1&amp;query=Monaco-Ville%2C%20Monaco,www.google.com,True
daily/day-10.html,https://www.google.com/maps/search/?api=1&amp;query=Monaco-Ville%2C%20Monaco,www.google.com,True
daily/day-10.html,https://palais.mc/fr/musees-et-visites/vente-des-places-en-ligne-1-31.html,palais.mc,True
daily/day-10.html,https://www.google.com/maps/search/?api=1&amp;query=Caf%C3%A9%20de%20Paris%20Monte-Carlo%2C%20Place%20du%20Casino%2C%20Monaco,www.google.com,True
daily/day-10.html,https://www.google.com/maps/search/?api=1&amp;query=Caf%C3%A9%20de%20Paris%20Monte-Carlo%2C%20Place%20du%20Casino%2C%20Monaco,www.google.com,True
daily/day-10.html,https://www.montecarlosbm.com/en/restaurant-monaco/le-cafe-de-paris-monte-carlo,www.montecarlosbm.com,True
daily/day-10.html,https://www.google.com/maps/dir/?api=1&amp;origin=Gare%20de%20Monaco-Monte-Carlo&amp;destination=Gare%20de%20Menton&amp;travelmode=transit,www.google.com,True
daily/day-10.html,https://www.google.com/maps/dir/?api=1&amp;origin=Gare%20de%20Monaco-Monte-Carlo&amp;destination=Gare%20de%20Menton&amp;travelmode=transit,www.google.com,True
daily/day-10.html,https://www.google.com/maps/dir/?api=1&amp;origin=Gare%20de%20Monaco-Monte-Carlo&amp;destination=Gare%20de%20Menton&amp;travelmode=transit,www.google.com,True
daily/day-10.html,https://www.google.com/maps/search/?api=1&amp;query=Menton%2C%20France,www.google.com,True
daily/day-10.html,https://www.google.com/maps/search/?api=1&amp;query=Menton%2C%20France,www.google.com,True
daily/day-10.html,https://www.google.com/maps/search/?api=1&amp;query=Restaurant%20Les%20Sablettes%20Beach%2C%20Esplanade%20des%20Sablettes%2C%20Menton,www.google.com,True
daily/day-10.html,https://www.google.com/maps/search/?api=1&amp;query=Restaurant%20Les%20Sablettes%20Beach%2C%20Esplanade%20des%20Sablettes%2C%20Menton,www.google.com,True
daily/day-10.html,https://www.menton-riviera-merveilles.fr/offres/restaurant-les-sablettes-beach-menton-fr-3051576/,www.menton-riviera-merveilles.fr,True
daily/day-10.html,https://www.google.com/maps/dir/?api=1&amp;origin=Gare%20de%20Menton&amp;destination=Gare%20de%20Nice-Ville&amp;travelmode=transit,www.google.com,True
daily/day-10.html,https://www.google.com/maps/dir/?api=1&amp;origin=Gare%20de%20Menton&amp;destination=Gare%20de%20Nice-Ville&amp;travelmode=transit,www.google.com,True
daily/day-10.html,https://www.google.com/maps/dir/?api=1&amp;origin=Gare%20de%20Menton&amp;destination=Gare%20de%20Nice-Ville&amp;travelmode=transit,www.google.com,True
daily/day-10.html,https://www.google.com/maps/dir/?api=1&amp;origin=Gare%20de%20Menton&amp;destination=12%20Rue%20Verdi%2C%2006000%20Nice&amp;travelmode=transit,www.google.com,True
daily/day-10.html,https://www.google.com/maps/dir/?api=1&amp;origin=Gare%20de%20Menton&amp;destination=12%20Rue%20Verdi%2C%2006000%20Nice&amp;travelmode=transit,www.google.com,True
daily/day-10.html,https://www.google.com/maps/dir/?api=1&amp;origin=Gare%20de%20Nice-Ville&amp;destination=Gare%20de%20Monaco-Monte-Carlo&amp;travelmode=transit,www.google.com,True
daily/day-10.html,https://www.google.com/maps/search/?api=1&amp;query=Monaco-Ville%2C%20Monaco,www.google.com,True
daily/day-10.html,https://www.google.com/maps/search/?api=1&amp;query=Caf%C3%A9%20de%20Paris%20Monte-Carlo%2C%20Place%20du%20Casino%2C%20Monaco,www.google.com,True
daily/day-10.html,https://www.google.com/maps/dir/?api=1&amp;origin=Gare%20de%20Monaco-Monte-Carlo&amp;destination=Gare%20de%20Menton&amp;travelmode=transit,www.google.com,True
daily/day-10.html,https://www.google.com/maps/search/?api=1&amp;query=Menton%2C%20France,www.google.com,True
daily/day-10.html,https://www.google.com/maps/search/?api=1&amp;query=Restaurant%20Les%20Sablettes%20Beach%2C%20Esplanade%20des%20Sablettes%2C%20Menton,www.google.com,True
daily/day-10.html,https://www.google.com/maps/dir/?api=1&amp;origin=Gare%20de%20Menton&amp;destination=Gare%20de%20Nice-Ville&amp;travelmode=transit,www.google.com,True
daily/day-10.html,https://www.google.com/maps/dir/?api=1&amp;origin=Gare%20de%20Menton&amp;destination=12%20Rue%20Verdi%2C%2006000%20Nice&amp;travelmode=transit,www.google.com,True
daily/day-11.html,https://www.google.com/maps/dir/?api=1&amp;origin=12%20Rue%20Verdi%2C%2006000%20Nice&amp;destination=Gare%20de%20Villefranche-sur-Mer&amp;travelmode=transit,www.google.com,True
daily/day-11.html,https://www.google.com/maps/dir/?api=1&amp;origin=12%20Rue%20Verdi%2C%2006000%20Nice&amp;destination=Gare%20de%20Villefranche-sur-Mer&amp;travelmode=transit,www.google.com,True
daily/day-11.html,https://www.google.com/maps/dir/?api=1&amp;origin=12%20Rue%20Verdi%2C%2006000%20Nice&amp;destination=Gare%20de%20Villefranche-sur-Mer&amp;travelmode=transit,www.google.com,True
daily/day-11.html,https://www.google.com/maps/dir/?api=1&amp;origin=12%20Rue%20Verdi%2C%2006000%20Nice&amp;destination=Gare%20de%20Villefranche-sur-Mer&amp;travelmode=transit,www.google.com,True
daily/day-11.html,https://www.google.com/maps/dir/?api=1&amp;origin=Gare%20de%20Villefranche-sur-Mer&amp;destination=Villa%20Ephrussi%20de%20Rothschild&amp;travelmode=transit,www.google.com,True
daily/day-11.html,https://www.google.com/maps/dir/?api=1&amp;origin=Gare%20de%20Villefranche-sur-Mer&amp;destination=Villa%20Ephrussi%20de%20Rothschild&amp;travelmode=transit,www.google.com,True
daily/day-11.html,https://www.google.com/maps/dir/?api=1&amp;origin=Gare%20de%20Villefranche-sur-Mer&amp;destination=Villa%20Ephrussi%20de%20Rothschild&amp;travelmode=transit,www.google.com,True
daily/day-11.html,https://www.google.com/maps/search/?api=1&amp;query=Villa%20Ephrussi%20de%20Rothschild%2C%20Saint-Jean-Cap-Ferrat,www.google.com,True
daily/day-11.html,https://www.google.com/maps/search/?api=1&amp;query=Villa%20Ephrussi%20de%20Rothschild%2C%20Saint-Jean-Cap-Ferrat,www.google.com,True
daily/day-11.html,https://www.villa-ephrussi.com/,www.villa-ephrussi.com,True
daily/day-11.html,https://www.google.com/maps/search/?api=1&amp;query=Restaurant%20B%C3%A9atrice%2C%20Villa%20Ephrussi%20de%20Rothschild%2C%20Saint-Jean-Cap-Ferrat,www.google.com,True
daily/day-11.html,https://www.google.com/maps/search/?api=1&amp;query=Restaurant%20B%C3%A9atrice%2C%20Villa%20Ephrussi%20de%20Rothschild%2C%20Saint-Jean-Cap-Ferrat,www.google.com,True
daily/day-11.html,https://www.villa-ephrussi.com/,www.villa-ephrussi.com,True
daily/day-11.html,https://www.google.com/maps/dir/?api=1&amp;origin=Villa%20Ephrussi%20de%20Rothschild&amp;destination=%C3%88ze%20Village&amp;travelmode=transit,www.google.com,True
daily/day-11.html,https://www.google.com/maps/dir/?api=1&amp;origin=Villa%20Ephrussi%20de%20Rothschild&amp;destination=%C3%88ze%20Village&amp;travelmode=transit,www.google.com,True
daily/day-11.html,https://www.google.com/maps/dir/?api=1&amp;origin=Villa%20Ephrussi%20de%20Rothschild&amp;destination=%C3%88ze%20Village&amp;travelmode=transit,www.google.com,True
daily/day-11.html,https://www.google.com/maps/search/?api=1&amp;query=Jardin%20Exotique%20d%27%C3%88ze%2C%20Rue%20du%20Ch%C3%A2teau%2C%2006360%20%C3%88ze,www.google.com,True
daily/day-11.html,https://www.google.com/maps/search/?api=1&amp;query=Jardin%20Exotique%20d%27%C3%88ze%2C%20Rue%20du%20Ch%C3%A2teau%2C%2006360%20%C3%88ze,www.google.com,True
daily/day-11.html,https://www.google.com/maps/dir/?api=1&amp;origin=%C3%88ze%20Village&amp;destination=12%20Rue%20Verdi%2C%2006000%20Nice&amp;travelmode=transit,www.google.com,True
daily/day-11.html,https://www.google.com/maps/dir/?api=1&amp;origin=%C3%88ze%20Village&amp;destination=12%20Rue%20Verdi%2C%2006000%20Nice&amp;travelmode=transit,www.google.com,True
daily/day-11.html,https://www.google.com/maps/dir/?api=1&amp;origin=%C3%88ze%20Village&amp;destination=12%20Rue%20Verdi%2C%2006000%20Nice&amp;travelmode=transit,www.google.com,True
daily/day-11.html,https://www.google.com/maps/dir/?api=1&amp;origin=%C3%88ze%20Village&amp;destination=12%20Rue%20Verdi%2C%2006000%20Nice&amp;travelmode=transit,www.google.com,True
daily/day-11.html,https://www.google.com/maps/dir/?api=1&amp;origin=%C3%88ze%20Village&amp;destination=12%20Rue%20Verdi%2C%2006000%20Nice&amp;travelmode=transit,www.google.com,True
daily/day-11.html,https://www.google.com/maps/dir/?api=1&amp;origin=12%20Rue%20Verdi%2C%2006000%20Nice&amp;destination=Gare%20de%20Villefranche-sur-Mer&amp;travelmode=transit,www.google.com,True
daily/day-11.html,https://www.google.com/maps/dir/?api=1&amp;origin=Gare%20de%20Villefranche-sur-Mer&amp;destination=Villa%20Ephrussi%20de%20Rothschild&amp;travelmode=transit,www.google.com,True
daily/day-11.html,https://www.google.com/maps/search/?api=1&amp;query=Villa%20Ephrussi%20de%20Rothschild%2C%20Saint-Jean-Cap-Ferrat,www.google.com,True
daily/day-11.html,https://www.google.com/maps/search/?api=1&amp;query=Restaurant%20B%C3%A9atrice%2C%20Villa%20Ephrussi%20de%20Rothschild%2C%20Saint-Jean-Cap-Ferrat,www.google.com,True
daily/day-11.html,https://www.google.com/maps/dir/?api=1&amp;origin=Villa%20Ephrussi%20de%20Rothschild&amp;destination=%C3%88ze%20Village&amp;travelmode=transit,www.google.com,True
daily/day-11.html,https://www.google.com/maps/search/?api=1&amp;query=Jardin%20Exotique%20d%27%C3%88ze%2C%20Rue%20du%20Ch%C3%A2teau%2C%2006360%20%C3%88ze,www.google.com,True
daily/day-11.html,https://www.google.com/maps/dir/?api=1&amp;origin=%C3%88ze%20Village&amp;destination=12%20Rue%20Verdi%2C%2006000%20Nice&amp;travelmode=transit,www.google.com,True
daily/day-11.html,https://www.google.com/maps/dir/?api=1&amp;origin=%C3%88ze%20Village&amp;destination=12%20Rue%20Verdi%2C%2006000%20Nice&amp;travelmode=transit,www.google.com,True
daily/day-12.html,https://www.google.com/maps/dir/?api=1&amp;origin=Hertz%2C%20Gare%20de%20Nice%20Ville%2C%20Avenue%20Thiers%2C%2006000%20Nice&amp;destination=Parking%20Indigo%20Saint-Paul-de-Vence&amp;travelmode=driving,www.google.com,True
daily/day-12.html,https://www.google.com/maps/search/?api=1&amp;query=12%20Rue%20Verdi%2C%2006000%20Nice,www.google.com,True
daily/day-12.html,https://www.google.com/maps/search/?api=1&amp;query=12%20Rue%20Verdi%2C%2006000%20Nice,www.google.com,True
daily/day-12.html,https://www.google.com/maps/dir/?api=1&amp;origin=Hertz%2C%20Gare%20de%20Nice%20Ville%2C%20Avenue%20Thiers%2C%2006000%20Nice&amp;destination=Parking%20Indigo%20Saint-Paul-de-Vence&amp;travelmode=driving,www.google.com,True
daily/day-12.html,https://www.google.com/maps/dir/?api=1&amp;origin=Hertz%2C%20Gare%20de%20Nice%20Ville%2C%20Avenue%20Thiers%2C%2006000%20Nice&amp;destination=Parking%20Indigo%20Saint-Paul-de-Vence&amp;travelmode=driving,www.google.com,True
daily/day-12.html,https://www.google.com/maps/dir/?api=1&amp;origin=Hertz%2C%20Gare%20de%20Nice%20Ville%2C%20Avenue%20Thiers%2C%2006000%20Nice&amp;destination=Parking%20Indigo%20Saint-Paul-de-Vence&amp;travelmode=driving,www.google.com,True
daily/day-12.html,https://www.google.com/maps/dir/?api=1&amp;origin=Parking%20Indigo%20Saint-Paul-de-Vence&amp;destination=Parking%20Indigo%20CRESP%2C%20Grasse&amp;travelmode=driving,www.google.com,True
daily/day-12.html,https://www.google.com/maps/dir/?api=1&amp;origin=Parking%20Indigo%20Saint-Paul-de-Vence&amp;destination=Parking%20Indigo%20CRESP%2C%20Grasse&amp;travelmode=driving,www.google.com,True
daily/day-12.html,https://www.saint-pauldevence.com/en/practical-information/,www.saint-pauldevence.com,True
daily/day-12.html,https://www.google.com/maps/dir/?api=1&amp;origin=Parking%20Indigo%20Saint-Paul-de-Vence&amp;destination=Parking%20Indigo%20CRESP%2C%20Grasse&amp;travelmode=driving,www.google.com,True
daily/day-12.html,https://www.google.com/maps/dir/?api=1&amp;origin=Parking%20Indigo%20CRESP%2C%20Grasse&amp;destination=2%20Place%20Coimbra%2C%20R%C3%A9sidence%20Les%20Toits%20de%20M%C3%A9janes%2C%2013090%20Aix-en-Provence&amp;travelmode=driving,www.google.com,True
daily/day-12.html,https://www.google.com/maps/dir/?api=1&amp;origin=Parking%20Indigo%20CRESP%2C%20Grasse&amp;destination=2%20Place%20Coimbra%2C%20R%C3%A9sidence%20Les%20Toits%20de%20M%C3%A9janes%2C%2013090%20Aix-en-Provence&amp;travelmode=driving,www.google.com,True
daily/day-12.html,https://usines-parfum.fragonard.com/usines/usine-historique/,usines-parfum.fragonard.com,True
daily/day-12.html,https://www.google.com/maps/dir/?api=1&amp;origin=Parking%20Indigo%20CRESP%2C%20Grasse&amp;destination=2%20Place%20Coimbra%2C%20R%C3%A9sidence%20Les%20Toits%20de%20M%C3%A9janes%2C%2013090%20Aix-en-Provence&amp;travelmode=driving,www.google.com,True
daily/day-12.html,https://www.google.com/maps/search/?api=1&amp;query=2%20Place%20Coimbra%2C%20R%C3%A9sidence%20Les%20Toits%20de%20M%C3%A9janes%2C%2013090%20Aix-en-Provence,www.google.com,True
daily/day-12.html,https://www.google.com/maps/search/?api=1&amp;query=2%20Place%20Coimbra%2C%20R%C3%A9sidence%20Les%20Toits%20de%20M%C3%A9janes%2C%2013090%20Aix-en-Provence,www.google.com,True
daily/day-12.html,https://www.google.com/maps/search/?api=1&amp;query=Fontaine%20de%20la%20Rotonde%2C%20Aix-en-Provence,www.google.com,True
daily/day-12.html,https://www.google.com/maps/search/?api=1&amp;query=Fontaine%20de%20la%20Rotonde%2C%20Aix-en-Provence,www.google.com,True
daily/day-12.html,https://www.google.com/maps/search/?api=1&amp;query=2%20Place%20Coimbra%2C%20R%C3%A9sidence%20Les%20Toits%20de%20M%C3%A9janes%2C%2013090%20Aix-en-Provence,www.google.com,True
daily/day-12.html,https://www.google.com/maps/search/?api=1&amp;query=2%20Place%20Coimbra%2C%20R%C3%A9sidence%20Les%20Toits%20de%20M%C3%A9janes%2C%2013090%20Aix-en-Provence,www.google.com,True
daily/day-12.html,https://www.google.com/maps/dir/?api=1&amp;origin=Hertz%2C%20Gare%20de%20Nice%20Ville%2C%20Avenue%20Thiers%2C%2006000%20Nice&amp;destination=Parking%20Indigo%20Saint-Paul-de-Vence&amp;travelmode=driving,www.google.com,True
daily/day-12.html,https://www.google.com/maps/dir/?api=1&amp;origin=Parking%20Indigo%20Saint-Paul-de-Vence&amp;destination=Parking%20Indigo%20CRESP%2C%20Grasse&amp;travelmode=driving,www.google.com,True
daily/day-12.html,https://www.google.com/maps/dir/?api=1&amp;origin=Parking%20Indigo%20CRESP%2C%20Grasse&amp;destination=2%20Place%20Coimbra%2C%20R%C3%A9sidence%20Les%20Toits%20de%20M%C3%A9janes%2C%2013090%20Aix-en-Provence&amp;travelmode=driving,www.google.com,True
daily/day-12.html,https://www.google.com/maps/search/?api=1&amp;query=Fontaine%20de%20la%20Rotonde%2C%20Aix-en-Provence,www.google.com,True
daily/day-13.html,https://www.google.com/maps/search/?api=1&amp;query=Place%20Richelme%2C%20Aix-en-Provence,www.google.com,True
daily/day-13.html,https://www.aixenprovencetourism.com/fr/fiche/le-marche-aux-fruits-et-legumes-d-aix-en-provence-5466992/,www.aixenprovencetourism.com,True
daily/day-13.html,https://www.google.com/maps/search/?api=1&amp;query=Place%20Richelme%2C%20Aix-en-Provence,www.google.com,True
daily/day-13.html,https://www.google.com/maps/search/?api=1&amp;query=Place%20Richelme%2C%20Aix-en-Provence,www.google.com,True
daily/day-13.html,https://www.aixenprovencetourism.com/fr/fiche/le-marche-aux-fruits-et-legumes-d-aix-en-provence-5466992/,www.aixenprovencetourism.com,True
daily/day-13.html,https://www.google.com/maps/search/?api=1&amp;query=Place%20de%20l%27H%C3%B4tel%20de%20Ville%2C%20Aix-en-Provence,www.google.com,True
daily/day-13.html,https://www.google.com/maps/search/?api=1&amp;query=Place%20de%20l%27H%C3%B4tel%20de%20Ville%2C%20Aix-en-Provence,www.google.com,True
daily/day-13.html,https://www.google.com/maps/search/?api=1&amp;query=Place%20de%20l%27H%C3%B4tel%20de%20Ville%2C%20Aix-en-Provence,www.google.com,True
daily/day-13.html,https://www.google.com/maps/search/?api=1&amp;query=Place%20de%20l%27H%C3%B4tel%20de%20Ville%2C%20Aix-en-Provence,www.google.com,True
daily/day-13.html,https://www.google.com/maps/search/?api=1&amp;query=Atelier%20de%20C%C3%A9zanne%2C%20Aix-en-Provence,www.google.com,True
daily/day-13.html,https://www.google.com/maps/search/?api=1&amp;query=Atelier%20de%20C%C3%A9zanne%2C%20Aix-en-Provence,www.google.com,True
daily/day-13.html,https://www.aix.fr/incontournables/atelier-cezanne,www.aix.fr,True
daily/day-13.html,https://www.google.com/maps/search/?api=1&amp;query=Mus%C3%A9e%20Granet%2C%20Aix-en-Provence,www.google.com,True
daily/day-13.html,https://www.google.com/maps/search/?api=1&amp;query=Mus%C3%A9e%20Granet%2C%20Aix-en-Provence,www.google.com,True
daily/day-13.html,https://www.museegranet-aixenprovence.fr/en/practical-informations-1/opening-hours-and-admissions,www.museegranet-aixenprovence.fr,True
daily/day-13.html,https://www.google.com/maps/search/?api=1&amp;query=Cours%20Mirabeau%2C%20Aix-en-Provence,www.google.com,True
daily/day-13.html,https://www.google.com/maps/search/?api=1&amp;query=Cours%20Mirabeau%2C%20Aix-en-Provence,www.google.com,True
daily/day-13.html,https://www.aixenprovencetourism.com/fr/fiche/le-cours-mirabeau-5538184/,www.aixenprovencetourism.com,True
daily/day-13.html,https://www.google.com/maps/search/?api=1&amp;query=2%20Place%20Coimbra%2C%20R%C3%A9sidence%20Les%20Toits%20de%20M%C3%A9janes%2C%2013090%20Aix-en-Provence,www.google.com,True
daily/day-13.html,https://www.google.com/maps/search/?api=1&amp;query=2%20Place%20Coimbra%2C%20R%C3%A9sidence%20Les%20Toits%20de%20M%C3%A9janes%2C%2013090%20Aix-en-Provence,www.google.com,True
daily/day-13.html,https://www.google.com/maps/search/?api=1&amp;query=Place%20Richelme%2C%20Aix-en-Provence,www.google.com,True
daily/day-13.html,https://www.google.com/maps/search/?api=1&amp;query=Place%20de%20l%27H%C3%B4tel%20de%20Ville%2C%20Aix-en-Provence,www.google.com,True
daily/day-13.html,https://www.google.com/maps/search/?api=1&amp;query=Place%20de%20l%27H%C3%B4tel%20de%20Ville%2C%20Aix-en-Provence,www.google.com,True
daily/day-13.html,https://www.google.com/maps/search/?api=1&amp;query=Atelier%20de%20C%C3%A9zanne%2C%20Aix-en-Provence,www.google.com,True
daily/day-13.html,https://www.google.com/maps/search/?api=1&amp;query=Mus%C3%A9e%20Granet%2C%20Aix-en-Provence,www.google.com,True
daily/day-13.html,https://www.google.com/maps/search/?api=1&amp;query=Cours%20Mirabeau%2C%20Aix-en-Provence,www.google.com,True
daily/day-14.html,https://www.google.com/maps/search/?api=1&amp;query=Parking%20relais%20des%20Gorguettes%2C%20Cassis,www.google.com,True
daily/day-14.html,https://www.ot-cassis.com/l-office.html,www.ot-cassis.com,True
daily/day-14.html,https://www.google.com/maps/dir/?api=1&amp;origin=2%20Place%20Coimbra%2C%20R%C3%A9sidence%20Les%20Toits%20de%20M%C3%A9janes%2C%2013090%20Aix-en-Provence&amp;destination=Parking%20relais%20des%20Gorguettes%2C%20Cassis&amp;travelmode=driving,www.google.com,True
daily/day-14.html,https://www.google.com/maps/dir/?api=1&amp;origin=2%20Place%20Coimbra%2C%20R%C3%A9sidence%20Les%20Toits%20de%20M%C3%A9janes%2C%2013090%20Aix-en-Provence&amp;destination=Parking%20relais%20des%20Gorguettes%2C%20Cassis&amp;travelmode=driving,www.google.com,True
daily/day-14.html,https://www.google.com/maps/dir/?api=1&amp;origin=2%20Place%20Coimbra%2C%20R%C3%A9sidence%20Les%20Toits%20de%20M%C3%A9janes%2C%2013090%20Aix-en-Provence&amp;destination=Parking%20relais%20des%20Gorguettes%2C%20Cassis&amp;travelmode=driving,www.google.com,True
daily/day-14.html,https://www.google.com/maps/search/?api=1&amp;query=Parking%20relais%20des%20Gorguettes%2C%20Cassis,www.google.com,True
daily/day-14.html,https://www.google.com/maps/search/?api=1&amp;query=Parking%20relais%20des%20Gorguettes%2C%20Cassis,www.google.com,True
daily/day-14.html,https://www.ot-cassis.com/l-office.html,www.ot-cassis.com,True
daily/day-14.html,https://www.google.com/maps/search/?api=1&amp;query=Port%20de%20Cassis%2C%20Quai%20Saint-Pierre%2C%20Cassis,www.google.com,True
daily/day-14.html,https://www.google.com/maps/search/?api=1&amp;query=Port%20de%20Cassis%2C%20Quai%20Saint-Pierre%2C%20Cassis,www.google.com,True
daily/day-14.html,https://www.ot-cassis.com/en/explore/the-calanques/the-calanques-by-boat/,www.ot-cassis.com,True
daily/day-14.html,https://www.google.com/maps/search/?api=1&amp;query=Port%20de%20Cassis%2C%20Quai%20Saint-Pierre%2C%20Cassis,www.google.com,True
daily/day-14.html,https://www.google.com/maps/search/?api=1&amp;query=Port%20de%20Cassis%2C%20Quai%20Saint-Pierre%2C%20Cassis,www.google.com,True
daily/day-14.html,https://www.ot-cassis.com/l-office.html,www.ot-cassis.com,True
daily/day-14.html,https://www.google.com/maps/search/?api=1&amp;query=Chez%20Gilbert%2C%20Cassis,www.google.com,True
daily/day-14.html,https://www.google.com/maps/search/?api=1&amp;query=Chez%20Gilbert%2C%20Cassis,www.google.com,True
daily/day-14.html,https://www.chezgilbert.net/,www.chezgilbert.net,True
daily/day-14.html,https://www.google.com/maps/dir/?api=1&amp;origin=Port-Miou%2C%20Cassis&amp;destination=Parking%20relais%20des%20Gorguettes%2C%20Cassis&amp;travelmode=transit,www.google.com,True
daily/day-14.html,https://www.google.com/maps/dir/?api=1&amp;origin=Port-Miou%2C%20Cassis&amp;destination=Parking%20relais%20des%20Gorguettes%2C%20Cassis&amp;travelmode=transit,www.google.com,True
daily/day-14.html,https://www.ot-cassis.com/l-office.html,www.ot-cassis.com,True
daily/day-14.html,https://www.google.com/maps/dir/?api=1&amp;origin=Parking%20relais%20des%20Gorguettes%2C%20Cassis&amp;destination=2%20Place%20Coimbra%2C%20R%C3%A9sidence%20Les%20Toits%20de%20M%C3%A9janes%2C%2013090%20Aix-en-Provence&amp;travelmode=driving,www.google.com,True
daily/day-14.html,https://www.google.com/maps/dir/?api=1&amp;origin=Parking%20relais%20des%20Gorguettes%2C%20Cassis&amp;destination=2%20Place%20Coimbra%2C%20R%C3%A9sidence%20Les%20Toits%20de%20M%C3%A9janes%2C%2013090%20Aix-en-Provence&amp;travelmode=driving,www.google.com,True
daily/day-14.html,https://www.ot-cassis.com/l-office.html,www.ot-cassis.com,True
daily/day-14.html,https://www.google.com/maps/dir/?api=1&amp;origin=Parking%20relais%20des%20Gorguettes%2C%20Cassis&amp;destination=2%20Place%20Coimbra%2C%20R%C3%A9sidence%20Les%20Toits%20de%20M%C3%A9janes%2C%2013090%20Aix-en-Provence&amp;travelmode=driving,www.google.com,True
daily/day-14.html,"https://www.google.com/maps/search/?api=1&amp;query=43.5283,5.4497",www.google.com,True
daily/day-14.html,"https://www.google.com/maps/search/?api=1&amp;query=43.5283,5.4497",www.google.com,True
daily/day-14.html,https://www.google.com/maps/search/?api=1&amp;query=2%20Place%20Coimbra%2C%20R%C3%A9sidence%20Les%20Toits%20de%20M%C3%A9janes%2C%2013090%20Aix-en-Provence,www.google.com,True
daily/day-14.html,https://www.google.com/maps/search/?api=1&amp;query=2%20Place%20Coimbra%2C%20R%C3%A9sidence%20Les%20Toits%20de%20M%C3%A9janes%2C%2013090%20Aix-en-Provence,www.google.com,True
daily/day-14.html,https://www.google.com/maps/dir/?api=1&amp;origin=2%20Place%20Coimbra%2C%20R%C3%A9sidence%20Les%20Toits%20de%20M%C3%A9janes%2C%2013090%20Aix-en-Provence&amp;destination=Parking%20relais%20des%20Gorguettes%2C%20Cassis&amp;travelmode=driving,www.google.com,True
daily/day-14.html,https://www.google.com/maps/search/?api=1&amp;query=Parking%20relais%20des%20Gorguettes%2C%20Cassis,www.google.com,True
daily/day-14.html,https://www.google.com/maps/search/?api=1&amp;query=Port%20de%20Cassis%2C%20Quai%20Saint-Pierre%2C%20Cassis,www.google.com,True
daily/day-14.html,https://www.google.com/maps/search/?api=1&amp;query=Port%20de%20Cassis%2C%20Quai%20Saint-Pierre%2C%20Cassis,www.google.com,True
daily/day-14.html,https://www.google.com/maps/search/?api=1&amp;query=Chez%20Gilbert%2C%20Cassis,www.google.com,True
daily/day-14.html,https://www.google.com/maps/dir/?api=1&amp;origin=Port-Miou%2C%20Cassis&amp;destination=Parking%20relais%20des%20Gorguettes%2C%20Cassis&amp;travelmode=transit,www.google.com,True
daily/day-14.html,https://www.google.com/maps/dir/?api=1&amp;origin=Parking%20relais%20des%20Gorguettes%2C%20Cassis&amp;destination=2%20Place%20Coimbra%2C%20R%C3%A9sidence%20Les%20Toits%20de%20M%C3%A9janes%2C%2013090%20Aix-en-Provence&amp;travelmode=driving,www.google.com,True
daily/day-14.html,"https://www.google.com/maps/search/?api=1&amp;query=43.5283,5.4497",www.google.com,True
daily/day-15.html,https://www.google.com/maps/dir/?api=1&amp;origin=Gare%20d%27Aix-en-Provence&amp;destination=Marseille%20Saint-Charles&amp;travelmode=transit,www.google.com,True
daily/day-15.html,https://www.google.com/maps/dir/?api=1&amp;origin=Gare%20d%27Aix-en-Provence&amp;destination=Marseille%20Saint-Charles&amp;travelmode=transit,www.google.com,True
daily/day-15.html,https://www.google.com/maps/dir/?api=1&amp;origin=Gare%20d%27Aix-en-Provence&amp;destination=Marseille%20Saint-Charles&amp;travelmode=transit,www.google.com,True
daily/day-15.html,https://www.google.com/maps/dir/?api=1&amp;origin=Gare%20d%27Aix-en-Provence&amp;destination=Marseille%20Saint-Charles&amp;travelmode=transit,www.google.com,True
daily/day-15.html,https://www.google.com/maps/search/?api=1&amp;query=Vieux-Port%20de%20Marseille%2C%20Marseille,www.google.com,True
daily/day-15.html,https://www.google.com/maps/search/?api=1&amp;query=Vieux-Port%20de%20Marseille%2C%20Marseille,www.google.com,True
daily/day-15.html,https://www.marseille-tourisme.com/en/discover-marseille/culture-heritage/discover-the-sites-and-monuments-in-marseille/the-old-port/,www.marseille-tourisme.com,True
daily/day-15.html,https://www.google.com/maps/search/?api=1&amp;query=Le%20Panier%2C%20Marseille,www.google.com,True
daily/day-15.html,https://www.google.com/maps/search/?api=1&amp;query=Le%20Panier%2C%20Marseille,www.google.com,True
daily/day-15.html,https://www.marseille-tourisme.com/en/discover-marseille/culture-heritage/the-districts-of-marseille/the-panier-district/,www.marseille-tourisme.com,True
daily/day-15.html,https://www.google.com/maps/search/?api=1&amp;query=Mucem%2C%20Marseille,www.google.com,True
daily/day-15.html,https://www.google.com/maps/search/?api=1&amp;query=Mucem%2C%20Marseille,www.google.com,True
daily/day-15.html,https://mucem.org/questions-frequentes/,mucem.org,True
daily/day-15.html,https://www.google.com/maps/search/?api=1&amp;query=Vieux-Port%20de%20Marseille%2C%20Marseille,www.google.com,True
daily/day-15.html,https://www.google.com/maps/search/?api=1&amp;query=Vieux-Port%20de%20Marseille%2C%20Marseille,www.google.com,True
daily/day-15.html,https://www.marseille-tourisme.com/en/discover-marseille/culture-heritage/discover-the-sites-and-monuments-in-marseille/the-old-port/,www.marseille-tourisme.com,True
daily/day-15.html,https://www.google.com/maps/search/?api=1&amp;query=Vieux-Port%20de%20Marseille%2C%20Marseille,www.google.com,True
daily/day-15.html,https://www.google.com/maps/search/?api=1&amp;query=Basilique%20Notre-Dame%20de%20la%20Garde%2C%20Marseille,www.google.com,True
daily/day-15.html,https://www.google.com/maps/search/?api=1&amp;query=Basilique%20Notre-Dame%20de%20la%20Garde%2C%20Marseille,www.google.com,True
daily/day-15.html,https://www.google.com/maps/search/?api=1&amp;query=Basilique%20Notre-Dame%20de%20la%20Garde%2C%20Marseille,www.google.com,True
daily/day-15.html,https://www.google.com/maps/search/?api=1&amp;query=Vallon%20des%20Auffes%2C%20Marseille,www.google.com,True
daily/day-15.html,https://www.google.com/maps/search/?api=1&amp;query=Vallon%20des%20Auffes%2C%20Marseille,www.google.com,True
daily/day-15.html,https://www.google.com/maps/search/?api=1&amp;query=Vallon%20des%20Auffes%2C%20Marseille,www.google.com,True
daily/day-15.html,https://www.google.com/maps/dir/?api=1&amp;origin=Marseille%20Saint-Charles&amp;destination=Gare%20d%27Aix-en-Provence&amp;travelmode=transit,www.google.com,True
daily/day-15.html,https://www.google.com/maps/dir/?api=1&amp;origin=Marseille%20Saint-Charles&amp;destination=Gare%20d%27Aix-en-Provence&amp;travelmode=transit,www.google.com,True
daily/day-15.html,https://www.mucem.org/infos-pratiques,www.mucem.org,True
daily/day-15.html,https://www.google.com/maps/dir/?api=1&amp;origin=Marseille%20Saint-Charles&amp;destination=Gare%20d%27Aix-en-Provence&amp;travelmode=transit,www.google.com,True
daily/day-15.html,https://www.google.com/maps/search/?api=1&amp;query=2%20Place%20Coimbra%2C%20R%C3%A9sidence%20Les%20Toits%20de%20M%C3%A9janes%2C%2013090%20Aix-en-Provence,www.google.com,True
daily/day-15.html,https://www.google.com/maps/search/?api=1&amp;query=2%20Place%20Coimbra%2C%20R%C3%A9sidence%20Les%20Toits%20de%20M%C3%A9janes%2C%2013090%20Aix-en-Provence,www.google.com,True
daily/day-15.html,https://www.google.com/maps/dir/?api=1&amp;origin=Gare%20d%27Aix-en-Provence&amp;destination=Marseille%20Saint-Charles&amp;travelmode=transit,www.google.com,True
daily/day-15.html,https://www.google.com/maps/search/?api=1&amp;query=Vieux-Port%20de%20Marseille%2C%20Marseille,www.google.com,True
daily/day-15.html,https://www.google.com/maps/search/?api=1&amp;query=Le%20Panier%2C%20Marseille,www.google.com,True
daily/day-15.html,https://www.google.com/maps/search/?api=1&amp;query=Mucem%2C%20Marseille,www.google.com,True
daily/day-15.html,https://www.google.com/maps/search/?api=1&amp;query=Vieux-Port%20de%20Marseille%2C%20Marseille,www.google.com,True
daily/day-15.html,https://www.google.com/maps/search/?api=1&amp;query=Basilique%20Notre-Dame%20de%20la%20Garde%2C%20Marseille,www.google.com,True
daily/day-15.html,https://www.google.com/maps/search/?api=1&amp;query=Vallon%20des%20Auffes%2C%20Marseille,www.google.com,True
daily/day-15.html,https://www.google.com/maps/dir/?api=1&amp;origin=Marseille%20Saint-Charles&amp;destination=Gare%20d%27Aix-en-Provence&amp;travelmode=transit,www.google.com,True
daily/day-16.html,https://www.google.com/maps/search/?api=1&amp;query=Lourmarin%2C%20France,www.google.com,True
daily/day-16.html,https://chateaudelourmarin.com/infos-pratiques/,chateaudelourmarin.com,True
daily/day-16.html,https://www.google.com/maps/dir/?api=1&amp;origin=Aix-en-Provence&amp;destination=Lourmarin&amp;travelmode=driving,www.google.com,True
daily/day-16.html,https://www.google.com/maps/dir/?api=1&amp;origin=Aix-en-Provence&amp;destination=Lourmarin&amp;travelmode=driving,www.google.com,True
daily/day-16.html,https://www.google.com/maps/dir/?api=1&amp;origin=Aix-en-Provence&amp;destination=Lourmarin&amp;travelmode=driving,www.google.com,True
daily/day-16.html,https://www.google.com/maps/search/?api=1&amp;query=Lourmarin%2C%20France,www.google.com,True
daily/day-16.html,https://www.google.com/maps/search/?api=1&amp;query=Lourmarin%2C%20France,www.google.com,True
daily/day-16.html,https://chateaudelourmarin.com/infos-pratiques/,chateaudelourmarin.com,True
daily/day-16.html,"https://www.google.com/maps/search/?api=1&amp;query=43.765182,5.362981",www.google.com,True
daily/day-16.html,"https://www.google.com/maps/search/?api=1&amp;query=43.765182,5.362981",www.google.com,True
daily/day-16.html,https://www.provenceguide.com/restaurants/luberon/la-recreation/provence-2997991-1.html,www.provenceguide.com,True
daily/day-16.html,"https://www.google.com/maps/search/?api=1&amp;query=43.765182,5.362981",www.google.com,True
daily/day-16.html,https://www.google.com/maps/search/?api=1&amp;query=Bonnieux%2C%20France,www.google.com,True
daily/day-16.html,https://www.google.com/maps/search/?api=1&amp;query=Bonnieux%2C%20France,www.google.com,True
daily/day-16.html,https://www.google.com/maps/search/?api=1&amp;query=Bonnieux%2C%20France,www.google.com,True
daily/day-16.html,https://www.google.com/maps/search/?api=1&amp;query=Lacoste%2C%20Vaucluse%2C%20France,www.google.com,True
daily/day-16.html,https://www.google.com/maps/search/?api=1&amp;query=Lacoste%2C%20Vaucluse%2C%20France,www.google.com,True
daily/day-16.html,https://www.google.com/maps/search/?api=1&amp;query=Lacoste%2C%20Vaucluse%2C%20France,www.google.com,True
daily/day-16.html,https://www.google.com/maps/search/?api=1&amp;query=Gordes%20accommodation%2C%20France,www.google.com,True
daily/day-16.html,https://www.google.com/maps/search/?api=1&amp;query=Gordes%20accommodation%2C%20France,www.google.com,True
daily/day-16.html,https://www.google.com/maps/search/?api=1&amp;query=Gordes%2C%20France,www.google.com,True
daily/day-16.html,https://www.google.com/maps/search/?api=1&amp;query=Gordes%2C%20France,www.google.com,True
daily/day-16.html,"https://www.gordes-village.com/patrimoine,musee,le-chateau,102.html",www.gordes-village.com,True
daily/day-16.html,https://www.google.com/maps/search/?api=1&amp;query=Gordes%20accommodation%2C%20France,www.google.com,True
daily/day-16.html,https://www.google.com/maps/search/?api=1&amp;query=Gordes%20accommodation%2C%20France,www.google.com,True
daily/day-16.html,https://www.google.com/maps/dir/?api=1&amp;origin=Aix-en-Provence&amp;destination=Lourmarin&amp;travelmode=driving,www.google.com,True
daily/day-16.html,https://www.google.com/maps/search/?api=1&amp;query=Lourmarin%2C%20France,www.google.com,True
daily/day-16.html,"https://www.google.com/maps/search/?api=1&amp;query=43.765182,5.362981",www.google.com,True
daily/day-16.html,https://www.google.com/maps/search/?api=1&amp;query=Bonnieux%2C%20France,www.google.com,True
daily/day-16.html,https://www.google.com/maps/search/?api=1&amp;query=Lacoste%2C%20Vaucluse%2C%20France,www.google.com,True
daily/day-16.html,https://www.google.com/maps/search/?api=1&amp;query=Gordes%2C%20France,www.google.com,True
daily/day-17.html,https://www.google.com/maps/search/?api=1&amp;query=Sentier%20des%20Ocres%2C%20Roussillon,www.google.com,True
daily/day-17.html,https://www.provenceguide.com/equipements/luberon/sentier-des-ocres/provence-821608-1.html,www.provenceguide.com,True
daily/day-17.html,https://www.google.com/maps/search/?api=1&amp;query=Gordes%20accommodation%2C%20France,www.google.com,True
daily/day-17.html,https://www.google.com/maps/search/?api=1&amp;query=Gordes%20accommodation%2C%20France,www.google.com,True
daily/day-17.html,https://www.google.com/maps/search/?api=1&amp;query=Gordes%20accommodation%2C%20France,www.google.com,True
daily/day-17.html,https://www.google.com/maps/search/?api=1&amp;query=Sentier%20des%20Ocres%2C%20Roussillon,www.google.com,True
daily/day-17.html,https://www.google.com/maps/search/?api=1&amp;query=Sentier%20des%20Ocres%2C%20Roussillon,www.google.com,True
daily/day-17.html,https://www.provenceguide.com/equipements/luberon/sentier-des-ocres/provence-821608-1.html,www.provenceguide.com,True
daily/day-17.html,https://www.google.com/maps/search/?api=1&amp;query=Sentier%20des%20Ocres%2C%20Roussillon,www.google.com,True
daily/day-17.html,https://www.google.com/maps/search/?api=1&amp;query=M%C3%A9nerbes%2C%20France,www.google.com,True
daily/day-17.html,https://www.google.com/maps/search/?api=1&amp;query=M%C3%A9nerbes%2C%20France,www.google.com,True
daily/day-17.html,https://bistrotle5.com/,bistrotle5.com,True
daily/day-17.html,https://www.google.com/maps/search/?api=1&amp;query=M%C3%A9nerbes%2C%20France,www.google.com,True
daily/day-17.html,https://www.google.com/maps/search/?api=1&amp;query=Goult%2C%20France,www.google.com,True
daily/day-17.html,https://www.google.com/maps/search/?api=1&amp;query=Goult%2C%20France,www.google.com,True
daily/day-17.html,https://www.goult.fr/commerces/,www.goult.fr,True
daily/day-17.html,https://www.google.com/maps/search/?api=1&amp;query=Goult%2C%20France,www.google.com,True
daily/day-17.html,https://www.google.com/maps/search/?api=1&amp;query=Abbaye%20Notre-Dame%20de%20S%C3%A9nanque%2C%20Gordes,www.google.com,True
daily/day-17.html,https://www.google.com/maps/search/?api=1&amp;query=Abbaye%20Notre-Dame%20de%20S%C3%A9nanque%2C%20Gordes,www.google.com,True
daily/day-17.html,https://abbaye-senanque.tickeasy.com/en-GB/,abbaye-senanque.tickeasy.com,True
daily/day-17.html,https://www.google.com/maps/search/?api=1&amp;query=Abbaye%20Notre-Dame%20de%20S%C3%A9nanque%2C%20Gordes,www.google.com,True
daily/day-17.html,https://www.google.com/maps/search/?api=1&amp;query=Gordes%2C%20France,www.google.com,True
daily/day-17.html,https://www.google.com/maps/search/?api=1&amp;query=Gordes%2C%20France,www.google.com,True
daily/day-17.html,"https://www.gordes-village.com/patrimoine,musee,le-chateau,102.html",www.gordes-village.com,True
daily/day-17.html,https://www.google.com/maps/search/?api=1&amp;query=Sentier%20des%20Ocres%2C%20Roussillon,www.google.com,True
daily/day-17.html,https://www.google.com/maps/search/?api=1&amp;query=M%C3%A9nerbes%2C%20France,www.google.com,True
daily/day-17.html,https://www.google.com/maps/search/?api=1&amp;query=Goult%2C%20France,www.google.com,True
daily/day-17.html,https://www.google.com/maps/search/?api=1&amp;query=Abbaye%20Notre-Dame%20de%20S%C3%A9nanque%2C%20Gordes,www.google.com,True
daily/day-18.html,https://www.google.com/maps/search/?api=1&amp;query=L%27Isle-sur-la-Sorgue%2C%20France,www.google.com,True
daily/day-18.html,https://www.provenceguide.com/marches/pays-des-sorgues/offres-18-1.html,www.provenceguide.com,True
daily/day-18.html,"https://www.google.com/maps/search/?api=1&amp;query=43.91181,5.20043",www.google.com,True
daily/day-18.html,"https://www.google.com/maps/search/?api=1&amp;query=43.91181,5.20043",www.google.com,True
daily/day-18.html,"https://www.google.com/maps/search/?api=1&amp;query=43.91181,5.20043",www.google.com,True
daily/day-18.html,https://www.google.com/maps/search/?api=1&amp;query=L%27Isle-sur-la-Sorgue%2C%20France,www.google.com,True
daily/day-18.html,https://www.google.com/maps/search/?api=1&amp;query=L%27Isle-sur-la-Sorgue%2C%20France,www.google.com,True
daily/day-18.html,https://www.provenceguide.com/marches/pays-des-sorgues/offres-18-1.html,www.provenceguide.com,True
daily/day-18.html,https://www.google.com/maps/search/?api=1&amp;query=L%27Isle-sur-la-Sorgue%2C%20France,www.google.com,True
daily/day-18.html,https://www.google.com/maps/search/?api=1&amp;query=Fontaine-de-Vaucluse%2C%20France,www.google.com,True
daily/day-18.html,https://www.google.com/maps/search/?api=1&amp;query=Fontaine-de-Vaucluse%2C%20France,www.google.com,True
daily/day-18.html,https://www.google.com/maps/search/?api=1&amp;query=Fontaine-de-Vaucluse%2C%20France,www.google.com,True
daily/day-18.html,"https://www.google.com/maps/search/?api=1&amp;query=43.94993,4.81302",www.google.com,True
daily/day-18.html,"https://www.google.com/maps/search/?api=1&amp;query=43.94993,4.81302",www.google.com,True
daily/day-18.html,"https://www.google.com/maps/search/?api=1&amp;query=43.9493,4.8061",www.google.com,True
daily/day-18.html,"https://www.google.com/maps/search/?api=1&amp;query=43.9493,4.8061",www.google.com,True
daily/day-18.html,"https://www.google.com/maps/search/?api=1&amp;query=43.94993,4.81302",www.google.com,True
daily/day-18.html,"https://www.google.com/maps/search/?api=1&amp;query=43.94993,4.81302",www.google.com,True
daily/day-18.html,https://www.google.com/maps/search/?api=1&amp;query=L%27Isle-sur-la-Sorgue%2C%20France,www.google.com,True
daily/day-18.html,https://www.google.com/maps/search/?api=1&amp;query=Fontaine-de-Vaucluse%2C%20France,www.google.com,True
daily/day-18.html,"https://www.google.com/maps/search/?api=1&amp;query=43.9493,4.8061",www.google.com,True
daily/day-19.html,https://www.google.com/maps/search/?api=1&amp;query=Saint-R%C3%A9my-de-Provence%2C%20France,www.google.com,True
daily/day-19.html,https://www.alpillesenprovence.com/en/fiches/weekly-provencal-market-of-saint-remy-de-provence/,www.alpillesenprovence.com,True
daily/day-19.html,"https://www.google.com/maps/search/?api=1&amp;query=43.94993,4.81302",www.google.com,True
daily/day-19.html,"https://www.google.com/maps/search/?api=1&amp;query=43.94993,4.81302",www.google.com,True
daily/day-19.html,"https://www.google.com/maps/search/?api=1&amp;query=43.94993,4.81302",www.google.com,True
daily/day-19.html,https://www.google.com/maps/search/?api=1&amp;query=Saint-R%C3%A9my-de-Provence%2C%20France,www.google.com,True
daily/day-19.html,https://www.google.com/maps/search/?api=1&amp;query=Saint-R%C3%A9my-de-Provence%2C%20France,www.google.com,True
daily/day-19.html,https://www.alpillesenprovence.com/en/fiches/weekly-provencal-market-of-saint-remy-de-provence/,www.alpillesenprovence.com,True
daily/day-19.html,"https://www.google.com/maps/search/?api=1&amp;query=43.7885782,4.8317498",www.google.com,True
daily/day-19.html,"https://www.google.com/maps/search/?api=1&amp;query=43.7885782,4.8317498",www.google.com,True
daily/day-19.html,"https://www.google.com/maps/search/?api=1&amp;query=43.7885782,4.8317498",www.google.com,True
daily/day-19.html,https://www.google.com/maps/search/?api=1&amp;query=Les%20Baux-de-Provence%2C%20France,www.google.com,True
daily/day-19.html,https://www.google.com/maps/search/?api=1&amp;query=Les%20Baux-de-Provence%2C%20France,www.google.com,True
daily/day-19.html,https://www.lesbauxdeprovence.com/en/prepare-you-visit/practical-information/,www.lesbauxdeprovence.com,True
daily/day-19.html,https://www.google.com/maps/search/?api=1&amp;query=Les%20Baux-de-Provence%2C%20France,www.google.com,True
daily/day-19.html,https://www.google.com/maps/search/?api=1&amp;query=Th%C3%A9%C3%A2tre%20antique%2C%20Orange%2C%20France,www.google.com,True
daily/day-19.html,https://www.google.com/maps/search/?api=1&amp;query=Th%C3%A9%C3%A2tre%20antique%2C%20Orange%2C%20France,www.google.com,True
daily/day-19.html,https://www.theatre-antique.com/,www.theatre-antique.com,True
daily/day-19.html,https://www.google.com/maps/search/?api=1&amp;query=Th%C3%A9%C3%A2tre%20antique%2C%20Orange%2C%20France,www.google.com,True
daily/day-19.html,"https://www.google.com/maps/search/?api=1&amp;query=43.94993,4.81302",www.google.com,True
daily/day-19.html,"https://www.google.com/maps/search/?api=1&amp;query=43.94993,4.81302",www.google.com,True
daily/day-19.html,https://www.google.com/maps/search/?api=1&amp;query=Saint-R%C3%A9my-de-Provence%2C%20France,www.google.com,True
daily/day-19.html,"https://www.google.com/maps/search/?api=1&amp;query=43.7885782,4.8317498",www.google.com,True
daily/day-19.html,https://www.google.com/maps/search/?api=1&amp;query=Les%20Baux-de-Provence%2C%20France,www.google.com,True
daily/day-19.html,https://www.google.com/maps/search/?api=1&amp;query=Th%C3%A9%C3%A2tre%20antique%2C%20Orange%2C%20France,www.google.com,True
daily/day-20.html,https://www.google.com/maps/search/?api=1&amp;query=Place%20aux%20Herbes%2C%20Uz%C3%A8s,www.google.com,True
daily/day-20.html,https://www.uzes-pontdugard.com/en/,www.uzes-pontdugard.com,True
daily/day-20.html,https://www.google.com/maps/dir/?api=1&amp;origin=Avignon&amp;destination=Uz%C3%A8s&amp;travelmode=driving,www.google.com,True
daily/day-20.html,https://www.google.com/maps/dir/?api=1&amp;origin=Avignon&amp;destination=Uz%C3%A8s&amp;travelmode=driving,www.google.com,True
daily/day-20.html,https://www.google.com/maps/search/?api=1&amp;query=Place%20aux%20Herbes%2C%20Uz%C3%A8s,www.google.com,True
daily/day-20.html,https://www.google.com/maps/search/?api=1&amp;query=Place%20aux%20Herbes%2C%20Uz%C3%A8s,www.google.com,True
daily/day-20.html,https://www.uzes-pontdugard.com/en/,www.uzes-pontdugard.com,True
daily/day-20.html,https://www.google.com/maps/search/?api=1&amp;query=Pont%20du%20Gard%2C%20Vers-Pont-du-Gard,www.google.com,True
daily/day-20.html,https://www.google.com/maps/search/?api=1&amp;query=Pont%20du%20Gard%2C%20Vers-Pont-du-Gard,www.google.com,True
daily/day-20.html,http://pontdugard.fr/en/practical-information/,pontdugard.fr,True
daily/day-20.html,https://www.google.com/maps/search/?api=1&amp;query=Pont%20du%20Gard%2C%20Vers-Pont-du-Gard,www.google.com,True
daily/day-20.html,https://www.google.com/maps/search/?api=1&amp;query=Pont%20du%20Gard%2C%20Vers-Pont-du-Gard,www.google.com,True
daily/day-20.html,http://pontdugard.fr/en/practical-information/,pontdugard.fr,True
daily/day-20.html,https://www.google.com/maps/search/?api=1&amp;query=Ar%C3%A8nes%20de%20N%C3%AEmes%2C%20Boulevard%20des%20Ar%C3%A8nes%2C%20N%C3%AEmes,www.google.com,True
daily/day-20.html,https://www.google.com/maps/search/?api=1&amp;query=Ar%C3%A8nes%20de%20N%C3%AEmes%2C%20Boulevard%20des%20Ar%C3%A8nes%2C%20N%C3%AEmes,www.google.com,True
daily/day-20.html,https://www.google.com/maps/search/?api=1&amp;query=Maison%20Carr%C3%A9e%2C%20Place%20de%20la%20Maison%20Carr%C3%A9e%2C%20N%C3%AEmes,www.google.com,True
daily/day-20.html,https://www.google.com/maps/search/?api=1&amp;query=Maison%20Carr%C3%A9e%2C%20Place%20de%20la%20Maison%20Carr%C3%A9e%2C%20N%C3%AEmes,www.google.com,True
daily/day-20.html,https://www.google.com/maps/search/?api=1&amp;query=Hertz%2C%20Gare%20TGV%20d%27Avignon%2C%20Place%20de%20l%27Europe%2C%2084000%20Avignon,www.google.com,True
daily/day-20.html,https://www.google.com/maps/search/?api=1&amp;query=Hertz%2C%20Gare%20TGV%20d%27Avignon%2C%20Place%20de%20l%27Europe%2C%2084000%20Avignon,www.google.com,True
daily/day-20.html,"https://www.google.com/maps/search/?api=1&amp;query=43.94993,4.81302",www.google.com,True
daily/day-20.html,"https://www.google.com/maps/search/?api=1&amp;query=43.94993,4.81302",www.google.com,True
daily/day-20.html,https://www.google.com/maps/dir/?api=1&amp;origin=Avignon&amp;destination=Uz%C3%A8s&amp;travelmode=driving,www.google.com,True
daily/day-20.html,https://www.google.com/maps/search/?api=1&amp;query=Place%20aux%20Herbes%2C%20Uz%C3%A8s,www.google.com,True
daily/day-20.html,https://www.google.com/maps/search/?api=1&amp;query=Pont%20du%20Gard%2C%20Vers-Pont-du-Gard,www.google.com,True
daily/day-20.html,https://www.google.com/maps/search/?api=1&amp;query=Pont%20du%20Gard%2C%20Vers-Pont-du-Gard,www.google.com,True
daily/day-20.html,https://www.google.com/maps/search/?api=1&amp;query=Ar%C3%A8nes%20de%20N%C3%AEmes%2C%20Boulevard%20des%20Ar%C3%A8nes%2C%20N%C3%AEmes,www.google.com,True
daily/day-20.html,https://www.google.com/maps/search/?api=1&amp;query=Maison%20Carr%C3%A9e%2C%20Place%20de%20la%20Maison%20Carr%C3%A9e%2C%20N%C3%AEmes,www.google.com,True
daily/day-20.html,https://www.google.com/maps/search/?api=1&amp;query=Hertz%2C%20Gare%20TGV%20d%27Avignon%2C%20Place%20de%20l%27Europe%2C%2084000%20Avignon,www.google.com,True
daily/day-21.html,https://www.google.com/maps/dir/?api=1&amp;origin=Gare%20d%27Avignon%20Centre&amp;destination=Gare%20d%27Arles&amp;travelmode=transit,www.google.com,True
daily/day-21.html,https://www.google.com/maps/dir/?api=1&amp;origin=Gare%20d%27Avignon%20Centre&amp;destination=Gare%20d%27Arles&amp;travelmode=transit,www.google.com,True
daily/day-21.html,https://www.google.com/maps/dir/?api=1&amp;origin=Gare%20d%27Avignon%20Centre&amp;destination=Gare%20d%27Arles&amp;travelmode=transit,www.google.com,True
daily/day-21.html,https://www.google.com/maps/search/?api=1&amp;query=Ar%C3%A8nes%20d%27Arles%2C%20Arles,www.google.com,True
daily/day-21.html,https://www.google.com/maps/search/?api=1&amp;query=Ar%C3%A8nes%20d%27Arles%2C%20Arles,www.google.com,True
daily/day-21.html,https://www.arlestourisme.com/en/practical-information-monuments.html,www.arlestourisme.com,True
daily/day-21.html,https://www.google.com/maps/search/?api=1&amp;query=Th%C3%A9%C3%A2tre%20Antique%20d%27Arles%2C%20Arles,www.google.com,True
daily/day-21.html,https://www.google.com/maps/search/?api=1&amp;query=Th%C3%A9%C3%A2tre%20Antique%20d%27Arles%2C%20Arles,www.google.com,True
daily/day-21.html,https://www.arlestourisme.com/en/practical-information-monuments.html,www.arlestourisme.com,True
daily/day-21.html,https://www.google.com/maps/search/?api=1&amp;query=Le%20Gibolin%2C%2013%20rue%20des%20Porcelets%2C%20Arles,www.google.com,True
daily/day-21.html,https://www.google.com/maps/search/?api=1&amp;query=Le%20Gibolin%2C%2013%20rue%20des%20Porcelets%2C%20Arles,www.google.com,True
daily/day-21.html,https://www.arlestourisme.com/,www.arlestourisme.com,True
daily/day-21.html,https://www.google.com/maps/search/?api=1&amp;query=Clo%C3%AEtre%20Saint-Trophime%2C%20Arles,www.google.com,True
daily/day-21.html,https://www.google.com/maps/search/?api=1&amp;query=Clo%C3%AEtre%20Saint-Trophime%2C%20Arles,www.google.com,True
daily/day-21.html,https://www.arlestourisme.com/en/practical-information-monuments.html,www.arlestourisme.com,True
daily/day-21.html,https://www.google.com/maps/search/?api=1&amp;query=%C3%89glise%20Saint-C%C3%A9saire%2C%20Arles,www.google.com,True
daily/day-21.html,https://www.google.com/maps/search/?api=1&amp;query=%C3%89glise%20Saint-C%C3%A9saire%2C%20Arles,www.google.com,True
daily/day-21.html,https://www.arlestourisme.com/en/practical-information-monuments.html,www.arlestourisme.com,True
daily/day-21.html,https://www.google.com/maps/dir/?api=1&amp;origin=Gare%20d%27Arles&amp;destination=Gare%20d%27Avignon%20Centre&amp;travelmode=transit,www.google.com,True
daily/day-21.html,https://www.google.com/maps/dir/?api=1&amp;origin=Gare%20d%27Arles&amp;destination=Gare%20d%27Avignon%20Centre&amp;travelmode=transit,www.google.com,True
daily/day-21.html,https://www.google.com/maps/dir/?api=1&amp;origin=Gare%20d%27Avignon%20Centre&amp;destination=Gare%20d%27Arles&amp;travelmode=transit,www.google.com,True
daily/day-21.html,https://www.google.com/maps/search/?api=1&amp;query=Ar%C3%A8nes%20d%27Arles%2C%20Arles,www.google.com,True
daily/day-21.html,https://www.google.com/maps/search/?api=1&amp;query=Th%C3%A9%C3%A2tre%20Antique%20d%27Arles%2C%20Arles,www.google.com,True
daily/day-21.html,https://www.google.com/maps/search/?api=1&amp;query=Le%20Gibolin%2C%2013%20rue%20des%20Porcelets%2C%20Arles,www.google.com,True
daily/day-21.html,https://www.google.com/maps/search/?api=1&amp;query=Clo%C3%AEtre%20Saint-Trophime%2C%20Arles,www.google.com,True
daily/day-21.html,https://www.google.com/maps/search/?api=1&amp;query=%C3%89glise%20Saint-C%C3%A9saire%2C%20Arles,www.google.com,True
daily/day-21.html,https://www.google.com/maps/dir/?api=1&amp;origin=Gare%20d%27Arles&amp;destination=Gare%20d%27Avignon%20Centre&amp;travelmode=transit,www.google.com,True
daily/day-22.html,https://www.google.com/maps/search/?api=1&amp;query=Les%20Halles%20d%27Avignon%2C%20Place%20Pie%2C%20Avignon,www.google.com,True
daily/day-22.html,https://www.avignon-leshalles.com/,www.avignon-leshalles.com,True
daily/day-22.html,https://www.google.com/maps/search/?api=1&amp;query=Les%20Halles%20d%27Avignon%2C%20Place%20Pie%2C%20Avignon,www.google.com,True
daily/day-22.html,https://www.google.com/maps/search/?api=1&amp;query=Les%20Halles%20d%27Avignon%2C%20Place%20Pie%2C%20Avignon,www.google.com,True
daily/day-22.html,https://www.avignon-leshalles.com/,www.avignon-leshalles.com,True
daily/day-22.html,https://www.google.com/maps/search/?api=1&amp;query=Palais%20des%20Papes%2C%20Avignon,www.google.com,True
daily/day-22.html,https://www.google.com/maps/search/?api=1&amp;query=Palais%20des%20Papes%2C%20Avignon,www.google.com,True
daily/day-22.html,https://www.palais-des-papes.com/fr/informations-pratiques,www.palais-des-papes.com,True
daily/day-22.html,https://www.google.com/maps/search/?api=1&amp;query=Palais%20des%20Papes%2C%20Avignon,www.google.com,True
daily/day-22.html,https://www.google.com/maps/search/?api=1&amp;query=Palais%20des%20Papes%2C%20Avignon,www.google.com,True
daily/day-22.html,https://www.palais-des-papes.com/fr/informations-pratiques,www.palais-des-papes.com,True
daily/day-22.html,https://www.google.com/maps/search/?api=1&amp;query=Jardin%20du%20Rocher%20des%20Doms%2C%20Avignon,www.google.com,True
daily/day-22.html,https://www.google.com/maps/search/?api=1&amp;query=Jardin%20du%20Rocher%20des%20Doms%2C%20Avignon,www.google.com,True
daily/day-22.html,https://www.avignon.fr/les-equipements/les-parcs-et-jardins/les-parcs-du-centre-ville/parc-du-rocher-des-doms,www.avignon.fr,True
daily/day-22.html,https://www.google.com/maps/search/?api=1&amp;query=Pont%20Saint-B%C3%A9n%C3%A9zet%2C%20Avignon,www.google.com,True
daily/day-22.html,https://www.google.com/maps/search/?api=1&amp;query=Pont%20Saint-B%C3%A9n%C3%A9zet%2C%20Avignon,www.google.com,True
daily/day-22.html,https://avignon-tourisme.com/en/offres/pont-davignon-saint-benezet-avignon-en-4143415/,avignon-tourisme.com,True
daily/day-22.html,https://www.google.com/maps/search/?api=1&amp;query=Centre%20Historique%20d%27Avignon%2C%2084000%20Avignon,www.google.com,True
daily/day-22.html,https://www.google.com/maps/search/?api=1&amp;query=Centre%20Historique%20d%27Avignon%2C%2084000%20Avignon,www.google.com,True
daily/day-22.html,https://www.google.com/maps/search/?api=1&amp;query=Les%20Cocottes%20Saint%20Louis%2C%2020%20rue%20du%20Portail%20Boquier%2C%20Avignon,www.google.com,True
daily/day-22.html,https://www.google.com/maps/search/?api=1&amp;query=Les%20Cocottes%20Saint%20Louis%2C%2020%20rue%20du%20Portail%20Boquier%2C%20Avignon,www.google.com,True
daily/day-22.html,https://www.cloitre-saint-louis.com/,www.cloitre-saint-louis.com,True
daily/day-22.html,https://www.google.com/maps/search/?api=1&amp;query=Les%20Halles%20d%27Avignon%2C%20Place%20Pie%2C%20Avignon,www.google.com,True
daily/day-22.html,https://www.google.com/maps/search/?api=1&amp;query=Palais%20des%20Papes%2C%20Avignon,www.google.com,True
daily/day-22.html,https://www.google.com/maps/search/?api=1&amp;query=Palais%20des%20Papes%2C%20Avignon,www.google.com,True
daily/day-22.html,https://www.google.com/maps/search/?api=1&amp;query=Jardin%20du%20Rocher%20des%20Doms%2C%20Avignon,www.google.com,True
daily/day-22.html,https://www.google.com/maps/search/?api=1&amp;query=Pont%20Saint-B%C3%A9n%C3%A9zet%2C%20Avignon,www.google.com,True
daily/day-22.html,https://www.google.com/maps/search/?api=1&amp;query=Centre%20Historique%20d%27Avignon%2C%2084000%20Avignon,www.google.com,True
daily/day-22.html,https://www.google.com/maps/search/?api=1&amp;query=Les%20Cocottes%20Saint%20Louis%2C%2020%20rue%20du%20Portail%20Boquier%2C%20Avignon,www.google.com,True
daily/day-23.html,https://www.google.com/maps/dir/?api=1&amp;origin=Gare%20d%27Avignon%20TGV&amp;destination=Gare%20de%20Lyon%20Part-Dieu&amp;travelmode=transit,www.google.com,True
daily/day-23.html,https://www.google.com/maps/search/?api=1&amp;query=Lagrange%20Apart%27Hotel%20Lyon%20Lumi%C3%A8re%2C%2081-85%20Cours%20Albert%20Thomas%2C%20Lyon,www.google.com,True
daily/day-23.html,https://www.google.com/maps/search/?api=1&amp;query=Lagrange%20Apart%27Hotel%20Lyon%20Lumi%C3%A8re%2C%2081-85%20Cours%20Albert%20Thomas%2C%20Lyon,www.google.com,True
daily/day-23.html,https://www.google.com/maps/dir/?api=1&amp;origin=Gare%20d%27Avignon%20TGV&amp;destination=Gare%20de%20Lyon%20Part-Dieu&amp;travelmode=transit,www.google.com,True
daily/day-23.html,https://www.google.com/maps/dir/?api=1&amp;origin=Gare%20d%27Avignon%20TGV&amp;destination=Gare%20de%20Lyon%20Part-Dieu&amp;travelmode=transit,www.google.com,True
daily/day-23.html,https://www.google.com/maps/search/?api=1&amp;query=Lagrange%20Apart%27Hotel%20Lyon%20Lumi%C3%A8re%2C%2081-85%20Cours%20Albert%20Thomas%2C%20Lyon,www.google.com,True
daily/day-23.html,https://www.google.com/maps/search/?api=1&amp;query=Lagrange%20Apart%27Hotel%20Lyon%20Lumi%C3%A8re%2C%2081-85%20Cours%20Albert%20Thomas%2C%20Lyon,www.google.com,True
daily/day-23.html,https://www.google.com/maps/search/?api=1&amp;query=Place%20Bellecour%2C%20Lyon,www.google.com,True
daily/day-23.html,https://www.google.com/maps/search/?api=1&amp;query=Place%20Bellecour%2C%20Lyon,www.google.com,True
daily/day-23.html,https://www.google.com/maps/search/?api=1&amp;query=Caf%C3%A9%20Comptoir%20Abel%2C%2025%20rue%20Guynemer%2C%20Lyon,www.google.com,True
daily/day-23.html,https://www.google.com/maps/search/?api=1&amp;query=Caf%C3%A9%20Comptoir%20Abel%2C%2025%20rue%20Guynemer%2C%20Lyon,www.google.com,True
daily/day-23.html,https://www.cafecomptoirabel.com/,www.cafecomptoirabel.com,True
daily/day-23.html,https://www.google.com/maps/dir/?api=1&amp;origin=Gare%20d%27Avignon%20TGV&amp;destination=Gare%20de%20Lyon%20Part-Dieu&amp;travelmode=transit,www.google.com,True
daily/day-23.html,https://www.google.com/maps/search/?api=1&amp;query=Place%20Bellecour%2C%20Lyon,www.google.com,True
daily/day-23.html,https://www.google.com/maps/search/?api=1&amp;query=Caf%C3%A9%20Comptoir%20Abel%2C%2025%20rue%20Guynemer%2C%20Lyon,www.google.com,True
daily/day-24.html,https://www.google.com/maps/dir/?api=1&amp;origin=Place%20Bellecour%2C%20Lyon&amp;destination=Basilique%20Notre-Dame%20de%20Fourvi%C3%A8re%2C%20Lyon&amp;travelmode=transit,www.google.com,True
daily/day-24.html,https://www.google.com/maps/dir/?api=1&amp;origin=Place%20Bellecour%2C%20Lyon&amp;destination=Basilique%20Notre-Dame%20de%20Fourvi%C3%A8re%2C%20Lyon&amp;travelmode=transit,www.google.com,True
daily/day-24.html,https://www.google.com/maps/dir/?api=1&amp;origin=Place%20Bellecour%2C%20Lyon&amp;destination=Basilique%20Notre-Dame%20de%20Fourvi%C3%A8re%2C%20Lyon&amp;travelmode=transit,www.google.com,True
daily/day-24.html,https://www.google.com/maps/search/?api=1&amp;query=Basilique%20Notre-Dame%20de%20Fourvi%C3%A8re%2C%20Lyon,www.google.com,True
daily/day-24.html,https://www.google.com/maps/search/?api=1&amp;query=Basilique%20Notre-Dame%20de%20Fourvi%C3%A8re%2C%20Lyon,www.google.com,True
daily/day-24.html,https://www.fourviere.org/,www.fourviere.org,True
daily/day-24.html,https://www.google.com/maps/search/?api=1&amp;query=Jardin%20du%20Rosaire%2C%20Lyon,www.google.com,True
daily/day-24.html,https://www.google.com/maps/search/?api=1&amp;query=Jardin%20du%20Rosaire%2C%20Lyon,www.google.com,True
daily/day-24.html,https://www.google.com/maps/search/?api=1&amp;query=Cath%C3%A9drale%20Saint-Jean-Baptiste%2C%20Lyon,www.google.com,True
daily/day-24.html,https://www.google.com/maps/search/?api=1&amp;query=Cath%C3%A9drale%20Saint-Jean-Baptiste%2C%20Lyon,www.google.com,True
daily/day-24.html,https://cathedrale-lyon.fr/cathedrale/,cathedrale-lyon.fr,True
daily/day-24.html,https://www.google.com/maps/search/?api=1&amp;query=Cath%C3%A9drale%20Saint-Jean-Baptiste%2C%20Lyon,www.google.com,True
daily/day-24.html,https://www.google.com/maps/search/?api=1&amp;query=Cath%C3%A9drale%20Saint-Jean-Baptiste%2C%20Lyon,www.google.com,True
daily/day-24.html,https://cathedrale-lyon.fr/cathedrale/,cathedrale-lyon.fr,True
daily/day-24.html,https://www.google.com/maps/search/?api=1&amp;query=Passerelle%20Saint-Georges%2C%2069005%20Lyon,www.google.com,True
daily/day-24.html,https://www.google.com/maps/search/?api=1&amp;query=Passerelle%20Saint-Georges%2C%2069005%20Lyon,www.google.com,True
daily/day-24.html,https://www.google.com/maps/search/?api=1&amp;query=Daniel%20et%20Denise%20Cr%C3%A9qui%2C%20Lyon,www.google.com,True
daily/day-24.html,https://www.google.com/maps/search/?api=1&amp;query=Daniel%20et%20Denise%20Cr%C3%A9qui%2C%20Lyon,www.google.com,True
daily/day-24.html,https://danieletdenise.fr/,danieletdenise.fr,True
daily/day-24.html,https://www.google.com/maps/dir/?api=1&amp;origin=Place%20Bellecour%2C%20Lyon&amp;destination=Basilique%20Notre-Dame%20de%20Fourvi%C3%A8re%2C%20Lyon&amp;travelmode=transit,www.google.com,True
daily/day-24.html,https://www.google.com/maps/search/?api=1&amp;query=Basilique%20Notre-Dame%20de%20Fourvi%C3%A8re%2C%20Lyon,www.google.com,True
daily/day-24.html,https://www.google.com/maps/search/?api=1&amp;query=Jardin%20du%20Rosaire%2C%20Lyon,www.google.com,True
daily/day-24.html,https://www.google.com/maps/search/?api=1&amp;query=Cath%C3%A9drale%20Saint-Jean-Baptiste%2C%20Lyon,www.google.com,True
daily/day-24.html,https://www.google.com/maps/search/?api=1&amp;query=Cath%C3%A9drale%20Saint-Jean-Baptiste%2C%20Lyon,www.google.com,True
daily/day-24.html,https://www.google.com/maps/search/?api=1&amp;query=Passerelle%20Saint-Georges%2C%2069005%20Lyon,www.google.com,True
daily/day-24.html,https://www.google.com/maps/search/?api=1&amp;query=Daniel%20et%20Denise%20Cr%C3%A9qui%2C%20Lyon,www.google.com,True
daily/day-25.html,https://www.google.com/maps/search/?api=1&amp;query=Place%20de%20la%20Croix-Rousse%2C%20Lyon,www.google.com,True
daily/day-25.html,https://maisondescanuts.fr/,maisondescanuts.fr,True
daily/day-25.html,https://www.google.com/maps/search/?api=1&amp;query=Place%20de%20la%20Croix-Rousse%2C%20Lyon,www.google.com,True
daily/day-25.html,https://www.google.com/maps/search/?api=1&amp;query=Place%20de%20la%20Croix-Rousse%2C%20Lyon,www.google.com,True
daily/day-25.html,https://maisondescanuts.fr/,maisondescanuts.fr,True
daily/day-25.html,https://www.google.com/maps/search/?api=1&amp;query=Place%20de%20la%20Croix-Rousse%2C%20Lyon,www.google.com,True
daily/day-25.html,https://www.google.com/maps/search/?api=1&amp;query=Place%20de%20la%20Croix-Rousse%2C%20Lyon,www.google.com,True
daily/day-25.html,https://maisondescanuts.fr/,maisondescanuts.fr,True
daily/day-25.html,https://www.google.com/maps/search/?api=1&amp;query=Les%20Halles%20de%20Lyon%20Paul%20Bocuse%2C%20102%20cours%20Lafayette%2C%20Lyon,www.google.com,True
daily/day-25.html,https://www.google.com/maps/search/?api=1&amp;query=Les%20Halles%20de%20Lyon%20Paul%20Bocuse%2C%20102%20cours%20Lafayette%2C%20Lyon,www.google.com,True
daily/day-25.html,https://www.halles-de-lyon-paulbocuse.com/informations-utiles/,www.halles-de-lyon-paulbocuse.com,True
daily/day-25.html,https://www.google.com/maps/search/?api=1&amp;query=Les%20Halles%20de%20Lyon%20Paul%20Bocuse%2C%20102%20cours%20Lafayette%2C%20Lyon,www.google.com,True
daily/day-25.html,https://www.google.com/maps/search/?api=1&amp;query=Les%20Halles%20de%20Lyon%20Paul%20Bocuse%2C%20102%20cours%20Lafayette%2C%20Lyon,www.google.com,True
daily/day-25.html,https://www.halles-de-lyon-paulbocuse.com/informations-utiles/,www.halles-de-lyon-paulbocuse.com,True
daily/day-25.html,https://www.google.com/maps/search/?api=1&amp;query=Parc%20de%20la%20T%C3%AAte%20d%27Or%2C%20Lyon,www.google.com,True
daily/day-25.html,https://www.google.com/maps/search/?api=1&amp;query=Parc%20de%20la%20T%C3%AAte%20d%27Or%2C%20Lyon,www.google.com,True
daily/day-25.html,https://www.lyon.fr/lieu/parcs/parc-de-la-tete-dor,www.lyon.fr,True
daily/day-25.html,https://www.google.com/maps/search/?api=1&amp;query=Lagrange%20Apart%27Hotel%20Lyon%20Lumi%C3%A8re%2C%2081-85%20Cours%20Albert%20Thomas%2C%20Lyon,www.google.com,True
daily/day-25.html,https://www.google.com/maps/search/?api=1&amp;query=Lagrange%20Apart%27Hotel%20Lyon%20Lumi%C3%A8re%2C%2081-85%20Cours%20Albert%20Thomas%2C%20Lyon,www.google.com,True
daily/day-25.html,https://www.google.com/maps/search/?api=1&amp;query=Place%20de%20la%20Croix-Rousse%2C%20Lyon,www.google.com,True
daily/day-25.html,https://www.google.com/maps/search/?api=1&amp;query=Place%20de%20la%20Croix-Rousse%2C%20Lyon,www.google.com,True
daily/day-25.html,https://www.google.com/maps/search/?api=1&amp;query=Les%20Halles%20de%20Lyon%20Paul%20Bocuse%2C%20102%20cours%20Lafayette%2C%20Lyon,www.google.com,True
daily/day-25.html,https://www.google.com/maps/search/?api=1&amp;query=Les%20Halles%20de%20Lyon%20Paul%20Bocuse%2C%20102%20cours%20Lafayette%2C%20Lyon,www.google.com,True
daily/day-25.html,https://www.google.com/maps/search/?api=1&amp;query=Parc%20de%20la%20T%C3%AAte%20d%27Or%2C%20Lyon,www.google.com,True
daily/day-26.html,https://www.google.com/maps/dir/?api=1&amp;origin=Gare%20de%20Lyon%20Part-Dieu&amp;destination=Gare%20d%27Annecy&amp;travelmode=transit,www.google.com,True
daily/day-26.html,https://www.google.com/maps/dir/?api=1&amp;origin=Gare%20de%20Lyon%20Part-Dieu&amp;destination=Gare%20d%27Annecy&amp;travelmode=transit,www.google.com,True
daily/day-26.html,https://www.google.com/maps/dir/?api=1&amp;origin=Gare%20de%20Lyon%20Part-Dieu&amp;destination=Gare%20d%27Annecy&amp;travelmode=transit,www.google.com,True
daily/day-26.html,https://www.google.com/maps/search/?api=1&amp;query=Palais%20de%20l%27%C3%8Ele%2C%20Annecy,www.google.com,True
daily/day-26.html,https://www.google.com/maps/search/?api=1&amp;query=Palais%20de%20l%27%C3%8Ele%2C%20Annecy,www.google.com,True
daily/day-26.html,https://www.haute-savoie-tourisme.org/culture/sites-et-monuments/patrimoine-historique/maisons/173255-palais-de-l-ile,www.haute-savoie-tourisme.org,True
daily/day-26.html,https://www.google.com/maps/search/?api=1&amp;query=Chez%20Mamie%20Lise%2C%2011%20rue%20Grenette%2C%20Annecy,www.google.com,True
daily/day-26.html,https://www.google.com/maps/search/?api=1&amp;query=Chez%20Mamie%20Lise%2C%2011%20rue%20Grenette%2C%20Annecy,www.google.com,True
daily/day-26.html,https://www.chez-mamie-lise.com/,www.chez-mamie-lise.com,True
daily/day-26.html,https://www.google.com/maps/search/?api=1&amp;query=Palais%20de%20l%27%C3%8Ele%2C%20Annecy,www.google.com,True
daily/day-26.html,https://www.google.com/maps/search/?api=1&amp;query=Palais%20de%20l%27%C3%8Ele%2C%20Annecy,www.google.com,True
daily/day-26.html,https://www.haute-savoie-tourisme.org/culture/sites-et-monuments/patrimoine-historique/maisons/173255-palais-de-l-ile,www.haute-savoie-tourisme.org,True
daily/day-26.html,https://www.google.com/maps/dir/?api=1&amp;origin=Gare%20d%27Annecy&amp;destination=Gare%20de%20Lyon%20Part-Dieu&amp;travelmode=transit,www.google.com,True
daily/day-26.html,https://www.google.com/maps/dir/?api=1&amp;origin=Gare%20d%27Annecy&amp;destination=Gare%20de%20Lyon%20Part-Dieu&amp;travelmode=transit,www.google.com,True
daily/day-26.html,https://www.google.com/maps/dir/?api=1&amp;origin=Gare%20de%20Lyon%20Part-Dieu&amp;destination=Gare%20d%27Annecy&amp;travelmode=transit,www.google.com,True
daily/day-26.html,https://www.google.com/maps/search/?api=1&amp;query=Palais%20de%20l%27%C3%8Ele%2C%20Annecy,www.google.com,True
daily/day-26.html,https://www.google.com/maps/search/?api=1&amp;query=Chez%20Mamie%20Lise%2C%2011%20rue%20Grenette%2C%20Annecy,www.google.com,True
daily/day-26.html,https://www.google.com/maps/search/?api=1&amp;query=Palais%20de%20l%27%C3%8Ele%2C%20Annecy,www.google.com,True
daily/day-26.html,https://www.google.com/maps/dir/?api=1&amp;origin=Gare%20d%27Annecy&amp;destination=Gare%20de%20Lyon%20Part-Dieu&amp;travelmode=transit,www.google.com,True
daily/day-27.html,https://www.google.com/maps/search/?api=1&amp;query=Gare%20de%20Lyon%20Part-Dieu,www.google.com,True
daily/day-27.html,https://www.google.com/maps/dir/?api=1&amp;origin=Lagrange%20Aparthotel%20Lyon%20Lumi%C3%A8re%2C%2081-85%20Cours%20Albert%20Thomas%2C%2069003%20Lyon&amp;destination=Gare%20de%20Lyon-Part-Dieu&amp;travelmode=transit,www.google.com,True
daily/day-27.html,https://www.google.com/maps/dir/?api=1&amp;origin=Lagrange%20Aparthotel%20Lyon%20Lumi%C3%A8re%2C%2081-85%20Cours%20Albert%20Thomas%2C%2069003%20Lyon&amp;destination=Gare%20de%20Lyon-Part-Dieu&amp;travelmode=transit,www.google.com,True
daily/day-27.html,https://www.google.com/maps/search/?api=1&amp;query=Gare%20de%20Lyon%20Part-Dieu,www.google.com,True
daily/day-27.html,https://www.google.com/maps/search/?api=1&amp;query=Gare%20de%20Lyon%20Part-Dieu,www.google.com,True
daily/day-27.html,https://www.google.com/maps/dir/?api=1&amp;origin=Gare%20de%20Lyon%20Part-Dieu&amp;destination=Paris%20Gare%20de%20Lyon&amp;travelmode=transit,www.google.com,True
daily/day-27.html,https://www.google.com/maps/dir/?api=1&amp;origin=Gare%20de%20Lyon%20Part-Dieu&amp;destination=Paris%20Gare%20de%20Lyon&amp;travelmode=transit,www.google.com,True
daily/day-27.html,https://www.google.com/maps/dir/?api=1&amp;origin=Paris%20Gare%20de%20Lyon&amp;destination=78%20Rue%20de%20Lourmel%2C%2075015%20Paris&amp;travelmode=transit,www.google.com,True
daily/day-27.html,https://www.google.com/maps/dir/?api=1&amp;origin=Paris%20Gare%20de%20Lyon&amp;destination=78%20Rue%20de%20Lourmel%2C%2075015%20Paris&amp;travelmode=transit,www.google.com,True
daily/day-27.html,https://www.google.com/maps/search/?api=1&amp;query=Rue%20du%20Commerce%2C%2075015%20Paris,www.google.com,True
daily/day-27.html,https://www.google.com/maps/search/?api=1&amp;query=Rue%20du%20Commerce%2C%2075015%20Paris,www.google.com,True
daily/day-27.html,https://www.google.com/maps/search/?api=1&amp;query=Le%20Relais%20du%2015%C3%A8me%2C%2078%20avenue%20%C3%89mile%20Zola%2C%20Paris,www.google.com,True
daily/day-27.html,https://www.google.com/maps/search/?api=1&amp;query=Le%20Relais%20du%2015%C3%A8me%2C%2078%20avenue%20%C3%89mile%20Zola%2C%20Paris,www.google.com,True
daily/day-27.html,https://le-relais-du-15e.fr/fr,le-relais-du-15e.fr,True
daily/day-27.html,https://www.google.com/maps/dir/?api=1&amp;origin=Lagrange%20Aparthotel%20Lyon%20Lumi%C3%A8re%2C%2081-85%20Cours%20Albert%20Thomas%2C%2069003%20Lyon&amp;destination=Gare%20de%20Lyon-Part-Dieu&amp;travelmode=transit,www.google.com,True
daily/day-27.html,https://www.google.com/maps/search/?api=1&amp;query=Gare%20de%20Lyon%20Part-Dieu,www.google.com,True
daily/day-27.html,https://www.google.com/maps/dir/?api=1&amp;origin=Gare%20de%20Lyon%20Part-Dieu&amp;destination=Paris%20Gare%20de%20Lyon&amp;travelmode=transit,www.google.com,True
daily/day-27.html,https://www.google.com/maps/dir/?api=1&amp;origin=Paris%20Gare%20de%20Lyon&amp;destination=78%20Rue%20de%20Lourmel%2C%2075015%20Paris&amp;travelmode=transit,www.google.com,True
daily/day-27.html,https://www.google.com/maps/search/?api=1&amp;query=Rue%20du%20Commerce%2C%2075015%20Paris,www.google.com,True
daily/day-28.html,https://www.google.com/maps/search/?api=1&amp;query=Franklin%20D.%20Roosevelt%2C%2075008%20Paris,www.google.com,True
daily/day-28.html,https://www.google.com/maps/search/?api=1&amp;query=Boulangerie%20Pichard%2C%2088%20rue%20Cambronne%2C%20Paris,www.google.com,True
daily/day-28.html,https://www.google.com/maps/search/?api=1&amp;query=Boulangerie%20Pichard%2C%2088%20rue%20Cambronne%2C%20Paris,www.google.com,True
daily/day-28.html,https://www.paris.fr/,www.paris.fr,True
daily/day-28.html,https://www.google.com/maps/search/?api=1&amp;query=Franklin%20D.%20Roosevelt%2C%2075008%20Paris,www.google.com,True
daily/day-28.html,https://www.google.com/maps/search/?api=1&amp;query=Franklin%20D.%20Roosevelt%2C%2075008%20Paris,www.google.com,True
daily/day-28.html,https://www.google.com/maps/search/?api=1&amp;query=Grand%20Palais%2C%20Paris,www.google.com,True
daily/day-28.html,https://www.google.com/maps/search/?api=1&amp;query=Grand%20Palais%2C%20Paris,www.google.com,True
daily/day-28.html,https://www.grandpalais.fr/en/plan-your-visit,www.grandpalais.fr,True
daily/day-28.html,https://www.google.com/maps/search/?api=1&amp;query=Le%20Caf%C3%A9%20du%20Commerce%2C%2051%20rue%20du%20Commerce%2C%20Paris,www.google.com,True
daily/day-28.html,https://www.google.com/maps/search/?api=1&amp;query=Le%20Caf%C3%A9%20du%20Commerce%2C%2051%20rue%20du%20Commerce%2C%20Paris,www.google.com,True
daily/day-28.html,https://www.lecafeducommerce.com/,www.lecafeducommerce.com,True
daily/day-28.html,https://www.google.com/maps/search/?api=1&amp;query=Franklin%20D.%20Roosevelt%2C%2075008%20Paris,www.google.com,True
daily/day-28.html,https://www.google.com/maps/search/?api=1&amp;query=Grand%20Palais%2C%20Paris,www.google.com,True
daily/day-29.html,https://www.google.com/maps/search/?api=1&amp;query=Mus%C3%A9e%20du%20Luxembourg%2C%20Paris,www.google.com,True
daily/day-29.html,https://www.google.com/maps/search/?api=1&amp;query=Boulangerie%20Pichard%2C%2088%20rue%20Cambronne%2C%20Paris,www.google.com,True
daily/day-29.html,https://www.google.com/maps/search/?api=1&amp;query=Boulangerie%20Pichard%2C%2088%20rue%20Cambronne%2C%20Paris,www.google.com,True
daily/day-29.html,https://www.paris.fr/,www.paris.fr,True
daily/day-29.html,https://www.google.com/maps/search/?api=1&amp;query=Mus%C3%A9e%20du%20Luxembourg%2C%20Paris,www.google.com,True
daily/day-29.html,https://www.google.com/maps/search/?api=1&amp;query=Mus%C3%A9e%20du%20Luxembourg%2C%20Paris,www.google.com,True
daily/day-29.html,https://www.google.com/maps/search/?api=1&amp;query=Place%20de%20la%20Sorbonne%2C%20Paris,www.google.com,True
daily/day-29.html,https://www.google.com/maps/search/?api=1&amp;query=Place%20de%20la%20Sorbonne%2C%20Paris,www.google.com,True
daily/day-29.html,https://www.google.com/maps/search/?api=1&amp;query=Place%20de%20la%20Sorbonne%2C%20Paris,www.google.com,True
daily/day-29.html,https://www.google.com/maps/search/?api=1&amp;query=Place%20de%20la%20Sorbonne%2C%20Paris,www.google.com,True
daily/day-29.html,https://www.google.com/maps/search/?api=1&amp;query=Cath%C3%A9drale%20Notre-Dame%20de%20Paris%2C%20Paris,www.google.com,True
daily/day-29.html,https://www.google.com/maps/search/?api=1&amp;query=Cath%C3%A9drale%20Notre-Dame%20de%20Paris%2C%20Paris,www.google.com,True
daily/day-29.html,https://www.google.com/maps/search/?api=1&amp;query=Bouillon%20Racine%2C%203%20rue%20Racine%2C%20Paris,www.google.com,True
daily/day-29.html,https://www.google.com/maps/search/?api=1&amp;query=Bouillon%20Racine%2C%203%20rue%20Racine%2C%20Paris,www.google.com,True
daily/day-29.html,https://www.bouillonracine.fr/,www.bouillonracine.fr,True
daily/day-29.html,"https://www.google.com/maps/search/?api=1&amp;query=48.8472,2.2894",www.google.com,True
daily/day-29.html,"https://www.google.com/maps/search/?api=1&amp;query=48.8472,2.2894",www.google.com,True
daily/day-29.html,https://www.google.com/maps/search/?api=1&amp;query=Mus%C3%A9e%20du%20Luxembourg%2C%20Paris,www.google.com,True
daily/day-29.html,https://www.google.com/maps/search/?api=1&amp;query=Place%20de%20la%20Sorbonne%2C%20Paris,www.google.com,True
daily/day-29.html,https://www.google.com/maps/search/?api=1&amp;query=Place%20de%20la%20Sorbonne%2C%20Paris,www.google.com,True
daily/day-29.html,https://www.google.com/maps/search/?api=1&amp;query=Cath%C3%A9drale%20Notre-Dame%20de%20Paris%2C%20Paris,www.google.com,True
daily/day-29.html,https://www.google.com/maps/search/?api=1&amp;query=Bouillon%20Racine%2C%203%20rue%20Racine%2C%20Paris,www.google.com,True
daily/day-30.html,https://www.google.com/maps/search/?api=1&amp;query=Mus%C3%A9e%20de%20l%27Orangerie%2C%20Paris,www.google.com,True
daily/day-30.html,https://www.google.com/maps/search/?api=1&amp;query=March%C3%A9%20Convention%2C%20Paris%2015,www.google.com,True
daily/day-30.html,https://www.google.com/maps/search/?api=1&amp;query=March%C3%A9%20Convention%2C%20Paris%2015,www.google.com,True
daily/day-30.html,https://www.paris.fr/equipements/marche-convention-5460,www.paris.fr,True
daily/day-30.html,https://www.google.com/maps/search/?api=1&amp;query=Mus%C3%A9e%20de%20l%27Orangerie%2C%20Paris,www.google.com,True
daily/day-30.html,https://www.google.com/maps/search/?api=1&amp;query=Mus%C3%A9e%20de%20l%27Orangerie%2C%20Paris,www.google.com,True
daily/day-30.html,https://www.google.com/maps/search/?api=1&amp;query=Jardin%20des%20Tuileries%2C%20Paris,www.google.com,True
daily/day-30.html,https://www.google.com/maps/search/?api=1&amp;query=Jardin%20des%20Tuileries%2C%20Paris,www.google.com,True
daily/day-30.html,https://www.google.com/maps/search/?api=1&amp;query=Domaine%20National%20du%20Palais-Royal%2C%20Paris,www.google.com,True
daily/day-30.html,https://www.google.com/maps/search/?api=1&amp;query=Domaine%20National%20du%20Palais-Royal%2C%20Paris,www.google.com,True
daily/day-30.html,https://www.google.com/maps/search/?api=1&amp;query=Palais%20Garnier%2C%20Paris,www.google.com,True
daily/day-30.html,https://www.google.com/maps/search/?api=1&amp;query=Palais%20Garnier%2C%20Paris,www.google.com,True
daily/day-30.html,https://www.google.com/maps/search/?api=1&amp;query=Bouillon%20Chartier%20Montparnasse%2C%20Paris,www.google.com,True
daily/day-30.html,https://www.google.com/maps/search/?api=1&amp;query=Bouillon%20Chartier%20Montparnasse%2C%20Paris,www.google.com,True
daily/day-30.html,https://www.bouillon-chartier.com/montparnasse/,www.bouillon-chartier.com,True
daily/day-30.html,https://www.google.com/maps/search/?api=1&amp;query=Mus%C3%A9e%20de%20l%27Orangerie%2C%20Paris,www.google.com,True
daily/day-30.html,https://www.google.com/maps/search/?api=1&amp;query=Jardin%20des%20Tuileries%2C%20Paris,www.google.com,True
daily/day-30.html,https://www.google.com/maps/search/?api=1&amp;query=Domaine%20National%20du%20Palais-Royal%2C%20Paris,www.google.com,True
daily/day-30.html,https://www.google.com/maps/search/?api=1&amp;query=Palais%20Garnier%2C%20Paris,www.google.com,True
daily/day-31.html,https://www.google.com/maps/search/?api=1&amp;query=Mus%C3%A9e%20Gustave%20Moreau%2C%20Paris,www.google.com,True
daily/day-31.html,"https://www.google.com/maps/search/?api=1&amp;query=48.8472,2.2894",www.google.com,True
daily/day-31.html,"https://www.google.com/maps/search/?api=1&amp;query=48.8472,2.2894",www.google.com,True
daily/day-31.html,https://www.google.com/maps/search/?api=1&amp;query=Mus%C3%A9e%20Gustave%20Moreau%2C%20Paris,www.google.com,True
daily/day-31.html,https://www.google.com/maps/search/?api=1&amp;query=Mus%C3%A9e%20Gustave%20Moreau%2C%20Paris,www.google.com,True
daily/day-31.html,https://www.google.com/maps/search/?api=1&amp;query=Quartier%20de%20la%20Nouvelle%20Ath%C3%A8nes%2C%2075009%20Paris,www.google.com,True
daily/day-31.html,https://www.google.com/maps/search/?api=1&amp;query=Quartier%20de%20la%20Nouvelle%20Ath%C3%A8nes%2C%2075009%20Paris,www.google.com,True
daily/day-31.html,https://www.restaurant-aupetitriche.com/,www.restaurant-aupetitriche.com,True
daily/day-31.html,https://www.google.com/maps/search/?api=1&amp;query=Place%20des%20Vosges%2C%20Paris,www.google.com,True
daily/day-31.html,https://www.google.com/maps/search/?api=1&amp;query=Place%20des%20Vosges%2C%20Paris,www.google.com,True
daily/day-31.html,https://www.carnavalet.paris.fr/en/informations-pratiques,www.carnavalet.paris.fr,True
daily/day-31.html,https://www.google.com/maps/search/?api=1&amp;query=Guylas%2C%2068%20rue%20des%20Entrepreneurs%2C%20Paris,www.google.com,True
daily/day-31.html,https://www.google.com/maps/search/?api=1&amp;query=Guylas%2C%2068%20rue%20des%20Entrepreneurs%2C%20Paris,www.google.com,True
daily/day-31.html,https://guylasparis.fr/,guylasparis.fr,True
daily/day-31.html,https://www.google.com/maps/search/?api=1&amp;query=Mus%C3%A9e%20Gustave%20Moreau%2C%20Paris,www.google.com,True
daily/day-31.html,https://www.google.com/maps/search/?api=1&amp;query=Quartier%20de%20la%20Nouvelle%20Ath%C3%A8nes%2C%2075009%20Paris,www.google.com,True
daily/day-31.html,https://www.google.com/maps/search/?api=1&amp;query=Place%20des%20Vosges%2C%20Paris,www.google.com,True
daily/day-32.html,https://www.google.com/maps/search/?api=1&amp;query=Mus%C3%A9e%20d%27Orsay%2C%20Paris,www.google.com,True
daily/day-32.html,"https://www.google.com/maps/search/?api=1&amp;query=48.8472,2.2894",www.google.com,True
daily/day-32.html,"https://www.google.com/maps/search/?api=1&amp;query=48.8472,2.2894",www.google.com,True
daily/day-32.html,https://www.google.com/maps/search/?api=1&amp;query=Mus%C3%A9e%20d%27Orsay%2C%20Paris,www.google.com,True
daily/day-32.html,https://www.google.com/maps/search/?api=1&amp;query=Mus%C3%A9e%20d%27Orsay%2C%20Paris,www.google.com,True
daily/day-32.html,https://www.google.com/maps/search/?api=1&amp;query=Rue%20du%20Bac%2C%2075007%20Paris,www.google.com,True
daily/day-32.html,https://www.google.com/maps/search/?api=1&amp;query=Rue%20du%20Bac%2C%2075007%20Paris,www.google.com,True
daily/day-32.html,https://www.google.com/maps/search/?api=1&amp;query=Mus%C3%A9e%20Rodin%2C%20Paris,www.google.com,True
daily/day-32.html,https://www.google.com/maps/search/?api=1&amp;query=Mus%C3%A9e%20Rodin%2C%20Paris,www.google.com,True
daily/day-32.html,https://www.google.com/maps/search/?api=1&amp;query=H%C3%B4tel%20des%20Invalides%2C%20Paris,www.google.com,True
daily/day-32.html,https://www.google.com/maps/search/?api=1&amp;query=H%C3%B4tel%20des%20Invalides%2C%20Paris,www.google.com,True
daily/day-32.html,https://www.google.com/maps/search/?api=1&amp;query=Le%20Caf%C3%A9%20du%20Commerce%2C%2051%20rue%20du%20Commerce%2C%20Paris,www.google.com,True
daily/day-32.html,https://www.google.com/maps/search/?api=1&amp;query=Le%20Caf%C3%A9%20du%20Commerce%2C%2051%20rue%20du%20Commerce%2C%20Paris,www.google.com,True
daily/day-32.html,https://www.lecafeducommerce.com/,www.lecafeducommerce.com,True
daily/day-32.html,https://www.google.com/maps/search/?api=1&amp;query=Mus%C3%A9e%20d%27Orsay%2C%20Paris,www.google.com,True
daily/day-32.html,https://www.google.com/maps/search/?api=1&amp;query=Rue%20du%20Bac%2C%2075007%20Paris,www.google.com,True
daily/day-32.html,https://www.google.com/maps/search/?api=1&amp;query=Mus%C3%A9e%20Rodin%2C%20Paris,www.google.com,True
daily/day-32.html,https://www.google.com/maps/search/?api=1&amp;query=H%C3%B4tel%20des%20Invalides%2C%20Paris,www.google.com,True
daily/day-33.html,https://www.google.com/maps/search/?api=1&amp;query=Petit%20Palais%2C%20Paris,www.google.com,True
daily/day-33.html,"https://www.google.com/maps/search/?api=1&amp;query=48.8472,2.2894",www.google.com,True
daily/day-33.html,"https://www.google.com/maps/search/?api=1&amp;query=48.8472,2.2894",www.google.com,True
daily/day-33.html,https://www.google.com/maps/search/?api=1&amp;query=Petit%20Palais%2C%20Paris,www.google.com,True
daily/day-33.html,https://www.google.com/maps/search/?api=1&amp;query=Petit%20Palais%2C%20Paris,www.google.com,True
daily/day-33.html,https://www.google.com/maps/search/?api=1&amp;query=Avenue%20des%20Champs-%C3%89lys%C3%A9es%2C%20Paris,www.google.com,True
daily/day-33.html,https://www.google.com/maps/search/?api=1&amp;query=Avenue%20des%20Champs-%C3%89lys%C3%A9es%2C%20Paris,www.google.com,True
daily/day-33.html,https://www.google.com/maps/search/?api=1&amp;query=Grand%20Palais%2C%20Paris,www.google.com,True
daily/day-33.html,https://www.google.com/maps/search/?api=1&amp;query=Grand%20Palais%2C%20Paris,www.google.com,True
daily/day-33.html,https://www.grandpalais.fr/en/plan-your-visit,www.grandpalais.fr,True
daily/day-33.html,https://www.google.com/maps/search/?api=1&amp;query=St%C3%A9phane%20Martin%2C%2067%20rue%20des%20Entrepreneurs%2C%20Paris,www.google.com,True
daily/day-33.html,https://www.google.com/maps/search/?api=1&amp;query=St%C3%A9phane%20Martin%2C%2067%20rue%20des%20Entrepreneurs%2C%20Paris,www.google.com,True
daily/day-33.html,https://www.stephanemartin.com/,www.stephanemartin.com,True
daily/day-33.html,https://www.google.com/maps/search/?api=1&amp;query=Petit%20Palais%2C%20Paris,www.google.com,True
daily/day-33.html,https://www.google.com/maps/search/?api=1&amp;query=Avenue%20des%20Champs-%C3%89lys%C3%A9es%2C%20Paris,www.google.com,True
daily/day-33.html,https://www.google.com/maps/search/?api=1&amp;query=Grand%20Palais%2C%20Paris,www.google.com,True
daily/day-34.html,https://www.google.com/maps/dir/?api=1&amp;origin=78%20Rue%20de%20Lourmel%2C%2075015%20Paris&amp;destination=Gare%20de%20Versailles%20Ch%C3%A2teau%20Rive%20Gauche&amp;travelmode=transit,www.google.com,True
daily/day-34.html,https://en.chateauversailles.fr/plan-your-visit/practical-information,en.chateauversailles.fr,True
daily/day-34.html,https://www.google.com/maps/dir/?api=1&amp;origin=78%20Rue%20de%20Lourmel%2C%2075015%20Paris&amp;destination=Gare%20de%20Versailles%20Ch%C3%A2teau%20Rive%20Gauche&amp;travelmode=transit,www.google.com,True
daily/day-34.html,https://www.google.com/maps/dir/?api=1&amp;origin=78%20Rue%20de%20Lourmel%2C%2075015%20Paris&amp;destination=Gare%20de%20Versailles%20Ch%C3%A2teau%20Rive%20Gauche&amp;travelmode=transit,www.google.com,True
daily/day-34.html,https://en.chateauversailles.fr/plan-your-visit/practical-information,en.chateauversailles.fr,True
daily/day-34.html,https://www.google.com/maps/search/?api=1&amp;query=Ch%C3%A2teau%20de%20Versailles%2C%20Versailles,www.google.com,True
daily/day-34.html,https://www.google.com/maps/search/?api=1&amp;query=Ch%C3%A2teau%20de%20Versailles%2C%20Versailles,www.google.com,True
daily/day-34.html,https://en.chateauversailles.fr/plan-your-visit/practical-information,en.chateauversailles.fr,True
daily/day-34.html,https://www.google.com/maps/search/?api=1&amp;query=La%20Flottille%2C%20Ch%C3%A2teau%20de%20Versailles,www.google.com,True
daily/day-34.html,https://www.google.com/maps/search/?api=1&amp;query=La%20Flottille%2C%20Ch%C3%A2teau%20de%20Versailles,www.google.com,True
daily/day-34.html,https://www.laflottille.fr/en/,www.laflottille.fr,True
daily/day-34.html,https://www.google.com/maps/search/?api=1&amp;query=Ch%C3%A2teau%20de%20Versailles%2C%20Versailles,www.google.com,True
daily/day-34.html,https://www.google.com/maps/search/?api=1&amp;query=Ch%C3%A2teau%20de%20Versailles%2C%20Versailles,www.google.com,True
daily/day-34.html,https://en.chateauversailles.fr/plan-your-visit/practical-information,en.chateauversailles.fr,True
daily/day-34.html,https://www.google.com/maps/search/?api=1&amp;query=Ch%C3%A2teau%20de%20Versailles%2C%20Versailles,www.google.com,True
daily/day-34.html,https://www.google.com/maps/search/?api=1&amp;query=Ch%C3%A2teau%20de%20Versailles%2C%20Versailles,www.google.com,True
daily/day-34.html,https://en.chateauversailles.fr/plan-your-visit/practical-information,en.chateauversailles.fr,True
daily/day-34.html,https://www.google.com/maps/search/?api=1&amp;query=Le%20Grand%20Pan%2C%2020%20rue%20Rosenwald%2C%20Paris,www.google.com,True
daily/day-34.html,https://www.google.com/maps/search/?api=1&amp;query=Le%20Grand%20Pan%2C%2020%20rue%20Rosenwald%2C%20Paris,www.google.com,True
daily/day-34.html,https://www.legrandpan.fr/,www.legrandpan.fr,True
daily/day-34.html,https://www.google.com/maps/dir/?api=1&amp;origin=78%20Rue%20de%20Lourmel%2C%2075015%20Paris&amp;destination=Gare%20de%20Versailles%20Ch%C3%A2teau%20Rive%20Gauche&amp;travelmode=transit,www.google.com,True
daily/day-34.html,https://www.google.com/maps/search/?api=1&amp;query=Ch%C3%A2teau%20de%20Versailles%2C%20Versailles,www.google.com,True
daily/day-34.html,https://www.google.com/maps/search/?api=1&amp;query=La%20Flottille%2C%20Ch%C3%A2teau%20de%20Versailles,www.google.com,True
daily/day-34.html,https://www.google.com/maps/search/?api=1&amp;query=Ch%C3%A2teau%20de%20Versailles%2C%20Versailles,www.google.com,True
daily/day-34.html,https://www.google.com/maps/search/?api=1&amp;query=Ch%C3%A2teau%20de%20Versailles%2C%20Versailles,www.google.com,True
daily/day-35.html,https://www.google.com/maps/search/?api=1&amp;query=Mus%C3%A9e%20du%20Louvre%2C%20Paris,www.google.com,True
daily/day-35.html,https://www.louvre.fr/en/visit,www.louvre.fr,True
daily/day-35.html,https://www.google.com/maps/search/?api=1&amp;query=Boulangerie%20Pichard%2C%2088%20rue%20Cambronne%2C%20Paris,www.google.com,True
daily/day-35.html,https://www.google.com/maps/search/?api=1&amp;query=Boulangerie%20Pichard%2C%2088%20rue%20Cambronne%2C%20Paris,www.google.com,True
daily/day-35.html,https://www.paris.fr/,www.paris.fr,True
daily/day-35.html,https://www.google.com/maps/search/?api=1&amp;query=Mus%C3%A9e%20du%20Louvre%2C%20Paris,www.google.com,True
daily/day-35.html,https://www.google.com/maps/search/?api=1&amp;query=Mus%C3%A9e%20du%20Louvre%2C%20Paris,www.google.com,True
daily/day-35.html,https://www.louvre.fr/en/visit,www.louvre.fr,True
daily/day-35.html,https://www.google.com/maps/search/?api=1&amp;query=Cour%20Carr%C3%A9e%20du%20Louvre%2C%20Paris,www.google.com,True
daily/day-35.html,https://www.google.com/maps/search/?api=1&amp;query=Cour%20Carr%C3%A9e%20du%20Louvre%2C%20Paris,www.google.com,True
daily/day-35.html,https://www.google.com/maps/search/?api=1&amp;query=Sawadee%2C%2053%20avenue%20%C3%89mile%20Zola%2C%20Paris,www.google.com,True
daily/day-35.html,https://www.google.com/maps/search/?api=1&amp;query=Sawadee%2C%2053%20avenue%20%C3%89mile%20Zola%2C%20Paris,www.google.com,True
daily/day-35.html,https://www.sawadeethai1988.com/,www.sawadeethai1988.com,True
daily/day-35.html,https://www.google.com/maps/search/?api=1&amp;query=Mus%C3%A9e%20du%20Louvre%2C%20Paris,www.google.com,True
daily/day-35.html,https://www.google.com/maps/search/?api=1&amp;query=Cour%20Carr%C3%A9e%20du%20Louvre%2C%20Paris,www.google.com,True
daily/day-36.html,https://www.google.com/maps/search/?api=1&amp;query=Mus%C3%A9e%20Marmottan%20Monet%2C%20Paris,www.google.com,True
daily/day-36.html,https://www.marmottan.fr/en/informations-pratiques/,www.marmottan.fr,True
daily/day-36.html,https://www.google.com/maps/search/?api=1&amp;query=Boulangerie%20Pichard%2C%2088%20rue%20Cambronne%2C%20Paris,www.google.com,True
daily/day-36.html,https://www.google.com/maps/search/?api=1&amp;query=Boulangerie%20Pichard%2C%2088%20rue%20Cambronne%2C%20Paris,www.google.com,True
daily/day-36.html,https://www.paris.fr/,www.paris.fr,True
daily/day-36.html,https://www.google.com/maps/search/?api=1&amp;query=Mus%C3%A9e%20Marmottan%20Monet%2C%20Paris,www.google.com,True
daily/day-36.html,https://www.google.com/maps/search/?api=1&amp;query=Mus%C3%A9e%20Marmottan%20Monet%2C%20Paris,www.google.com,True
daily/day-36.html,https://www.marmottan.fr/en/informations-pratiques/,www.marmottan.fr,True
daily/day-36.html,https://www.google.com/maps/search/?api=1&amp;query=Jardin%20du%20Ranelagh%2C%20Paris,www.google.com,True
daily/day-36.html,https://www.google.com/maps/search/?api=1&amp;query=Jardin%20du%20Ranelagh%2C%20Paris,www.google.com,True
daily/day-36.html,https://www.google.com/maps/search/?api=1&amp;query=Le%20Relais%20du%2015%C3%A8me%2C%2078%20avenue%20%C3%89mile%20Zola%2C%20Paris,www.google.com,True
daily/day-36.html,https://www.google.com/maps/search/?api=1&amp;query=Le%20Relais%20du%2015%C3%A8me%2C%2078%20avenue%20%C3%89mile%20Zola%2C%20Paris,www.google.com,True
daily/day-36.html,https://le-relais-du-15e.fr/fr,le-relais-du-15e.fr,True
daily/day-36.html,https://www.google.com/maps/search/?api=1&amp;query=Mus%C3%A9e%20Marmottan%20Monet%2C%20Paris,www.google.com,True
daily/day-36.html,https://www.google.com/maps/search/?api=1&amp;query=Jardin%20du%20Ranelagh%2C%20Paris,www.google.com,True
daily/day-37.html,https://www.google.com/maps/dir/?api=1&amp;origin=78%20Rue%20de%20Lourmel%2C%2075015%20Paris&amp;destination=Hippodrome%20ParisLongchamp&amp;travelmode=transit,www.google.com,True
daily/day-37.html,https://www.google.com/maps/dir/?api=1&amp;origin=78%20Rue%20de%20Lourmel%2C%2075015%20Paris&amp;destination=Hippodrome%20ParisLongchamp&amp;travelmode=transit,www.google.com,True
daily/day-37.html,https://www.google.com/maps/dir/?api=1&amp;origin=78%20Rue%20de%20Lourmel%2C%2075015%20Paris&amp;destination=Hippodrome%20ParisLongchamp&amp;travelmode=transit,www.google.com,True
daily/day-37.html,https://www.google.com/maps/search/?api=1&amp;query=Hippodrome%20ParisLongchamp,www.google.com,True
daily/day-37.html,https://www.google.com/maps/search/?api=1&amp;query=Hippodrome%20ParisLongchamp,www.google.com,True
daily/day-37.html,https://www.google.com/maps/dir/?api=1&amp;origin=Hippodrome%20ParisLongchamp&amp;destination=78%20Rue%20de%20Lourmel%2C%2075015%20Paris&amp;travelmode=transit,www.google.com,True
daily/day-37.html,https://www.google.com/maps/dir/?api=1&amp;origin=Hippodrome%20ParisLongchamp&amp;destination=78%20Rue%20de%20Lourmel%2C%2075015%20Paris&amp;travelmode=transit,www.google.com,True
daily/day-37.html,https://www.breizhcafe.com/charles-michels,www.breizhcafe.com,True
daily/day-37.html,https://www.google.com/maps/dir/?api=1&amp;origin=78%20Rue%20de%20Lourmel%2C%2075015%20Paris&amp;destination=Hippodrome%20ParisLongchamp&amp;travelmode=transit,www.google.com,True
daily/day-37.html,https://www.google.com/maps/search/?api=1&amp;query=Hippodrome%20ParisLongchamp,www.google.com,True
daily/day-38.html,https://www.google.com/maps/search/?api=1&amp;query=Mus%C3%A9e%20Jacquemart-Andr%C3%A9%2C%20Paris,www.google.com,True
daily/day-38.html,"https://www.google.com/maps/search/?api=1&amp;query=48.8472,2.2894",www.google.com,True
daily/day-38.html,"https://www.google.com/maps/search/?api=1&amp;query=48.8472,2.2894",www.google.com,True
daily/day-38.html,https://www.google.com/maps/search/?api=1&amp;query=Mus%C3%A9e%20Jacquemart-Andr%C3%A9%2C%20Paris,www.google.com,True
daily/day-38.html,https://www.google.com/maps/search/?api=1&amp;query=Mus%C3%A9e%20Jacquemart-Andr%C3%A9%2C%20Paris,www.google.com,True
daily/day-38.html,https://www.google.com/maps/search/?api=1&amp;query=Parc%20Monceau%2C%20Paris,www.google.com,True
daily/day-38.html,https://www.google.com/maps/search/?api=1&amp;query=Parc%20Monceau%2C%20Paris,www.google.com,True
daily/day-38.html,https://www.google.com/maps/search/?api=1&amp;query=Le%20Volant%20Basque%2C%2013%20rue%20B%C3%A9atrix%20Dussane%2C%20Paris,www.google.com,True
daily/day-38.html,https://www.google.com/maps/search/?api=1&amp;query=Le%20Volant%20Basque%2C%2013%20rue%20B%C3%A9atrix%20Dussane%2C%20Paris,www.google.com,True
daily/day-38.html,https://levolantbasque.fr/en,levolantbasque.fr,True
daily/day-38.html,https://www.google.com/maps/search/?api=1&amp;query=Mus%C3%A9e%20Jacquemart-Andr%C3%A9%2C%20Paris,www.google.com,True
daily/day-38.html,https://www.google.com/maps/search/?api=1&amp;query=Parc%20Monceau%2C%20Paris,www.google.com,True
daily/day-39.html,https://www.google.com/maps/search/?api=1&amp;query=Mus%C3%A9e%20d%27Orsay%2C%20Paris,www.google.com,True
daily/day-39.html,https://www.google.com/maps/search/?api=1&amp;query=March%C3%A9%20Convention%2C%20Paris%2015,www.google.com,True
daily/day-39.html,https://www.google.com/maps/search/?api=1&amp;query=March%C3%A9%20Convention%2C%20Paris%2015,www.google.com,True
daily/day-39.html,https://www.paris.fr/equipements/marche-convention-5460,www.paris.fr,True
daily/day-39.html,https://www.google.com/maps/search/?api=1&amp;query=Mus%C3%A9e%20d%27Orsay%2C%20Paris,www.google.com,True
daily/day-39.html,https://www.google.com/maps/search/?api=1&amp;query=Mus%C3%A9e%20d%27Orsay%2C%20Paris,www.google.com,True
daily/day-39.html,https://www.google.com/maps/search/?api=1&amp;query=Mus%C3%A9e%20Picasso%20Paris%2C%20Paris,www.google.com,True
daily/day-39.html,https://www.google.com/maps/search/?api=1&amp;query=Mus%C3%A9e%20Picasso%20Paris%2C%20Paris,www.google.com,True
daily/day-39.html,https://www.google.com/maps/search/?api=1&amp;query=Mus%C3%A9e%20Carnavalet%2C%20Paris,www.google.com,True
daily/day-39.html,https://www.google.com/maps/search/?api=1&amp;query=Mus%C3%A9e%20Carnavalet%2C%20Paris,www.google.com,True
daily/day-39.html,https://www.google.com/maps/search/?api=1&amp;query=Chez%20Janou%2C%202%20rue%20Roger%20Verlomme%2C%20Paris,www.google.com,True
daily/day-39.html,https://www.google.com/maps/search/?api=1&amp;query=Chez%20Janou%2C%202%20rue%20Roger%20Verlomme%2C%20Paris,www.google.com,True
daily/day-39.html,https://www.chezjanou.com/,www.chezjanou.com,True
daily/day-39.html,"https://www.google.com/maps/search/?api=1&amp;query=48.8472,2.2894",www.google.com,True
daily/day-39.html,"https://www.google.com/maps/search/?api=1&amp;query=48.8472,2.2894",www.google.com,True
daily/day-39.html,https://www.google.com/maps/search/?api=1&amp;query=Mus%C3%A9e%20d%27Orsay%2C%20Paris,www.google.com,True
daily/day-39.html,https://www.google.com/maps/search/?api=1&amp;query=Mus%C3%A9e%20Picasso%20Paris%2C%20Paris,www.google.com,True
daily/day-39.html,https://www.google.com/maps/search/?api=1&amp;query=Mus%C3%A9e%20Carnavalet%2C%20Paris,www.google.com,True
daily/day-39.html,https://www.google.com/maps/search/?api=1&amp;query=Chez%20Janou%2C%202%20rue%20Roger%20Verlomme%2C%20Paris,www.google.com,True
daily/day-40.html,https://www.google.com/maps/search/?api=1&amp;query=Bourse%20de%20Commerce%20%E2%80%94%20Pinault%20Collection%2C%20Paris,www.google.com,True
daily/day-40.html,"https://www.google.com/maps/search/?api=1&amp;query=48.8472,2.2894",www.google.com,True
daily/day-40.html,"https://www.google.com/maps/search/?api=1&amp;query=48.8472,2.2894",www.google.com,True
daily/day-40.html,https://www.google.com/maps/search/?api=1&amp;query=Bourse%20de%20Commerce%20%E2%80%94%20Pinault%20Collection%2C%20Paris,www.google.com,True
daily/day-40.html,https://www.google.com/maps/search/?api=1&amp;query=Bourse%20de%20Commerce%20%E2%80%94%20Pinault%20Collection%2C%20Paris,www.google.com,True
daily/day-40.html,https://www.google.com/maps/search/?api=1&amp;query=Aux%20Crus%20de%20Bourgogne%2C%203%20rue%20Bachaumont%2C%20Paris,www.google.com,True
daily/day-40.html,https://www.google.com/maps/search/?api=1&amp;query=Aux%20Crus%20de%20Bourgogne%2C%203%20rue%20Bachaumont%2C%20Paris,www.google.com,True
daily/day-40.html,https://auxcrusdebourgogne.com/,auxcrusdebourgogne.com,True
daily/day-40.html,https://www.google.com/maps/search/?api=1&amp;query=Le%20Clos%20Montmartre%2C%20Rue%20des%20Saules%2C%2075018%20Paris,www.google.com,True
daily/day-40.html,https://www.google.com/maps/search/?api=1&amp;query=Le%20Clos%20Montmartre%2C%20Rue%20des%20Saules%2C%2075018%20Paris,www.google.com,True
daily/day-40.html,https://www.sacre-coeur-montmartre.com/english/,www.sacre-coeur-montmartre.com,True
daily/day-40.html,https://www.google.com/maps/search/?api=1&amp;query=Le%20Progr%C3%A8s%2C%207%20rue%20des%20Trois%20Fr%C3%A8res%2C%20Paris,www.google.com,True
daily/day-40.html,https://www.google.com/maps/search/?api=1&amp;query=Le%20Progr%C3%A8s%2C%207%20rue%20des%20Trois%20Fr%C3%A8res%2C%20Paris,www.google.com,True
daily/day-40.html,"https://www.google.com/maps/search/?api=1&amp;query=48.8472,2.2894",www.google.com,True
daily/day-40.html,"https://www.google.com/maps/search/?api=1&amp;query=48.8472,2.2894",www.google.com,True
daily/day-40.html,https://www.google.com/maps/search/?api=1&amp;query=Bourse%20de%20Commerce%20%E2%80%94%20Pinault%20Collection%2C%20Paris,www.google.com,True
daily/day-40.html,https://www.google.com/maps/search/?api=1&amp;query=Aux%20Crus%20de%20Bourgogne%2C%203%20rue%20Bachaumont%2C%20Paris,www.google.com,True
daily/day-40.html,https://www.google.com/maps/search/?api=1&amp;query=Le%20Clos%20Montmartre%2C%20Rue%20des%20Saules%2C%2075018%20Paris,www.google.com,True
daily/day-40.html,https://www.google.com/maps/search/?api=1&amp;query=Le%20Progr%C3%A8s%2C%207%20rue%20des%20Trois%20Fr%C3%A8res%2C%20Paris,www.google.com,True
daily/day-41.html,https://www.google.com/maps/search/?api=1&amp;query=Mus%C3%A9e%20Guimet%2C%20Paris,www.google.com,True
daily/day-41.html,"https://www.google.com/maps/search/?api=1&amp;query=48.8472,2.2894",www.google.com,True
daily/day-41.html,"https://www.google.com/maps/search/?api=1&amp;query=48.8472,2.2894",www.google.com,True
daily/day-41.html,https://www.google.com/maps/search/?api=1&amp;query=Mus%C3%A9e%20Guimet%2C%20Paris,www.google.com,True
daily/day-41.html,https://www.google.com/maps/search/?api=1&amp;query=Mus%C3%A9e%20Guimet%2C%20Paris,www.google.com,True
daily/day-41.html,https://www.google.com/maps/search/?api=1&amp;query=Place%20d%27I%C3%A9na%2C%20Paris,www.google.com,True
daily/day-41.html,https://www.google.com/maps/search/?api=1&amp;query=Place%20d%27I%C3%A9na%2C%20Paris,www.google.com,True
daily/day-41.html,https://www.lesmarches-restaurant.com/en/,www.lesmarches-restaurant.com,True
daily/day-41.html,https://www.google.com/maps/search/?api=1&amp;query=Mus%C3%A9e%20d%27Art%20Moderne%20de%20Paris%2C%20Paris,www.google.com,True
daily/day-41.html,https://www.google.com/maps/search/?api=1&amp;query=Mus%C3%A9e%20d%27Art%20Moderne%20de%20Paris%2C%20Paris,www.google.com,True
daily/day-41.html,https://www.google.com/maps/dir/?api=1&amp;origin=Place%20du%20Trocad%C3%A9ro%2C%20Paris&amp;destination=Tour%20Eiffel%2C%20Paris&amp;travelmode=walking,www.google.com,True
daily/day-41.html,https://www.google.com/maps/dir/?api=1&amp;origin=Place%20du%20Trocad%C3%A9ro%2C%20Paris&amp;destination=Tour%20Eiffel%2C%20Paris&amp;travelmode=walking,www.google.com,True
daily/day-41.html,https://www.google.com/maps/search/?api=1&amp;query=Le%20Grand%20Pan%2C%2020%20rue%20Rosenwald%2C%20Paris,www.google.com,True
daily/day-41.html,https://www.google.com/maps/search/?api=1&amp;query=Le%20Grand%20Pan%2C%2020%20rue%20Rosenwald%2C%20Paris,www.google.com,True
daily/day-41.html,https://www.legrandpan.fr/,www.legrandpan.fr,True
daily/day-41.html,https://www.google.com/maps/search/?api=1&amp;query=Mus%C3%A9e%20Guimet%2C%20Paris,www.google.com,True
daily/day-41.html,https://www.google.com/maps/search/?api=1&amp;query=Place%20d%27I%C3%A9na%2C%20Paris,www.google.com,True
daily/day-41.html,https://www.google.com/maps/search/?api=1&amp;query=Mus%C3%A9e%20d%27Art%20Moderne%20de%20Paris%2C%20Paris,www.google.com,True
daily/day-41.html,https://www.google.com/maps/dir/?api=1&amp;origin=Place%20du%20Trocad%C3%A9ro%2C%20Paris&amp;destination=Tour%20Eiffel%2C%20Paris&amp;travelmode=walking,www.google.com,True
daily/day-41.html,https://www.google.com/maps/search/?api=1&amp;query=Le%20Grand%20Pan%2C%2020%20rue%20Rosenwald%2C%20Paris,www.google.com,True
daily/day-42.html,https://www.google.com/maps/search/?api=1&amp;query=Le%20Caf%C3%A9%20du%20Commerce%2C%2051%20rue%20du%20Commerce%2C%20Paris,www.google.com,True
daily/day-42.html,https://www.lecafeducommerce.com/,www.lecafeducommerce.com,True
daily/day-42.html,"https://www.google.com/maps/search/?api=1&amp;query=48.8472,2.2894",www.google.com,True
daily/day-42.html,"https://www.google.com/maps/search/?api=1&amp;query=48.8472,2.2894",www.google.com,True
daily/day-42.html,https://www.google.com/maps/search/?api=1&amp;query=Le%20Caf%C3%A9%20du%20Commerce%2C%2051%20rue%20du%20Commerce%2C%20Paris,www.google.com,True
daily/day-42.html,https://www.google.com/maps/search/?api=1&amp;query=Le%20Caf%C3%A9%20du%20Commerce%2C%2051%20rue%20du%20Commerce%2C%20Paris,www.google.com,True
daily/day-42.html,https://www.lecafeducommerce.com/,www.lecafeducommerce.com,True
daily/day-42.html,https://www.google.com/maps/dir/?api=1&amp;origin=78%20Rue%20de%20Lourmel%2C%2075015%20Paris&amp;destination=A%C3%A9roport%20Paris-Charles%20de%20Gaulle%20Terminal%201%2C%2095700%20Roissy-en-France&amp;travelmode=driving,www.google.com,True
daily/day-42.html,https://www.google.com/maps/dir/?api=1&amp;origin=78%20Rue%20de%20Lourmel%2C%2075015%20Paris&amp;destination=A%C3%A9roport%20Paris-Charles%20de%20Gaulle%20Terminal%201%2C%2095700%20Roissy-en-France&amp;travelmode=driving,www.google.com,True
daily/day-42.html,"https://www.google.com/maps/search/?api=1&amp;query=49.0097,2.5479",www.google.com,True
daily/day-42.html,"https://www.google.com/maps/search/?api=1&amp;query=49.0097,2.5479",www.google.com,True
daily/day-42.html,https://www.google.com/maps/search/?api=1&amp;query=Le%20Caf%C3%A9%20du%20Commerce%2C%2051%20rue%20du%20Commerce%2C%20Paris,www.google.com,True
daily/day-42.html,https://www.google.com/maps/dir/?api=1&amp;origin=78%20Rue%20de%20Lourmel%2C%2075015%20Paris&amp;destination=A%C3%A9roport%20Paris-Charles%20de%20Gaulle%20Terminal%201%2C%2095700%20Roissy-en-France&amp;travelmode=driving,www.google.com,True
daily/day-43.html,"https://www.google.com/maps/search/?api=1&amp;query=37.4602,126.4407",www.google.com,True
daily/day-43.html,"https://www.google.com/maps/search/?api=1&amp;query=37.4602,126.4407",www.google.com,True
daily/day-43.html,"https://www.google.com/maps/search/?api=1&amp;query=37.4602,126.4407",www.google.com,True
daily/day-43.html,"https://www.google.com/maps/search/?api=1&amp;query=37.4602,126.4407",www.google.com,True
daily/day-43.html,"https://www.google.com/maps/search/?api=1&amp;query=37.4602,126.4407",www.google.com,True
daily/day-43.html,"https://www.google.com/maps/search/?api=1&amp;query=37.5665,126.978",www.google.com,True
daily/day-43.html,"https://www.google.com/maps/search/?api=1&amp;query=37.5665,126.978",www.google.com,True
guide/aix.html,https://commons.wikimedia.org/wiki/File:Fontaine_de_la_Rotonde_with_Cours_Mirabeau_in_the_distance_Aix_en_Provence.jpg,commons.wikimedia.org,True
guide/aix.html,https://www.google.com/maps/search/?api=1&amp;query=Chez%20Gilbert%2C%20Cassis,www.google.com,True
guide/aix.html,https://www.chezgilbert.net/,www.chezgilbert.net,True
guide/aix.html,https://www.google.com/maps/search/?api=1&amp;query=Maison%20Weibel%2C%20Aix-en-Provence,www.google.com,True
guide/aix.html,https://www.maisonweibel.com/,www.maisonweibel.com,True
guide/aix.html,https://www.google.com/maps/search/?api=1&amp;query=2%20Place%20Coimbra%2C%20R%C3%A9sidence%20Les%20Toits%20de%20M%C3%A9janes%2C%2013090%20Aix-en-Provence,www.google.com,True
guide/aix.html,https://aixenbus.fr/fr/gd5-Le-paiement-sans-contact.html,aixenbus.fr,True
guide/aix.html,https://aixenbus.fr/fr/Pjb-Conseils-pour-bien-voyager.html,aixenbus.fr,True
guide/aix.html,https://www.rtm.fr/actualites/validation-par-carte-bancaire,www.rtm.fr,True
guide/aix.html,https://www.lametropolemobilite.fr/plans-et-horaires/,www.lametropolemobilite.fr,True
guide/aix.html,https://aixenbus.fr/fr/kQ8-Plans-des-lignes.html,aixenbus.fr,True
guide/avignon.html,"https://commons.wikimedia.org/wiki/File:Avignon,_Palais_des_Papes_depuis_Tour_Philippe_le_Bel_by_JM_Rosier.jpg",commons.wikimedia.org,True
guide/avignon.html,https://www.google.com/maps/search/?api=1&amp;query=Fou%20de%20Fafa%2C%2017%20rue%20des%20Trois%20Faucons%2C%20Avignon,www.google.com,True
guide/avignon.html,https://www.foudefafaavignon.com/,www.foudefafaavignon.com,True
guide/avignon.html,https://www.google.com/maps/search/?api=1&amp;query=Le%20Gibolin%2C%2013%20rue%20des%20Porcelets%2C%20Arles,www.google.com,True
guide/avignon.html,https://www.arlestourisme.com/,www.arlestourisme.com,True
guide/avignon.html,https://www.google.com/maps/search/?api=1&amp;query=Les%20Cocottes%20Saint%20Louis%2C%2020%20rue%20du%20Portail%20Boquier%2C%20Avignon,www.google.com,True
guide/avignon.html,https://www.cloitre-saint-louis.com/,www.cloitre-saint-louis.com,True
guide/avignon.html,https://www.google.com/maps/search/?api=1&amp;query=Les%20Halles%20d%27Avignon%2C%20Place%20Pie%2C%20Avignon,www.google.com,True
guide/avignon.html,https://www.avignon-leshalles.com/,www.avignon-leshalles.com,True
guide/avignon.html,"https://www.google.com/maps/search/?api=1&amp;query=43.94993,4.81302",www.google.com,True
guide/avignon.html,https://www.orizo.fr/tarifs/,www.orizo.fr,True
guide/avignon.html,https://www.orizo.fr/plan-du-reseau-2026-2027/,www.orizo.fr,True
guide/avignon.html,https://www.orizo.fr/parking-relais/,www.orizo.fr,True
guide/avignon.html,https://www.lio-occitanie.fr/horaires-et-plans/,www.lio-occitanie.fr,True
guide/avignon.html,https://www.ter.sncf.com/sud-provence-alpes-cote-d-azur/trajet-avignon-arles,www.ter.sncf.com,True
guide/avignon.html,https://www.orizo.fr/plan-du-reseau-2026-2027/,www.orizo.fr,True
guide/barcelona.html,https://commons.wikimedia.org/wiki/File:Sagrada_Familia_Ext%C3%A9rieur.jpg,commons.wikimedia.org,True
guide/barcelona.html,"https://commons.wikimedia.org/wiki/File:Aerial_view_of_Barcelona,_Spain_(51227309370)_edited.jpg",commons.wikimedia.org,True
guide/barcelona.html,https://www.google.com/maps/search/?api=1&amp;query=Bar%20Ca%C3%B1ete%2C%20Carrer%20de%20la%20Uni%C3%B3%2017%2C%20Barcelona,www.google.com,True
guide/barcelona.html,https://barcanete.com/,barcanete.com,True
guide/barcelona.html,https://www.google.com/maps/search/?api=1&amp;query=Bodega%20Joan%2C%20Carrer%20del%20Rossell%C3%B3%20164%2C%20Barcelona,www.google.com,True
guide/barcelona.html,https://bodegajoan.com/,bodegajoan.com,True
guide/barcelona.html,https://www.google.com/maps/search/?api=1&amp;query=Puertecillo%20Sagrada%20Familia%2C%20Passatge%20de%20Sim%C3%B3%2018%2C%20Barcelona,www.google.com,True
guide/barcelona.html,https://puertecillo.es/puertecillo-sagrada-familia/,puertecillo.es,True
guide/barcelona.html,https://www.google.com/maps/search/?api=1&amp;query=La%20Zorra%2C%20Passeig%20Mar%C3%ADtim%201-3%2C%20Sitges,www.google.com,True
guide/barcelona.html,https://restaurantelazorra.com/,restaurantelazorra.com,True
guide/barcelona.html,https://www.google.com/maps/search/?api=1&amp;query=Mercat%20de%20la%20Concepci%C3%B3%2C%20Carrer%20d%27Arag%C3%B3%20313%2C%20Barcelona,www.google.com,True
guide/barcelona.html,https://www.laconcepcio.cat/,www.laconcepcio.cat,True
guide/barcelona.html,https://commons.wikimedia.org/wiki/File:Pa_amb_tomaquet_-_stonesoup.jpg,commons.wikimedia.org,True
guide/barcelona.html,https://commons.wikimedia.org/wiki/File:Crema_catalana._Postre.jpg,commons.wikimedia.org,True
guide/barcelona.html,https://www.google.com/maps/search/?api=1&amp;query=Occidental%20Barcelona%201929%2C%20Carrer%20de%20la%20Creu%20Coberta%2020-22%2C%20Barcelona,www.google.com,True
guide/barcelona.html,https://www.holabarcelona.com/tickets/hola-bcn-barcelona-travel-card,www.holabarcelona.com,True
guide/barcelona.html,https://www.holabarcelona.com/transport-deals/hola-barcelona-aerobus,www.holabarcelona.com,True
guide/barcelona.html,https://aerobusbarcelona.es/en/lines-stops-and-schedules/,aerobusbarcelona.es,True
guide/barcelona.html,https://aerobusbarcelona.es/en/,aerobusbarcelona.es,True
guide/barcelona.html,https://www.tmb.cat/en/home,www.tmb.cat,True
guide/barcelona.html,https://www.holabarcelona.com/tickets/cable-car-montjuic-barcelona,www.holabarcelona.com,True
guide/girona.html,https://commons.wikimedia.org/wiki/File:The_houses_of_the_Onyar.jpg,commons.wikimedia.org,True
guide/girona.html,https://www.google.com/maps/search/?api=1&amp;query=Casa%20Marieta%201892%2C%20Pla%C3%A7a%20de%20la%20Independ%C3%A8ncia%205-6%2C%20Girona,www.google.com,True
guide/girona.html,https://casamarieta.com/,casamarieta.com,True
guide/girona.html,https://www.google.com/maps/search/?api=1&amp;query=Mercat%20del%20Lle%C3%B3%2C%20Pla%C3%A7a%20Calvet%20i%20Rubalcaba%2015%2C%20Girona,www.google.com,True
guide/girona.html,https://www.mercatdelleo.cat/,www.mercatdelleo.cat,True
guide/girona.html,https://commons.wikimedia.org/wiki/File:Xuixo.jpg,commons.wikimedia.org,True
guide/girona.html,https://commons.wikimedia.org/wiki/File:Suquet_de_peix.jpg,commons.wikimedia.org,True
guide/girona.html,https://www.google.com/maps/search/?api=1&amp;query=Casa%20Bascara%2C%20B%C3%A0scara,www.google.com,True
guide/girona.html,https://www.tourisme-collioure.com/mon-sejour/collioure-pratique/venir-a-collioure-et-se-deplacer-collioure/venir-en-voiture-collioure/,www.tourisme-collioure.com,True
guide/girona.html,https://web.girona.cat/comerc/mercatlleo,web.girona.cat,True
guide/girona.html,https://web2.girona.cat/tmg/cat/bus_linies.php,web2.girona.cat,True
guide/luberon.html,https://commons.wikimedia.org/wiki/File:Gordes_pano.jpg,commons.wikimedia.org,True
guide/luberon.html,https://commons.wikimedia.org/wiki/File:Bonnieux_au_coeur_du_Luberon_(Vaucluse).jpg,commons.wikimedia.org,True
guide/luberon.html,https://www.google.com/maps/search/?api=1&amp;query=Gordes%20accommodation%2C%20France,www.google.com,True
guide/luberon.html,https://zou.maregionsud.fr/fiches-horaires-des-bus-zou/vaucluse,zou.maregionsud.fr,True
guide/luberon.html,https://www.luberon-apt.fr/horaires-des-lignes-de-bus,www.luberon-apt.fr,True
guide/luberon.html,https://www.luberon-apt.fr/se-deplacer-sans-voiture,www.luberon-apt.fr,True
guide/luberon.html,https://zou.maregionsud.fr/fiches-horaires-des-bus-zou/vaucluse,zou.maregionsud.fr,True
guide/lyon.html,https://commons.wikimedia.org/wiki/File:Lyon_cityscape_from_Notre-Dame_de_Fourvi%C3%A8re_-_from_Flickr.jpg,commons.wikimedia.org,True
guide/lyon.html,https://www.google.com/maps/search/?api=1&amp;query=Caf%C3%A9%20Comptoir%20Abel%2C%2025%20rue%20Guynemer%2C%20Lyon,www.google.com,True
guide/lyon.html,https://www.cafecomptoirabel.com/,www.cafecomptoirabel.com,True
guide/lyon.html,https://www.google.com/maps/search/?api=1&amp;query=Chez%20Mamie%20Lise%2C%2011%20rue%20Grenette%2C%20Annecy,www.google.com,True
guide/lyon.html,https://www.chez-mamie-lise.com/,www.chez-mamie-lise.com,True
guide/lyon.html,https://www.google.com/maps/search/?api=1&amp;query=Daniel%20et%20Denise%20Cr%C3%A9qui%2C%20Lyon,www.google.com,True
guide/lyon.html,https://danieletdenise.fr/,danieletdenise.fr,True
guide/lyon.html,https://www.google.com/maps/search/?api=1&amp;query=Les%20Halles%20de%20Lyon%20Paul%20Bocuse%2C%20102%20cours%20Lafayette%2C%20Lyon,www.google.com,True
guide/lyon.html,https://www.halles-de-lyon-paulbocuse.com/informations-utiles/,www.halles-de-lyon-paulbocuse.com,True
guide/lyon.html,https://www.google.com/maps/search/?api=1&amp;query=Lagrange%20Apart%27Hotel%20Lyon%20Lumi%C3%A8re%2C%2081-85%20Cours%20Albert%20Thomas%2C%20Lyon,www.google.com,True
guide/lyon.html,https://www.tcl.fr/titres-et-tarifs/les-supports-des-titres-de-transports/tcl-carte-bancaire,www.tcl.fr,True
guide/lyon.html,https://www.tcl.fr/titres-et-tarifs/tous-les-titres-et-abonnements/1-voyage?trip-zone=433,www.tcl.fr,True
guide/lyon.html,https://www.tcl.fr/lignes/funiculaire-f2,www.tcl.fr,True
guide/lyon.html,https://www.ter.sncf.com/auvergne-rhone-alpes/trajet-lyon-annecy,www.ter.sncf.com,True
guide/lyon.html,https://www.tcl.fr/se-deplacer/plans-pdf-du-reseau,www.tcl.fr,True
guide/nice.html,https://commons.wikimedia.org/wiki/File:Nice_from_Castle_Hill_01.jpg,commons.wikimedia.org,True
guide/nice.html,https://www.google.com/maps/search/?api=1&amp;query=Le%20Figuier%20de%20Saint-Esprit%2C%20Antibes,www.google.com,True
guide/nice.html,https://www.restaurant-lefiguierdesaintesprit.fr/,www.restaurant-lefiguierdesaintesprit.fr,True
guide/nice.html,https://www.google.com/maps/search/?api=1&amp;query=Restaurant%20B%C3%A9atrice%2C%20Villa%20Ephrussi%20de%20Rothschild%2C%20Saint-Jean-Cap-Ferrat,www.google.com,True
guide/nice.html,https://www.villa-ephrussi.com/fr/preparer-sa-visite/le-restaurant-salon-de-the,www.villa-ephrussi.com,True
guide/nice.html,https://commons.wikimedia.org/wiki/File:Socca_a_Nice.jpg,commons.wikimedia.org,True
guide/nice.html,https://commons.wikimedia.org/wiki/File:Pissaladi%C3%A8re.jpg,commons.wikimedia.org,True
guide/nice.html,https://www.google.com/maps/search/?api=1&amp;query=12%20Rue%20Verdi%2C%2006000%20Nice,www.google.com,True
guide/nice.html,https://www.lignesdazur.com/fr/tickets-au-voyage,www.lignesdazur.com,True
guide/nice.html,https://www.lignesdazur.com/fr/aeroport,www.lignesdazur.com,True
guide/nice.html,https://www.lignesdazur.com/fr/mode-demploi,www.lignesdazur.com,True
guide/nice.html,https://www.lignesdazur.com/fr/telecharger-le-guide-tarifaire,www.lignesdazur.com,True
guide/nice.html,https://www.lignesdazur.com/fr/plan-lignes-azur,www.lignesdazur.com,True
guide/nice.html,https://www.lignesdazur.com/fr/plan-lignes-azur,www.lignesdazur.com,True
guide/paris.html,"https://commons.wikimedia.org/wiki/File:Paris_as_seen_from_the_Tour_Montparnasse,_11_May_2014.jpg",commons.wikimedia.org,True
guide/paris.html,https://www.google.com/maps/search/?api=1&amp;query=Au%20Petit%20Riche%2C%2025%20rue%20Le%20Peletier%2C%20Paris,www.google.com,True
guide/paris.html,https://www.restaurant-aupetitriche.com/,www.restaurant-aupetitriche.com,True
guide/paris.html,https://www.google.com/maps/search/?api=1&amp;query=Aux%20Crus%20de%20Bourgogne%2C%203%20rue%20Bachaumont%2C%20Paris,www.google.com,True
guide/paris.html,https://auxcrusdebourgogne.com/,auxcrusdebourgogne.com,True
guide/paris.html,https://www.google.com/maps/search/?api=1&amp;query=Bouillon%20Chartier%20Montparnasse%2C%20Paris,www.google.com,True
guide/paris.html,https://www.bouillon-chartier.com/montparnasse/,www.bouillon-chartier.com,True
guide/paris.html,https://www.google.com/maps/search/?api=1&amp;query=Caf%C3%A9%20Varenne%2C%2036%20rue%20de%20Varenne%2C%20Paris,www.google.com,True
guide/paris.html,https://www.google.com/maps/search/?api=1&amp;query=Le%20Caf%C3%A9%20du%20Commerce%2C%2051%20rue%20du%20Commerce%2C%20Paris,www.google.com,True
guide/paris.html,https://www.lecafeducommerce.com/,www.lecafeducommerce.com,True
guide/paris.html,https://www.google.com/maps/search/?api=1&amp;query=Chez%20Savy%2C%2023%20rue%20Bayard%2C%20Paris,www.google.com,True
guide/paris.html,https://www.google.com/maps/search/?api=1&amp;query=Le%20Grand%20Pan%2C%2020%20rue%20Rosenwald%2C%20Paris,www.google.com,True
guide/paris.html,https://www.legrandpan.fr/,www.legrandpan.fr,True
guide/paris.html,https://www.google.com/maps/search/?api=1&amp;query=Les%20Marches%2C%205%20rue%20de%20la%20Manutention%2C%20Paris,www.google.com,True
guide/paris.html,https://www.lesmarches-restaurant.com/en/,www.lesmarches-restaurant.com,True
guide/paris.html,https://www.google.com/maps/search/?api=1&amp;query=Bouillon%20Racine%2C%203%20rue%20Racine%2C%20Paris,www.google.com,True
guide/paris.html,https://www.bouillonracine.fr/,www.bouillonracine.fr,True
guide/paris.html,https://www.google.com/maps/search/?api=1&amp;query=Breizh%20Caf%C3%A9%20Charles%20Michels%2C%203%20place%20Charles%20Michels%2C%20Paris,www.google.com,True
guide/paris.html,https://www.breizhcafe.com/charles-michels,www.breizhcafe.com,True
guide/paris.html,https://www.google.com/maps/search/?api=1&amp;query=Chez%20Janou%2C%202%20rue%20Roger%20Verlomme%2C%20Paris,www.google.com,True
guide/paris.html,https://www.chezjanou.com/,www.chezjanou.com,True
guide/paris.html,https://www.google.com/maps/search/?api=1&amp;query=Guylas%2C%2068%20rue%20des%20Entrepreneurs%2C%20Paris,www.google.com,True
guide/paris.html,https://guylasparis.fr/,guylasparis.fr,True
guide/paris.html,https://www.google.com/maps/search/?api=1&amp;query=La%20Flottille%2C%20Ch%C3%A2teau%20de%20Versailles,www.google.com,True
guide/paris.html,https://www.laflottille.fr/en/,www.laflottille.fr,True
guide/paris.html,https://www.google.com/maps/search/?api=1&amp;query=Le%20Progr%C3%A8s%2C%207%20rue%20des%20Trois%20Fr%C3%A8res%2C%20Paris,www.google.com,True
guide/paris.html,https://www.google.com/maps/search/?api=1&amp;query=Le%20Volant%20Basque%2C%2013%20rue%20B%C3%A9atrix%20Dussane%2C%20Paris,www.google.com,True
guide/paris.html,https://levolantbasque.fr/en,levolantbasque.fr,True
guide/paris.html,https://www.google.com/maps/search/?api=1&amp;query=St%C3%A9phane%20Martin%2C%2067%20rue%20des%20Entrepreneurs%2C%20Paris,www.google.com,True
guide/paris.html,https://www.stephanemartin.com/,www.stephanemartin.com,True
guide/paris.html,https://www.google.com/maps/search/?api=1&amp;query=Le%20Relais%20du%2015%C3%A8me%2C%2078%20avenue%20%C3%89mile%20Zola%2C%20Paris,www.google.com,True
guide/paris.html,https://le-relais-du-15e.fr/fr,le-relais-du-15e.fr,True
guide/paris.html,https://www.google.com/maps/search/?api=1&amp;query=Sawadee%2C%2053%20avenue%20%C3%89mile%20Zola%2C%20Paris,www.google.com,True
guide/paris.html,https://www.sawadeethai1988.com/,www.sawadeethai1988.com,True
guide/paris.html,https://www.google.com/maps/search/?api=1&amp;query=Boulangerie%20Pichard%2C%2088%20rue%20Cambronne%2C%20Paris,www.google.com,True
guide/paris.html,https://www.paris.fr/,www.paris.fr,True
guide/paris.html,https://www.google.com/maps/search/?api=1&amp;query=March%C3%A9%20Convention%2C%20Paris%2015,www.google.com,True
guide/paris.html,https://www.paris.fr/equipements/marche-convention-5460,www.paris.fr,True
guide/paris.html,https://www.google.com/maps/search/?api=1&amp;query=78%20Rue%20de%20Lourmel%2C%2075015%20Paris%2C%20%C3%8Ele-de-France%2C%20France,www.google.com,True
guide/paris.html,https://www.iledefrance-mobilites.fr/en/tarifs-titre-de-transport-en-commun-2026,www.iledefrance-mobilites.fr,True
guide/paris.html,https://www.iledefrance-mobilites.fr/en/titres-et-tarifs/detail/forfait-navigo-semaine,www.iledefrance-mobilites.fr,True
guide/paris.html,https://www.iledefrance-mobilites.fr/en/titres-et-tarifs/detail/ticket-metro-train-rer,www.iledefrance-mobilites.fr,True
guide/paris.html,https://www.iledefrance-mobilites.fr/en/titres-et-tarifs/detail/ticket-paris-region-aeroports,www.iledefrance-mobilites.fr,True
guide/paris.html,https://www.iledefrance-mobilites.fr/en/le-reseau/plans,www.iledefrance-mobilites.fr,True
map/aix.html,https://www.google.com/maps/dir/?api=1&amp;origin=Parking%20Indigo%20Saint-Paul-de-Vence&amp;destination=Parking%20Indigo%20CRESP%2C%20Grasse&amp;travelmode=driving,www.google.com,True
map/aix.html,https://www.google.com/maps/dir/?api=1&amp;origin=Parking%20Indigo%20CRESP%2C%20Grasse&amp;destination=2%20Place%20Coimbra%2C%20R%C3%A9sidence%20Les%20Toits%20de%20M%C3%A9janes%2C%2013090%20Aix-en-Provence&amp;travelmode=driving,www.google.com,True
map/aix.html,https://www.google.com/maps/search/?api=1&amp;query=Fontaine%20de%20la%20Rotonde%2C%20Aix-en-Provence,www.google.com,True
map/aix.html,https://www.google.com/maps/search/?api=1&amp;query=Place%20Richelme%2C%20Aix-en-Provence,www.google.com,True
map/aix.html,https://www.google.com/maps/search/?api=1&amp;query=Place%20de%20l%27H%C3%B4tel%20de%20Ville%2C%20Aix-en-Provence,www.google.com,True
map/aix.html,https://www.google.com/maps/search/?api=1&amp;query=Atelier%20de%20C%C3%A9zanne%2C%20Aix-en-Provence,www.google.com,True
map/aix.html,https://www.google.com/maps/search/?api=1&amp;query=Mus%C3%A9e%20Granet%2C%20Aix-en-Provence,www.google.com,True
map/aix.html,https://www.google.com/maps/search/?api=1&amp;query=Cours%20Mirabeau%2C%20Aix-en-Provence,www.google.com,True
map/aix.html,https://www.google.com/maps/dir/?api=1&amp;origin=2%20Place%20Coimbra%2C%20R%C3%A9sidence%20Les%20Toits%20de%20M%C3%A9janes%2C%2013090%20Aix-en-Provence&amp;destination=Parking%20relais%20des%20Gorguettes%2C%20Cassis&amp;travelmode=driving,www.google.com,True
map/aix.html,https://www.google.com/maps/search/?api=1&amp;query=Parking%20relais%20des%20Gorguettes%2C%20Cassis,www.google.com,True
map/aix.html,https://www.google.com/maps/search/?api=1&amp;query=Port%20de%20Cassis%2C%20Quai%20Saint-Pierre%2C%20Cassis,www.google.com,True
map/aix.html,https://www.google.com/maps/search/?api=1&amp;query=Chez%20Gilbert%2C%20Cassis,www.google.com,True
map/aix.html,"https://www.google.com/maps/search/?api=1&amp;query=43.5283,5.4497",www.google.com,True
map/aix.html,https://www.google.com/maps/dir/?api=1&amp;origin=Gare%20d%27Aix-en-Provence&amp;destination=Marseille%20Saint-Charles&amp;travelmode=transit,www.google.com,True
map/aix.html,https://www.google.com/maps/search/?api=1&amp;query=Vieux-Port%20de%20Marseille%2C%20Marseille,www.google.com,True
map/aix.html,https://www.google.com/maps/search/?api=1&amp;query=Le%20Panier%2C%20Marseille,www.google.com,True
map/aix.html,https://www.google.com/maps/search/?api=1&amp;query=Mucem%2C%20Marseille,www.google.com,True
map/aix.html,https://www.google.com/maps/search/?api=1&amp;query=Basilique%20Notre-Dame%20de%20la%20Garde%2C%20Marseille,www.google.com,True
map/aix.html,https://www.google.com/maps/search/?api=1&amp;query=Vallon%20des%20Auffes%2C%20Marseille,www.google.com,True
map/aix.html,https://www.google.com/maps/dir/?api=1&amp;origin=Marseille%20Saint-Charles&amp;destination=Gare%20d%27Aix-en-Provence&amp;travelmode=transit,www.google.com,True
map/aix.html,https://www.google.com/maps/dir/?api=1&amp;origin=Aix-en-Provence&amp;destination=Lourmarin&amp;travelmode=driving,www.google.com,True
map/avignon.html,"https://www.google.com/maps/search/?api=1&amp;query=43.9493,4.8061",www.google.com,True
map/avignon.html,https://www.google.com/maps/search/?api=1&amp;query=Saint-R%C3%A9my-de-Provence%2C%20France,www.google.com,True
map/avignon.html,"https://www.google.com/maps/search/?api=1&amp;query=43.7885782,4.8317498",www.google.com,True
map/avignon.html,https://www.google.com/maps/search/?api=1&amp;query=Les%20Baux-de-Provence%2C%20France,www.google.com,True
map/avignon.html,https://www.google.com/maps/search/?api=1&amp;query=Th%C3%A9%C3%A2tre%20antique%2C%20Orange%2C%20France,www.google.com,True
map/avignon.html,https://www.google.com/maps/dir/?api=1&amp;origin=Avignon&amp;destination=Uz%C3%A8s&amp;travelmode=driving,www.google.com,True
map/avignon.html,https://www.google.com/maps/search/?api=1&amp;query=Place%20aux%20Herbes%2C%20Uz%C3%A8s,www.google.com,True
map/avignon.html,https://www.google.com/maps/search/?api=1&amp;query=Pont%20du%20Gard%2C%20Vers-Pont-du-Gard,www.google.com,True
map/avignon.html,https://www.google.com/maps/search/?api=1&amp;query=Ar%C3%A8nes%20de%20N%C3%AEmes%2C%20Boulevard%20des%20Ar%C3%A8nes%2C%20N%C3%AEmes,www.google.com,True
map/avignon.html,https://www.google.com/maps/search/?api=1&amp;query=Maison%20Carr%C3%A9e%2C%20Place%20de%20la%20Maison%20Carr%C3%A9e%2C%20N%C3%AEmes,www.google.com,True
map/avignon.html,https://www.google.com/maps/search/?api=1&amp;query=Hertz%2C%20Gare%20TGV%20d%27Avignon%2C%20Place%20de%20l%27Europe%2C%2084000%20Avignon,www.google.com,True
map/avignon.html,https://www.google.com/maps/dir/?api=1&amp;origin=Gare%20d%27Avignon%20Centre&amp;destination=Gare%20d%27Arles&amp;travelmode=transit,www.google.com,True
map/avignon.html,https://www.google.com/maps/search/?api=1&amp;query=Ar%C3%A8nes%20d%27Arles%2C%20Arles,www.google.com,True
map/avignon.html,https://www.google.com/maps/search/?api=1&amp;query=Th%C3%A9%C3%A2tre%20Antique%20d%27Arles%2C%20Arles,www.google.com,True
map/avignon.html,https://www.google.com/maps/search/?api=1&amp;query=Le%20Gibolin%2C%2013%20rue%20des%20Porcelets%2C%20Arles,www.google.com,True
map/avignon.html,https://www.google.com/maps/search/?api=1&amp;query=Clo%C3%AEtre%20Saint-Trophime%2C%20Arles,www.google.com,True
map/avignon.html,https://www.google.com/maps/search/?api=1&amp;query=%C3%89glise%20Saint-C%C3%A9saire%2C%20Arles,www.google.com,True
map/avignon.html,https://www.google.com/maps/dir/?api=1&amp;origin=Gare%20d%27Arles&amp;destination=Gare%20d%27Avignon%20Centre&amp;travelmode=transit,www.google.com,True
map/avignon.html,https://www.google.com/maps/search/?api=1&amp;query=Les%20Halles%20d%27Avignon%2C%20Place%20Pie%2C%20Avignon,www.google.com,True
map/avignon.html,https://www.google.com/maps/search/?api=1&amp;query=Palais%20des%20Papes%2C%20Avignon,www.google.com,True
map/avignon.html,https://www.google.com/maps/search/?api=1&amp;query=Jardin%20du%20Rocher%20des%20Doms%2C%20Avignon,www.google.com,True
map/avignon.html,https://www.google.com/maps/search/?api=1&amp;query=Pont%20Saint-B%C3%A9n%C3%A9zet%2C%20Avignon,www.google.com,True
map/avignon.html,https://www.google.com/maps/search/?api=1&amp;query=Centre%20Historique%20d%27Avignon%2C%2084000%20Avignon,www.google.com,True
map/avignon.html,https://www.google.com/maps/search/?api=1&amp;query=Les%20Cocottes%20Saint%20Louis%2C%2020%20rue%20du%20Portail%20Boquier%2C%20Avignon,www.google.com,True
map/barcelona.html,https://www.google.com/maps/search/?api=1&amp;query=Recinte%20Modernista%20de%20Sant%20Pau%2C%20Barcelona,www.google.com,True
map/barcelona.html,https://www.google.com/maps/search/?api=1&amp;query=Avinguda%20de%20Gaud%C3%AD%2C%20Barcelona,www.google.com,True
map/barcelona.html,https://www.google.com/maps/search/?api=1&amp;query=Puertecillo%20Sagrada%20Familia%2C%20Passatge%20de%20Sim%C3%B3%2018%2C%20Barcelona,www.google.com,True
map/barcelona.html,https://www.google.com/maps/search/?api=1&amp;query=Bas%C3%ADlica%20de%20la%20Sagrada%20Fam%C3%ADlia%2C%20Barcelona,www.google.com,True
map/barcelona.html,https://www.google.com/maps/search/?api=1&amp;query=Vila%20de%20Gr%C3%A0cia%2C%20Barcelona,www.google.com,True
map/barcelona.html,https://www.google.com/maps/search/?api=1&amp;query=Bodega%20Joan%2C%20Carrer%20del%20Rossell%C3%B3%20164%2C%20Barcelona,www.google.com,True
map/barcelona.html,https://www.google.com/maps/search/?api=1&amp;query=Mercat%20de%20la%20Concepci%C3%B3%2C%20Carrer%20d%27Arag%C3%B3%20313%2C%20Barcelona,www.google.com,True
map/barcelona.html,https://www.google.com/maps/search/?api=1&amp;query=Barri%20G%C3%B2tic%2C%20Barcelona,www.google.com,True
map/barcelona.html,https://www.google.com/maps/search/?api=1&amp;query=Biblioteca%20de%20Catalunya%2C%20Carrer%20de%20l%27Hospital%2056%2C%20Barcelona,www.google.com,True
map/barcelona.html,https://www.google.com/maps/search/?api=1&amp;query=Bar%20Ca%C3%B1ete%2C%20Carrer%20de%20la%20Uni%C3%B3%2017%2C%20Barcelona,www.google.com,True
map/barcelona.html,https://www.google.com/maps/search/?api=1&amp;query=Museu%20d%27Art%20Contemporani%20de%20Barcelona%2C%20Pla%C3%A7a%20dels%20%C3%80ngels%201,www.google.com,True
map/barcelona.html,https://www.google.com/maps/search/?api=1&amp;query=Llibreria%20Finestres%2C%20Carrer%20de%20la%20Diputaci%C3%B3%20249%2C%20Barcelona,www.google.com,True
map/barcelona.html,https://www.google.com/maps/search/?api=1&amp;query=Hertz%2C%20C/%20Viriat%2045%2C%20Barcelona,www.google.com,True
map/barcelona.html,https://www.google.com/maps/search/?api=1&amp;query=Aparcament%20Can%20Robert%2C%20Passeig%20de%20Vilafranca%2C%2008870%20Sitges,www.google.com,True
map/barcelona.html,https://www.google.com/maps/search/?api=1&amp;query=Museu%20del%20Cau%20Ferrat%2C%20Sitges,www.google.com,True
map/barcelona.html,https://www.google.com/maps/search/?api=1&amp;query=La%20Zorra%2C%20Passeig%20Mar%C3%ADtim%201-3%2C%20Sitges,www.google.com,True
map/barcelona.html,https://www.google.com/maps/search/?api=1&amp;query=Hertz%2C%20Aeroport%20de%20Barcelona%20Terminal%201%2C%2008820%20El%20Prat%20de%20Llobregat,www.google.com,True
map/girona.html,https://www.google.com/maps/search/?api=1&amp;query=Parking%20du%20Ch%C3%A2teau%20d%27eau%2C%20Collioure,www.google.com,True
map/girona.html,https://www.google.com/maps/search/?api=1&amp;query=Parking%20Saba%20Cadaqu%C3%A9s,www.google.com,True
map/girona.html,https://www.google.com/maps/search/?api=1&amp;query=Parking%20Avinguda%20del%20Pelegr%C3%AD%2C%20Tossa%20de%20Mar,www.google.com,True
map/girona.html,https://www.google.com/maps/search/?api=1&amp;query=Sant%20Feliu%20de%20Guixols,www.google.com,True
map/girona.html,https://www.google.com/maps/search/?api=1&amp;query=Parking%20Carrer%20Abeurador%2C%20Pals,www.google.com,True
map/girona.html,https://www.google.com/maps/search/?api=1&amp;query=Aparcament%20de%20Baix%2C%20Peratallada,www.google.com,True
map/index.html,https://www.google.com/maps/search/?api=1&amp;query=Recinte%20Modernista%20de%20Sant%20Pau%2C%20Barcelona,www.google.com,True
map/index.html,https://www.google.com/maps/search/?api=1&amp;query=Avinguda%20de%20Gaud%C3%AD%2C%20Barcelona,www.google.com,True
map/index.html,https://www.google.com/maps/search/?api=1&amp;query=Puertecillo%20Sagrada%20Familia%2C%20Passatge%20de%20Sim%C3%B3%2018%2C%20Barcelona,www.google.com,True
map/index.html,https://www.google.com/maps/search/?api=1&amp;query=Bas%C3%ADlica%20de%20la%20Sagrada%20Fam%C3%ADlia%2C%20Barcelona,www.google.com,True
map/index.html,https://www.google.com/maps/search/?api=1&amp;query=Vila%20de%20Gr%C3%A0cia%2C%20Barcelona,www.google.com,True
map/index.html,https://www.google.com/maps/search/?api=1&amp;query=Bodega%20Joan%2C%20Carrer%20del%20Rossell%C3%B3%20164%2C%20Barcelona,www.google.com,True
map/index.html,https://www.google.com/maps/search/?api=1&amp;query=Mercat%20de%20la%20Concepci%C3%B3%2C%20Carrer%20d%27Arag%C3%B3%20313%2C%20Barcelona,www.google.com,True
map/index.html,https://www.google.com/maps/search/?api=1&amp;query=Barri%20G%C3%B2tic%2C%20Barcelona,www.google.com,True
map/index.html,https://www.google.com/maps/search/?api=1&amp;query=Biblioteca%20de%20Catalunya%2C%20Carrer%20de%20l%27Hospital%2056%2C%20Barcelona,www.google.com,True
map/index.html,https://www.google.com/maps/search/?api=1&amp;query=Bar%20Ca%C3%B1ete%2C%20Carrer%20de%20la%20Uni%C3%B3%2017%2C%20Barcelona,www.google.com,True
map/index.html,https://www.google.com/maps/search/?api=1&amp;query=Museu%20d%27Art%20Contemporani%20de%20Barcelona%2C%20Pla%C3%A7a%20dels%20%C3%80ngels%201,www.google.com,True
map/index.html,https://www.google.com/maps/search/?api=1&amp;query=Llibreria%20Finestres%2C%20Carrer%20de%20la%20Diputaci%C3%B3%20249%2C%20Barcelona,www.google.com,True
map/index.html,https://www.google.com/maps/search/?api=1&amp;query=Hertz%2C%20C/%20Viriat%2045%2C%20Barcelona,www.google.com,True
map/index.html,https://www.google.com/maps/search/?api=1&amp;query=Aparcament%20Can%20Robert%2C%20Passeig%20de%20Vilafranca%2C%2008870%20Sitges,www.google.com,True
map/index.html,https://www.google.com/maps/search/?api=1&amp;query=Museu%20del%20Cau%20Ferrat%2C%20Sitges,www.google.com,True
map/index.html,https://www.google.com/maps/search/?api=1&amp;query=La%20Zorra%2C%20Passeig%20Mar%C3%ADtim%201-3%2C%20Sitges,www.google.com,True
map/index.html,https://www.google.com/maps/search/?api=1&amp;query=Hertz%2C%20Aeroport%20de%20Barcelona%20Terminal%201%2C%2008820%20El%20Prat%20de%20Llobregat,www.google.com,True
map/index.html,https://www.google.com/maps/search/?api=1&amp;query=Parking%20du%20Ch%C3%A2teau%20d%27eau%2C%20Collioure,www.google.com,True
map/index.html,https://www.google.com/maps/search/?api=1&amp;query=Parking%20Saba%20Cadaqu%C3%A9s,www.google.com,True
map/index.html,https://www.google.com/maps/search/?api=1&amp;query=Parking%20Avinguda%20del%20Pelegr%C3%AD%2C%20Tossa%20de%20Mar,www.google.com,True
map/index.html,https://www.google.com/maps/search/?api=1&amp;query=Sant%20Feliu%20de%20Guixols,www.google.com,True
map/index.html,https://www.google.com/maps/search/?api=1&amp;query=Parking%20Carrer%20Abeurador%2C%20Pals,www.google.com,True
map/index.html,https://www.google.com/maps/search/?api=1&amp;query=Aparcament%20de%20Baix%2C%20Peratallada,www.google.com,True
map/index.html,https://www.google.com/maps/dir/?api=1&amp;origin=Aeroport%20de%20Barcelona-El%20Prat&amp;destination=A%C3%A9roport%20Nice%20C%C3%B4te%20d%27Azur&amp;travelmode=transit,www.google.com,True
map/index.html,https://www.google.com/maps/search/?api=1&amp;query=Promenade%20des%20Anglais%2C%20Nice,www.google.com,True
map/index.html,https://www.google.com/maps/search/?api=1&amp;query=Cours%20Saleya%2C%20Nice,www.google.com,True
map/index.html,https://www.google.com/maps/search/?api=1&amp;query=Vieux%20Nice%2C%20Nice,www.google.com,True
map/index.html,https://www.google.com/maps/search/?api=1&amp;query=Parc%20de%20la%20Colline%20du%20Ch%C3%A2teau%2C%20Nice,www.google.com,True
map/index.html,https://www.google.com/maps/search/?api=1&amp;query=Port%20Lympia%2C%20Nice,www.google.com,True
map/index.html,https://www.google.com/maps/search/?api=1&amp;query=Chez%20Pipo%2C%2013%20Rue%20Bavastro%2C%2006300%20Nice,www.google.com,True
map/index.html,https://www.google.com/maps/dir/?api=1&amp;origin=Gare%20de%20Nice-Ville&amp;destination=Gare%20d%27Antibes&amp;travelmode=transit,www.google.com,True
map/index.html,https://www.google.com/maps/search/?api=1&amp;query=March%C3%A9%20Proven%C3%A7al%2C%20Cours%20Mass%C3%A9na%2C%2006600%20Antibes,www.google.com,True
map/index.html,https://www.google.com/maps/search/?api=1&amp;query=Le%20Figuier%20de%20Saint-Esprit%2C%20Antibes,www.google.com,True
map/index.html,https://www.google.com/maps/dir/?api=1&amp;origin=Gare%20d%27Antibes&amp;destination=Gare%20de%20Cannes&amp;travelmode=transit,www.google.com,True
map/index.html,https://www.google.com/maps/search/?api=1&amp;query=Le%20Suquet%2C%20Cannes,www.google.com,True
map/index.html,https://www.google.com/maps/search/?api=1&amp;query=Boulevard%20de%20la%20Croisette%2C%20Cannes,www.google.com,True
map/index.html,https://www.google.com/maps/dir/?api=1&amp;origin=Gare%20de%20Nice-Ville&amp;destination=12%20Rue%20Verdi%2C%2006000%20Nice&amp;travelmode=walking,www.google.com,True
map/index.html,https://www.google.com/maps/search/?api=1&amp;query=Monaco-Ville%2C%20Monaco,www.google.com,True
map/index.html,https://www.google.com/maps/search/?api=1&amp;query=Caf%C3%A9%20de%20Paris%20Monte-Carlo%2C%20Place%20du%20Casino%2C%20Monaco,www.google.com,True
map/index.html,https://www.google.com/maps/dir/?api=1&amp;origin=Gare%20de%20Monaco-Monte-Carlo&amp;destination=Gare%20de%20Menton&amp;travelmode=transit,www.google.com,True
map/index.html,https://www.google.com/maps/search/?api=1&amp;query=Menton%2C%20France,www.google.com,True
map/index.html,https://www.google.com/maps/dir/?api=1&amp;origin=Gare%20de%20Menton&amp;destination=Gare%20de%20Nice-Ville&amp;travelmode=transit,www.google.com,True
map/index.html,https://www.google.com/maps/dir/?api=1&amp;origin=Gare%20de%20Villefranche-sur-Mer&amp;destination=Villa%20Ephrussi%20de%20Rothschild&amp;travelmode=transit,www.google.com,True
map/index.html,https://www.google.com/maps/search/?api=1&amp;query=Villa%20Ephrussi%20de%20Rothschild%2C%20Saint-Jean-Cap-Ferrat,www.google.com,True
map/index.html,https://www.google.com/maps/search/?api=1&amp;query=Restaurant%20B%C3%A9atrice%2C%20Villa%20Ephrussi%20de%20Rothschild%2C%20Saint-Jean-Cap-Ferrat,www.google.com,True
map/index.html,https://www.google.com/maps/dir/?api=1&amp;origin=Villa%20Ephrussi%20de%20Rothschild&amp;destination=%C3%88ze%20Village&amp;travelmode=transit,www.google.com,True
map/index.html,https://www.google.com/maps/search/?api=1&amp;query=Jardin%20Exotique%20d%27%C3%88ze%2C%20Rue%20du%20Ch%C3%A2teau%2C%2006360%20%C3%88ze,www.google.com,True
map/index.html,https://www.google.com/maps/dir/?api=1&amp;origin=%C3%88ze%20Village&amp;destination=12%20Rue%20Verdi%2C%2006000%20Nice&amp;travelmode=transit,www.google.com,True
map/index.html,https://www.google.com/maps/dir/?api=1&amp;origin=%C3%88ze%20Village&amp;destination=12%20Rue%20Verdi%2C%2006000%20Nice&amp;travelmode=transit,www.google.com,True
map/index.html,https://www.google.com/maps/dir/?api=1&amp;origin=Parking%20Indigo%20Saint-Paul-de-Vence&amp;destination=Parking%20Indigo%20CRESP%2C%20Grasse&amp;travelmode=driving,www.google.com,True
map/index.html,https://www.google.com/maps/dir/?api=1&amp;origin=Parking%20Indigo%20CRESP%2C%20Grasse&amp;destination=2%20Place%20Coimbra%2C%20R%C3%A9sidence%20Les%20Toits%20de%20M%C3%A9janes%2C%2013090%20Aix-en-Provence&amp;travelmode=driving,www.google.com,True
map/index.html,https://www.google.com/maps/search/?api=1&amp;query=Fontaine%20de%20la%20Rotonde%2C%20Aix-en-Provence,www.google.com,True
map/index.html,https://www.google.com/maps/search/?api=1&amp;query=Place%20Richelme%2C%20Aix-en-Provence,www.google.com,True
map/index.html,https://www.google.com/maps/search/?api=1&amp;query=Place%20de%20l%27H%C3%B4tel%20de%20Ville%2C%20Aix-en-Provence,www.google.com,True
map/index.html,https://www.google.com/maps/search/?api=1&amp;query=Atelier%20de%20C%C3%A9zanne%2C%20Aix-en-Provence,www.google.com,True
map/index.html,https://www.google.com/maps/search/?api=1&amp;query=Mus%C3%A9e%20Granet%2C%20Aix-en-Provence,www.google.com,True
map/index.html,https://www.google.com/maps/search/?api=1&amp;query=Cours%20Mirabeau%2C%20Aix-en-Provence,www.google.com,True
map/index.html,https://www.google.com/maps/dir/?api=1&amp;origin=2%20Place%20Coimbra%2C%20R%C3%A9sidence%20Les%20Toits%20de%20M%C3%A9janes%2C%2013090%20Aix-en-Provence&amp;destination=Parking%20relais%20des%20Gorguettes%2C%20Cassis&amp;travelmode=driving,www.google.com,True
map/index.html,https://www.google.com/maps/search/?api=1&amp;query=Parking%20relais%20des%20Gorguettes%2C%20Cassis,www.google.com,True
map/index.html,https://www.google.com/maps/search/?api=1&amp;query=Port%20de%20Cassis%2C%20Quai%20Saint-Pierre%2C%20Cassis,www.google.com,True
map/index.html,https://www.google.com/maps/search/?api=1&amp;query=Chez%20Gilbert%2C%20Cassis,www.google.com,True
map/index.html,"https://www.google.com/maps/search/?api=1&amp;query=43.5283,5.4497",www.google.com,True
map/index.html,https://www.google.com/maps/dir/?api=1&amp;origin=Gare%20d%27Aix-en-Provence&amp;destination=Marseille%20Saint-Charles&amp;travelmode=transit,www.google.com,True
map/index.html,https://www.google.com/maps/search/?api=1&amp;query=Vieux-Port%20de%20Marseille%2C%20Marseille,www.google.com,True
map/index.html,https://www.google.com/maps/search/?api=1&amp;query=Le%20Panier%2C%20Marseille,www.google.com,True
map/index.html,https://www.google.com/maps/search/?api=1&amp;query=Mucem%2C%20Marseille,www.google.com,True
map/index.html,https://www.google.com/maps/search/?api=1&amp;query=Basilique%20Notre-Dame%20de%20la%20Garde%2C%20Marseille,www.google.com,True
map/index.html,https://www.google.com/maps/search/?api=1&amp;query=Vallon%20des%20Auffes%2C%20Marseille,www.google.com,True
map/index.html,https://www.google.com/maps/dir/?api=1&amp;origin=Marseille%20Saint-Charles&amp;destination=Gare%20d%27Aix-en-Provence&amp;travelmode=transit,www.google.com,True
map/index.html,https://www.google.com/maps/dir/?api=1&amp;origin=Aix-en-Provence&amp;destination=Lourmarin&amp;travelmode=driving,www.google.com,True
map/index.html,https://www.google.com/maps/search/?api=1&amp;query=Lourmarin%2C%20France,www.google.com,True
map/index.html,"https://www.google.com/maps/search/?api=1&amp;query=43.765182,5.362981",www.google.com,True
map/index.html,https://www.google.com/maps/search/?api=1&amp;query=Bonnieux%2C%20France,www.google.com,True
map/index.html,https://www.google.com/maps/search/?api=1&amp;query=Lacoste%2C%20Vaucluse%2C%20France,www.google.com,True
map/index.html,https://www.google.com/maps/search/?api=1&amp;query=Gordes%2C%20France,www.google.com,True
map/index.html,https://www.google.com/maps/search/?api=1&amp;query=Sentier%20des%20Ocres%2C%20Roussillon,www.google.com,True
map/index.html,https://www.google.com/maps/search/?api=1&amp;query=M%C3%A9nerbes%2C%20France,www.google.com,True
map/index.html,https://www.google.com/maps/search/?api=1&amp;query=Goult%2C%20France,www.google.com,True
map/index.html,https://www.google.com/maps/search/?api=1&amp;query=Abbaye%20Notre-Dame%20de%20S%C3%A9nanque%2C%20Gordes,www.google.com,True
map/index.html,https://www.google.com/maps/search/?api=1&amp;query=L%27Isle-sur-la-Sorgue%2C%20France,www.google.com,True
map/index.html,https://www.google.com/maps/search/?api=1&amp;query=Fontaine-de-Vaucluse%2C%20France,www.google.com,True
map/index.html,"https://www.google.com/maps/search/?api=1&amp;query=43.9493,4.8061",www.google.com,True
map/index.html,https://www.google.com/maps/search/?api=1&amp;query=Saint-R%C3%A9my-de-Provence%2C%20France,www.google.com,True
map/index.html,"https://www.google.com/maps/search/?api=1&amp;query=43.7885782,4.8317498",www.google.com,True
map/index.html,https://www.google.com/maps/search/?api=1&amp;query=Les%20Baux-de-Provence%2C%20France,www.google.com,True
map/index.html,https://www.google.com/maps/search/?api=1&amp;query=Th%C3%A9%C3%A2tre%20antique%2C%20Orange%2C%20France,www.google.com,True
map/index.html,https://www.google.com/maps/dir/?api=1&amp;origin=Avignon&amp;destination=Uz%C3%A8s&amp;travelmode=driving,www.google.com,True
map/index.html,https://www.google.com/maps/search/?api=1&amp;query=Place%20aux%20Herbes%2C%20Uz%C3%A8s,www.google.com,True
map/index.html,https://www.google.com/maps/search/?api=1&amp;query=Pont%20du%20Gard%2C%20Vers-Pont-du-Gard,www.google.com,True
map/index.html,https://www.google.com/maps/search/?api=1&amp;query=Ar%C3%A8nes%20de%20N%C3%AEmes%2C%20Boulevard%20des%20Ar%C3%A8nes%2C%20N%C3%AEmes,www.google.com,True
map/index.html,https://www.google.com/maps/search/?api=1&amp;query=Maison%20Carr%C3%A9e%2C%20Place%20de%20la%20Maison%20Carr%C3%A9e%2C%20N%C3%AEmes,www.google.com,True
map/index.html,https://www.google.com/maps/search/?api=1&amp;query=Hertz%2C%20Gare%20TGV%20d%27Avignon%2C%20Place%20de%20l%27Europe%2C%2084000%20Avignon,www.google.com,True
map/index.html,https://www.google.com/maps/dir/?api=1&amp;origin=Gare%20d%27Avignon%20Centre&amp;destination=Gare%20d%27Arles&amp;travelmode=transit,www.google.com,True
map/index.html,https://www.google.com/maps/search/?api=1&amp;query=Ar%C3%A8nes%20d%27Arles%2C%20Arles,www.google.com,True
map/index.html,https://www.google.com/maps/search/?api=1&amp;query=Th%C3%A9%C3%A2tre%20Antique%20d%27Arles%2C%20Arles,www.google.com,True
map/index.html,https://www.google.com/maps/search/?api=1&amp;query=Le%20Gibolin%2C%2013%20rue%20des%20Porcelets%2C%20Arles,www.google.com,True
map/index.html,https://www.google.com/maps/search/?api=1&amp;query=Clo%C3%AEtre%20Saint-Trophime%2C%20Arles,www.google.com,True
map/index.html,https://www.google.com/maps/search/?api=1&amp;query=%C3%89glise%20Saint-C%C3%A9saire%2C%20Arles,www.google.com,True
map/index.html,https://www.google.com/maps/dir/?api=1&amp;origin=Gare%20d%27Arles&amp;destination=Gare%20d%27Avignon%20Centre&amp;travelmode=transit,www.google.com,True
map/index.html,https://www.google.com/maps/search/?api=1&amp;query=Les%20Halles%20d%27Avignon%2C%20Place%20Pie%2C%20Avignon,www.google.com,True
map/index.html,https://www.google.com/maps/search/?api=1&amp;query=Palais%20des%20Papes%2C%20Avignon,www.google.com,True
map/index.html,https://www.google.com/maps/search/?api=1&amp;query=Jardin%20du%20Rocher%20des%20Doms%2C%20Avignon,www.google.com,True
map/index.html,https://www.google.com/maps/search/?api=1&amp;query=Pont%20Saint-B%C3%A9n%C3%A9zet%2C%20Avignon,www.google.com,True
map/index.html,https://www.google.com/maps/search/?api=1&amp;query=Centre%20Historique%20d%27Avignon%2C%2084000%20Avignon,www.google.com,True
map/index.html,https://www.google.com/maps/search/?api=1&amp;query=Les%20Cocottes%20Saint%20Louis%2C%2020%20rue%20du%20Portail%20Boquier%2C%20Avignon,www.google.com,True
map/index.html,https://www.google.com/maps/dir/?api=1&amp;origin=Gare%20d%27Avignon%20TGV&amp;destination=Gare%20de%20Lyon%20Part-Dieu&amp;travelmode=transit,www.google.com,True
map/index.html,https://www.google.com/maps/search/?api=1&amp;query=Place%20Bellecour%2C%20Lyon,www.google.com,True
map/index.html,https://www.google.com/maps/search/?api=1&amp;query=Caf%C3%A9%20Comptoir%20Abel%2C%2025%20rue%20Guynemer%2C%20Lyon,www.google.com,True
map/index.html,https://www.google.com/maps/dir/?api=1&amp;origin=Place%20Bellecour%2C%20Lyon&amp;destination=Basilique%20Notre-Dame%20de%20Fourvi%C3%A8re%2C%20Lyon&amp;travelmode=transit,www.google.com,True
map/index.html,https://www.google.com/maps/search/?api=1&amp;query=Basilique%20Notre-Dame%20de%20Fourvi%C3%A8re%2C%20Lyon,www.google.com,True
map/index.html,https://www.google.com/maps/search/?api=1&amp;query=Jardin%20du%20Rosaire%2C%20Lyon,www.google.com,True
map/index.html,https://www.google.com/maps/search/?api=1&amp;query=Cath%C3%A9drale%20Saint-Jean-Baptiste%2C%20Lyon,www.google.com,True
map/index.html,https://www.google.com/maps/search/?api=1&amp;query=Passerelle%20Saint-Georges%2C%2069005%20Lyon,www.google.com,True
map/index.html,https://www.google.com/maps/search/?api=1&amp;query=Daniel%20et%20Denise%20Cr%C3%A9qui%2C%20Lyon,www.google.com,True
map/index.html,https://www.google.com/maps/search/?api=1&amp;query=Place%20de%20la%20Croix-Rousse%2C%20Lyon,www.google.com,True
map/index.html,https://www.google.com/maps/search/?api=1&amp;query=Les%20Halles%20de%20Lyon%20Paul%20Bocuse%2C%20102%20cours%20Lafayette%2C%20Lyon,www.google.com,True
map/index.html,https://www.google.com/maps/search/?api=1&amp;query=Parc%20de%20la%20T%C3%AAte%20d%27Or%2C%20Lyon,www.google.com,True
map/index.html,https://www.google.com/maps/dir/?api=1&amp;origin=Gare%20de%20Lyon%20Part-Dieu&amp;destination=Gare%20d%27Annecy&amp;travelmode=transit,www.google.com,True
map/index.html,https://www.google.com/maps/search/?api=1&amp;query=Palais%20de%20l%27%C3%8Ele%2C%20Annecy,www.google.com,True
map/index.html,https://www.google.com/maps/search/?api=1&amp;query=Chez%20Mamie%20Lise%2C%2011%20rue%20Grenette%2C%20Annecy,www.google.com,True
map/index.html,https://www.google.com/maps/dir/?api=1&amp;origin=Gare%20d%27Annecy&amp;destination=Gare%20de%20Lyon%20Part-Dieu&amp;travelmode=transit,www.google.com,True
map/index.html,https://www.google.com/maps/dir/?api=1&amp;origin=Lagrange%20Aparthotel%20Lyon%20Lumi%C3%A8re%2C%2081-85%20Cours%20Albert%20Thomas%2C%2069003%20Lyon&amp;destination=Gare%20de%20Lyon-Part-Dieu&amp;travelmode=transit,www.google.com,True
map/index.html,https://www.google.com/maps/search/?api=1&amp;query=Gare%20de%20Lyon%20Part-Dieu,www.google.com,True
map/index.html,https://www.google.com/maps/dir/?api=1&amp;origin=Gare%20de%20Lyon%20Part-Dieu&amp;destination=Paris%20Gare%20de%20Lyon&amp;travelmode=transit,www.google.com,True
map/index.html,https://www.google.com/maps/dir/?api=1&amp;origin=Paris%20Gare%20de%20Lyon&amp;destination=78%20Rue%20de%20Lourmel%2C%2075015%20Paris&amp;travelmode=transit,www.google.com,True
map/index.html,https://www.google.com/maps/search/?api=1&amp;query=Rue%20du%20Commerce%2C%2075015%20Paris,www.google.com,True
map/index.html,https://www.google.com/maps/search/?api=1&amp;query=Franklin%20D.%20Roosevelt%2C%2075008%20Paris,www.google.com,True
map/index.html,https://www.google.com/maps/search/?api=1&amp;query=Grand%20Palais%2C%20Paris,www.google.com,True
map/index.html,https://www.google.com/maps/search/?api=1&amp;query=Mus%C3%A9e%20du%20Luxembourg%2C%20Paris,www.google.com,True
map/index.html,https://www.google.com/maps/search/?api=1&amp;query=Place%20de%20la%20Sorbonne%2C%20Paris,www.google.com,True
map/index.html,https://www.google.com/maps/search/?api=1&amp;query=Cath%C3%A9drale%20Notre-Dame%20de%20Paris%2C%20Paris,www.google.com,True
map/index.html,https://www.google.com/maps/search/?api=1&amp;query=Bouillon%20Racine%2C%203%20rue%20Racine%2C%20Paris,www.google.com,True
map/index.html,https://www.google.com/maps/search/?api=1&amp;query=Mus%C3%A9e%20de%20l%27Orangerie%2C%20Paris,www.google.com,True
map/index.html,https://www.google.com/maps/search/?api=1&amp;query=Jardin%20des%20Tuileries%2C%20Paris,www.google.com,True
map/index.html,https://www.google.com/maps/search/?api=1&amp;query=Domaine%20National%20du%20Palais-Royal%2C%20Paris,www.google.com,True
map/index.html,https://www.google.com/maps/search/?api=1&amp;query=Palais%20Garnier%2C%20Paris,www.google.com,True
map/index.html,https://www.google.com/maps/search/?api=1&amp;query=Mus%C3%A9e%20Gustave%20Moreau%2C%20Paris,www.google.com,True
map/index.html,https://www.google.com/maps/search/?api=1&amp;query=Quartier%20de%20la%20Nouvelle%20Ath%C3%A8nes%2C%2075009%20Paris,www.google.com,True
map/index.html,https://www.google.com/maps/search/?api=1&amp;query=Place%20des%20Vosges%2C%20Paris,www.google.com,True
map/index.html,https://www.google.com/maps/search/?api=1&amp;query=Mus%C3%A9e%20d%27Orsay%2C%20Paris,www.google.com,True
map/index.html,https://www.google.com/maps/search/?api=1&amp;query=Rue%20du%20Bac%2C%2075007%20Paris,www.google.com,True
map/index.html,https://www.google.com/maps/search/?api=1&amp;query=Mus%C3%A9e%20Rodin%2C%20Paris,www.google.com,True
map/index.html,https://www.google.com/maps/search/?api=1&amp;query=H%C3%B4tel%20des%20Invalides%2C%20Paris,www.google.com,True
map/index.html,https://www.google.com/maps/search/?api=1&amp;query=Petit%20Palais%2C%20Paris,www.google.com,True
map/index.html,https://www.google.com/maps/search/?api=1&amp;query=Avenue%20des%20Champs-%C3%89lys%C3%A9es%2C%20Paris,www.google.com,True
map/index.html,https://www.google.com/maps/dir/?api=1&amp;origin=78%20Rue%20de%20Lourmel%2C%2075015%20Paris&amp;destination=Gare%20de%20Versailles%20Ch%C3%A2teau%20Rive%20Gauche&amp;travelmode=transit,www.google.com,True
map/index.html,https://www.google.com/maps/search/?api=1&amp;query=La%20Flottille%2C%20Ch%C3%A2teau%20de%20Versailles,www.google.com,True
map/index.html,https://www.google.com/maps/search/?api=1&amp;query=Mus%C3%A9e%20du%20Louvre%2C%20Paris,www.google.com,True
map/index.html,https://www.google.com/maps/search/?api=1&amp;query=Cour%20Carr%C3%A9e%20du%20Louvre%2C%20Paris,www.google.com,True
map/index.html,https://www.google.com/maps/search/?api=1&amp;query=Mus%C3%A9e%20Marmottan%20Monet%2C%20Paris,www.google.com,True
map/index.html,https://www.google.com/maps/search/?api=1&amp;query=Jardin%20du%20Ranelagh%2C%20Paris,www.google.com,True
map/index.html,https://www.google.com/maps/dir/?api=1&amp;origin=78%20Rue%20de%20Lourmel%2C%2075015%20Paris&amp;destination=Hippodrome%20ParisLongchamp&amp;travelmode=transit,www.google.com,True
map/index.html,https://www.google.com/maps/search/?api=1&amp;query=Hippodrome%20ParisLongchamp,www.google.com,True
map/index.html,https://www.google.com/maps/search/?api=1&amp;query=Mus%C3%A9e%20Jacquemart-Andr%C3%A9%2C%20Paris,www.google.com,True
map/index.html,https://www.google.com/maps/search/?api=1&amp;query=Parc%20Monceau%2C%20Paris,www.google.com,True
map/index.html,https://www.google.com/maps/search/?api=1&amp;query=Mus%C3%A9e%20Picasso%20Paris%2C%20Paris,www.google.com,True
map/index.html,https://www.google.com/maps/search/?api=1&amp;query=Mus%C3%A9e%20Carnavalet%2C%20Paris,www.google.com,True
map/index.html,https://www.google.com/maps/search/?api=1&amp;query=Chez%20Janou%2C%202%20rue%20Roger%20Verlomme%2C%20Paris,www.google.com,True
map/index.html,https://www.google.com/maps/search/?api=1&amp;query=Bourse%20de%20Commerce%20%E2%80%94%20Pinault%20Collection%2C%20Paris,www.google.com,True
map/index.html,https://www.google.com/maps/search/?api=1&amp;query=Aux%20Crus%20de%20Bourgogne%2C%203%20rue%20Bachaumont%2C%20Paris,www.google.com,True
map/index.html,https://www.google.com/maps/search/?api=1&amp;query=Le%20Clos%20Montmartre%2C%20Rue%20des%20Saules%2C%2075018%20Paris,www.google.com,True
map/index.html,https://www.google.com/maps/search/?api=1&amp;query=Le%20Progr%C3%A8s%2C%207%20rue%20des%20Trois%20Fr%C3%A8res%2C%20Paris,www.google.com,True
map/index.html,https://www.google.com/maps/search/?api=1&amp;query=Mus%C3%A9e%20Guimet%2C%20Paris,www.google.com,True
map/index.html,https://www.google.com/maps/search/?api=1&amp;query=Place%20d%27I%C3%A9na%2C%20Paris,www.google.com,True
map/index.html,https://www.google.com/maps/search/?api=1&amp;query=Mus%C3%A9e%20d%27Art%20Moderne%20de%20Paris%2C%20Paris,www.google.com,True
map/index.html,https://www.google.com/maps/dir/?api=1&amp;origin=Place%20du%20Trocad%C3%A9ro%2C%20Paris&amp;destination=Tour%20Eiffel%2C%20Paris&amp;travelmode=walking,www.google.com,True
map/index.html,https://www.google.com/maps/search/?api=1&amp;query=Le%20Grand%20Pan%2C%2020%20rue%20Rosenwald%2C%20Paris,www.google.com,True
map/index.html,https://www.google.com/maps/search/?api=1&amp;query=Le%20Caf%C3%A9%20du%20Commerce%2C%2051%20rue%20du%20Commerce%2C%20Paris,www.google.com,True
map/index.html,https://www.google.com/maps/dir/?api=1&amp;origin=78%20Rue%20de%20Lourmel%2C%2075015%20Paris&amp;destination=A%C3%A9roport%20Paris-Charles%20de%20Gaulle%20Terminal%201%2C%2095700%20Roissy-en-France&amp;travelmode=driving,www.google.com,True
map/luberon.html,https://www.google.com/maps/search/?api=1&amp;query=Lourmarin%2C%20France,www.google.com,True
map/luberon.html,"https://www.google.com/maps/search/?api=1&amp;query=43.765182,5.362981",www.google.com,True
map/luberon.html,https://www.google.com/maps/search/?api=1&amp;query=Bonnieux%2C%20France,www.google.com,True
map/luberon.html,https://www.google.com/maps/search/?api=1&amp;query=Lacoste%2C%20Vaucluse%2C%20France,www.google.com,True
map/luberon.html,https://www.google.com/maps/search/?api=1&amp;query=Gordes%2C%20France,www.google.com,True
map/luberon.html,https://www.google.com/maps/search/?api=1&amp;query=Sentier%20des%20Ocres%2C%20Roussillon,www.google.com,True
map/luberon.html,https://www.google.com/maps/search/?api=1&amp;query=M%C3%A9nerbes%2C%20France,www.google.com,True
map/luberon.html,https://www.google.com/maps/search/?api=1&amp;query=Goult%2C%20France,www.google.com,True
map/luberon.html,https://www.google.com/maps/search/?api=1&amp;query=Abbaye%20Notre-Dame%20de%20S%C3%A9nanque%2C%20Gordes,www.google.com,True
map/luberon.html,https://www.google.com/maps/search/?api=1&amp;query=L%27Isle-sur-la-Sorgue%2C%20France,www.google.com,True
map/luberon.html,https://www.google.com/maps/search/?api=1&amp;query=Fontaine-de-Vaucluse%2C%20France,www.google.com,True
map/lyon.html,https://www.google.com/maps/dir/?api=1&amp;origin=Gare%20d%27Avignon%20TGV&amp;destination=Gare%20de%20Lyon%20Part-Dieu&amp;travelmode=transit,www.google.com,True
map/lyon.html,https://www.google.com/maps/search/?api=1&amp;query=Place%20Bellecour%2C%20Lyon,www.google.com,True
map/lyon.html,https://www.google.com/maps/search/?api=1&amp;query=Caf%C3%A9%20Comptoir%20Abel%2C%2025%20rue%20Guynemer%2C%20Lyon,www.google.com,True
map/lyon.html,https://www.google.com/maps/dir/?api=1&amp;origin=Place%20Bellecour%2C%20Lyon&amp;destination=Basilique%20Notre-Dame%20de%20Fourvi%C3%A8re%2C%20Lyon&amp;travelmode=transit,www.google.com,True
map/lyon.html,https://www.google.com/maps/search/?api=1&amp;query=Basilique%20Notre-Dame%20de%20Fourvi%C3%A8re%2C%20Lyon,www.google.com,True
map/lyon.html,https://www.google.com/maps/search/?api=1&amp;query=Jardin%20du%20Rosaire%2C%20Lyon,www.google.com,True
map/lyon.html,https://www.google.com/maps/search/?api=1&amp;query=Cath%C3%A9drale%20Saint-Jean-Baptiste%2C%20Lyon,www.google.com,True
map/lyon.html,https://www.google.com/maps/search/?api=1&amp;query=Passerelle%20Saint-Georges%2C%2069005%20Lyon,www.google.com,True
map/lyon.html,https://www.google.com/maps/search/?api=1&amp;query=Daniel%20et%20Denise%20Cr%C3%A9qui%2C%20Lyon,www.google.com,True
map/lyon.html,https://www.google.com/maps/search/?api=1&amp;query=Place%20de%20la%20Croix-Rousse%2C%20Lyon,www.google.com,True
map/lyon.html,https://www.google.com/maps/search/?api=1&amp;query=Les%20Halles%20de%20Lyon%20Paul%20Bocuse%2C%20102%20cours%20Lafayette%2C%20Lyon,www.google.com,True
map/lyon.html,https://www.google.com/maps/search/?api=1&amp;query=Parc%20de%20la%20T%C3%AAte%20d%27Or%2C%20Lyon,www.google.com,True
map/lyon.html,https://www.google.com/maps/dir/?api=1&amp;origin=Gare%20de%20Lyon%20Part-Dieu&amp;destination=Gare%20d%27Annecy&amp;travelmode=transit,www.google.com,True
map/lyon.html,https://www.google.com/maps/search/?api=1&amp;query=Palais%20de%20l%27%C3%8Ele%2C%20Annecy,www.google.com,True
map/lyon.html,https://www.google.com/maps/search/?api=1&amp;query=Chez%20Mamie%20Lise%2C%2011%20rue%20Grenette%2C%20Annecy,www.google.com,True
map/lyon.html,https://www.google.com/maps/dir/?api=1&amp;origin=Gare%20d%27Annecy&amp;destination=Gare%20de%20Lyon%20Part-Dieu&amp;travelmode=transit,www.google.com,True
map/lyon.html,https://www.google.com/maps/dir/?api=1&amp;origin=Lagrange%20Aparthotel%20Lyon%20Lumi%C3%A8re%2C%2081-85%20Cours%20Albert%20Thomas%2C%2069003%20Lyon&amp;destination=Gare%20de%20Lyon-Part-Dieu&amp;travelmode=transit,www.google.com,True
map/lyon.html,https://www.google.com/maps/search/?api=1&amp;query=Gare%20de%20Lyon%20Part-Dieu,www.google.com,True
map/nice.html,https://www.google.com/maps/dir/?api=1&amp;origin=Aeroport%20de%20Barcelona-El%20Prat&amp;destination=A%C3%A9roport%20Nice%20C%C3%B4te%20d%27Azur&amp;travelmode=transit,www.google.com,True
map/nice.html,https://www.google.com/maps/search/?api=1&amp;query=Promenade%20des%20Anglais%2C%20Nice,www.google.com,True
map/nice.html,https://www.google.com/maps/search/?api=1&amp;query=Cours%20Saleya%2C%20Nice,www.google.com,True
map/nice.html,https://www.google.com/maps/search/?api=1&amp;query=Vieux%20Nice%2C%20Nice,www.google.com,True
map/nice.html,https://www.google.com/maps/search/?api=1&amp;query=Parc%20de%20la%20Colline%20du%20Ch%C3%A2teau%2C%20Nice,www.google.com,True
map/nice.html,https://www.google.com/maps/search/?api=1&amp;query=Port%20Lympia%2C%20Nice,www.google.com,True
map/nice.html,https://www.google.com/maps/search/?api=1&amp;query=Chez%20Pipo%2C%2013%20Rue%20Bavastro%2C%2006300%20Nice,www.google.com,True
map/nice.html,https://www.google.com/maps/dir/?api=1&amp;origin=Gare%20de%20Nice-Ville&amp;destination=Gare%20d%27Antibes&amp;travelmode=transit,www.google.com,True
map/nice.html,https://www.google.com/maps/search/?api=1&amp;query=March%C3%A9%20Proven%C3%A7al%2C%20Cours%20Mass%C3%A9na%2C%2006600%20Antibes,www.google.com,True
map/nice.html,https://www.google.com/maps/search/?api=1&amp;query=Le%20Figuier%20de%20Saint-Esprit%2C%20Antibes,www.google.com,True
map/nice.html,https://www.google.com/maps/dir/?api=1&amp;origin=Gare%20d%27Antibes&amp;destination=Gare%20de%20Cannes&amp;travelmode=transit,www.google.com,True
map/nice.html,https://www.google.com/maps/search/?api=1&amp;query=Le%20Suquet%2C%20Cannes,www.google.com,True
map/nice.html,https://www.google.com/maps/search/?api=1&amp;query=Boulevard%20de%20la%20Croisette%2C%20Cannes,www.google.com,True
map/nice.html,https://www.google.com/maps/dir/?api=1&amp;origin=Gare%20de%20Nice-Ville&amp;destination=12%20Rue%20Verdi%2C%2006000%20Nice&amp;travelmode=walking,www.google.com,True
map/nice.html,https://www.google.com/maps/search/?api=1&amp;query=Monaco-Ville%2C%20Monaco,www.google.com,True
map/nice.html,https://www.google.com/maps/search/?api=1&amp;query=Caf%C3%A9%20de%20Paris%20Monte-Carlo%2C%20Place%20du%20Casino%2C%20Monaco,www.google.com,True
map/nice.html,https://www.google.com/maps/dir/?api=1&amp;origin=Gare%20de%20Monaco-Monte-Carlo&amp;destination=Gare%20de%20Menton&amp;travelmode=transit,www.google.com,True
map/nice.html,https://www.google.com/maps/search/?api=1&amp;query=Menton%2C%20France,www.google.com,True
map/nice.html,https://www.google.com/maps/dir/?api=1&amp;origin=Gare%20de%20Menton&amp;destination=Gare%20de%20Nice-Ville&amp;travelmode=transit,www.google.com,True
map/nice.html,https://www.google.com/maps/dir/?api=1&amp;origin=Gare%20de%20Villefranche-sur-Mer&amp;destination=Villa%20Ephrussi%20de%20Rothschild&amp;travelmode=transit,www.google.com,True
map/nice.html,https://www.google.com/maps/search/?api=1&amp;query=Villa%20Ephrussi%20de%20Rothschild%2C%20Saint-Jean-Cap-Ferrat,www.google.com,True
map/nice.html,https://www.google.com/maps/search/?api=1&amp;query=Restaurant%20B%C3%A9atrice%2C%20Villa%20Ephrussi%20de%20Rothschild%2C%20Saint-Jean-Cap-Ferrat,www.google.com,True
map/nice.html,https://www.google.com/maps/dir/?api=1&amp;origin=Villa%20Ephrussi%20de%20Rothschild&amp;destination=%C3%88ze%20Village&amp;travelmode=transit,www.google.com,True
map/nice.html,https://www.google.com/maps/search/?api=1&amp;query=Jardin%20Exotique%20d%27%C3%88ze%2C%20Rue%20du%20Ch%C3%A2teau%2C%2006360%20%C3%88ze,www.google.com,True
map/nice.html,https://www.google.com/maps/dir/?api=1&amp;origin=%C3%88ze%20Village&amp;destination=12%20Rue%20Verdi%2C%2006000%20Nice&amp;travelmode=transit,www.google.com,True
map/nice.html,https://www.google.com/maps/dir/?api=1&amp;origin=%C3%88ze%20Village&amp;destination=12%20Rue%20Verdi%2C%2006000%20Nice&amp;travelmode=transit,www.google.com,True
map/paris.html,https://www.google.com/maps/dir/?api=1&amp;origin=Gare%20de%20Lyon%20Part-Dieu&amp;destination=Paris%20Gare%20de%20Lyon&amp;travelmode=transit,www.google.com,True
map/paris.html,https://www.google.com/maps/dir/?api=1&amp;origin=Paris%20Gare%20de%20Lyon&amp;destination=78%20Rue%20de%20Lourmel%2C%2075015%20Paris&amp;travelmode=transit,www.google.com,True
map/paris.html,https://www.google.com/maps/search/?api=1&amp;query=Rue%20du%20Commerce%2C%2075015%20Paris,www.google.com,True
map/paris.html,https://www.google.com/maps/search/?api=1&amp;query=Franklin%20D.%20Roosevelt%2C%2075008%20Paris,www.google.com,True
map/paris.html,https://www.google.com/maps/search/?api=1&amp;query=Grand%20Palais%2C%20Paris,www.google.com,True
map/paris.html,https://www.google.com/maps/search/?api=1&amp;query=Mus%C3%A9e%20du%20Luxembourg%2C%20Paris,www.google.com,True
map/paris.html,https://www.google.com/maps/search/?api=1&amp;query=Place%20de%20la%20Sorbonne%2C%20Paris,www.google.com,True
map/paris.html,https://www.google.com/maps/search/?api=1&amp;query=Cath%C3%A9drale%20Notre-Dame%20de%20Paris%2C%20Paris,www.google.com,True
map/paris.html,https://www.google.com/maps/search/?api=1&amp;query=Bouillon%20Racine%2C%203%20rue%20Racine%2C%20Paris,www.google.com,True
map/paris.html,https://www.google.com/maps/search/?api=1&amp;query=Mus%C3%A9e%20de%20l%27Orangerie%2C%20Paris,www.google.com,True
map/paris.html,https://www.google.com/maps/search/?api=1&amp;query=Jardin%20des%20Tuileries%2C%20Paris,www.google.com,True
map/paris.html,https://www.google.com/maps/search/?api=1&amp;query=Domaine%20National%20du%20Palais-Royal%2C%20Paris,www.google.com,True
map/paris.html,https://www.google.com/maps/search/?api=1&amp;query=Palais%20Garnier%2C%20Paris,www.google.com,True
map/paris.html,https://www.google.com/maps/search/?api=1&amp;query=Mus%C3%A9e%20Gustave%20Moreau%2C%20Paris,www.google.com,True
map/paris.html,https://www.google.com/maps/search/?api=1&amp;query=Quartier%20de%20la%20Nouvelle%20Ath%C3%A8nes%2C%2075009%20Paris,www.google.com,True
map/paris.html,https://www.google.com/maps/search/?api=1&amp;query=Place%20des%20Vosges%2C%20Paris,www.google.com,True
map/paris.html,https://www.google.com/maps/search/?api=1&amp;query=Mus%C3%A9e%20d%27Orsay%2C%20Paris,www.google.com,True
map/paris.html,https://www.google.com/maps/search/?api=1&amp;query=Rue%20du%20Bac%2C%2075007%20Paris,www.google.com,True
map/paris.html,https://www.google.com/maps/search/?api=1&amp;query=Mus%C3%A9e%20Rodin%2C%20Paris,www.google.com,True
map/paris.html,https://www.google.com/maps/search/?api=1&amp;query=H%C3%B4tel%20des%20Invalides%2C%20Paris,www.google.com,True
map/paris.html,https://www.google.com/maps/search/?api=1&amp;query=Petit%20Palais%2C%20Paris,www.google.com,True
map/paris.html,https://www.google.com/maps/search/?api=1&amp;query=Avenue%20des%20Champs-%C3%89lys%C3%A9es%2C%20Paris,www.google.com,True
map/paris.html,https://www.google.com/maps/dir/?api=1&amp;origin=78%20Rue%20de%20Lourmel%2C%2075015%20Paris&amp;destination=Gare%20de%20Versailles%20Ch%C3%A2teau%20Rive%20Gauche&amp;travelmode=transit,www.google.com,True
map/paris.html,https://www.google.com/maps/search/?api=1&amp;query=La%20Flottille%2C%20Ch%C3%A2teau%20de%20Versailles,www.google.com,True
map/paris.html,https://www.google.com/maps/search/?api=1&amp;query=Mus%C3%A9e%20du%20Louvre%2C%20Paris,www.google.com,True
map/paris.html,https://www.google.com/maps/search/?api=1&amp;query=Cour%20Carr%C3%A9e%20du%20Louvre%2C%20Paris,www.google.com,True
map/paris.html,https://www.google.com/maps/search/?api=1&amp;query=Mus%C3%A9e%20Marmottan%20Monet%2C%20Paris,www.google.com,True
map/paris.html,https://www.google.com/maps/search/?api=1&amp;query=Jardin%20du%20Ranelagh%2C%20Paris,www.google.com,True
map/paris.html,https://www.google.com/maps/dir/?api=1&amp;origin=78%20Rue%20de%20Lourmel%2C%2075015%20Paris&amp;destination=Hippodrome%20ParisLongchamp&amp;travelmode=transit,www.google.com,True
map/paris.html,https://www.google.com/maps/search/?api=1&amp;query=Hippodrome%20ParisLongchamp,www.google.com,True
map/paris.html,https://www.google.com/maps/search/?api=1&amp;query=Mus%C3%A9e%20Jacquemart-Andr%C3%A9%2C%20Paris,www.google.com,True
map/paris.html,https://www.google.com/maps/search/?api=1&amp;query=Parc%20Monceau%2C%20Paris,www.google.com,True
map/paris.html,https://www.google.com/maps/search/?api=1&amp;query=Mus%C3%A9e%20Picasso%20Paris%2C%20Paris,www.google.com,True
map/paris.html,https://www.google.com/maps/search/?api=1&amp;query=Mus%C3%A9e%20Carnavalet%2C%20Paris,www.google.com,True
map/paris.html,https://www.google.com/maps/search/?api=1&amp;query=Chez%20Janou%2C%202%20rue%20Roger%20Verlomme%2C%20Paris,www.google.com,True
map/paris.html,https://www.google.com/maps/search/?api=1&amp;query=Bourse%20de%20Commerce%20%E2%80%94%20Pinault%20Collection%2C%20Paris,www.google.com,True
map/paris.html,https://www.google.com/maps/search/?api=1&amp;query=Aux%20Crus%20de%20Bourgogne%2C%203%20rue%20Bachaumont%2C%20Paris,www.google.com,True
map/paris.html,https://www.google.com/maps/search/?api=1&amp;query=Le%20Clos%20Montmartre%2C%20Rue%20des%20Saules%2C%2075018%20Paris,www.google.com,True
map/paris.html,https://www.google.com/maps/search/?api=1&amp;query=Le%20Progr%C3%A8s%2C%207%20rue%20des%20Trois%20Fr%C3%A8res%2C%20Paris,www.google.com,True
map/paris.html,https://www.google.com/maps/search/?api=1&amp;query=Mus%C3%A9e%20Guimet%2C%20Paris,www.google.com,True
map/paris.html,https://www.google.com/maps/search/?api=1&amp;query=Place%20d%27I%C3%A9na%2C%20Paris,www.google.com,True
map/paris.html,https://www.google.com/maps/search/?api=1&amp;query=Mus%C3%A9e%20d%27Art%20Moderne%20de%20Paris%2C%20Paris,www.google.com,True
map/paris.html,https://www.google.com/maps/dir/?api=1&amp;origin=Place%20du%20Trocad%C3%A9ro%2C%20Paris&amp;destination=Tour%20Eiffel%2C%20Paris&amp;travelmode=walking,www.google.com,True
map/paris.html,https://www.google.com/maps/search/?api=1&amp;query=Le%20Grand%20Pan%2C%2020%20rue%20Rosenwald%2C%20Paris,www.google.com,True
map/paris.html,https://www.google.com/maps/search/?api=1&amp;query=Le%20Caf%C3%A9%20du%20Commerce%2C%2051%20rue%20du%20Commerce%2C%20Paris,www.google.com,True
map/paris.html,https://www.google.com/maps/dir/?api=1&amp;origin=78%20Rue%20de%20Lourmel%2C%2075015%20Paris&amp;destination=A%C3%A9roport%20Paris-Charles%20de%20Gaulle%20Terminal%201%2C%2095700%20Roissy-en-France&amp;travelmode=driving,www.google.com,True
places/abbaye-de-senanque.html,https://www.google.com/maps/dir/?api=1&destination=Abbaye%20Notre-Dame%20de%20S%C3%A9nanque%2C%20Gordes,www.google.com,True
places/abbaye-de-senanque.html,https://www.senanque.fr/visite-de-labbaye/,www.senanque.fr,True
places/abbaye-de-senanque.html,https://en.wikipedia.org/wiki/Sénanque_Abbey,en.wikipedia.org,True
places/abbaye-de-senanque.html,https://commons.wikimedia.org/wiki/File:S%C3%A9nanque_Abbey.jpg,commons.wikimedia.org,True
places/abbaye-de-senanque.html,https://www.senanque.fr/visite-de-labbaye/,www.senanque.fr,True
places/abbaye-de-senanque.html,https://www.senanque.fr/visite-de-labbaye/,www.senanque.fr,True
places/abbaye-de-senanque.html,https://www.senanque.fr/visite-de-labbaye/,www.senanque.fr,True
places/abbaye-de-senanque.html,https://www.senanque.fr/visite-de-labbaye/,www.senanque.fr,True
places/annecy.html,https://www.google.com/maps/dir/?api=1&destination=Palais%20de%20l%27%C3%8Ele%2C%20Annecy,www.google.com,True
places/annecy.html,https://www.haute-savoie-tourisme.org/culture/sites-et-monuments/patrimoine-historique/maisons/173255-palais-de-l-ile,www.haute-savoie-tourisme.org,True
places/annecy.html,https://en.wikipedia.org/wiki/Annecy,en.wikipedia.org,True
places/annecy.html,https://commons.wikimedia.org/wiki/File:Palais_de_l%27Isle_Annecy_et_le_Thiou.jpg,commons.wikimedia.org,True
places/annecy.html,https://www.haute-savoie-tourisme.org/culture/sites-et-monuments/patrimoine-historique/maisons/173255-palais-de-l-ile,www.haute-savoie-tourisme.org,True
places/annecy.html,https://www.haute-savoie-tourisme.org/culture/sites-et-monuments/patrimoine-historique/maisons/173255-palais-de-l-ile,www.haute-savoie-tourisme.org,True
places/annecy.html,https://www.haute-savoie-tourisme.org/culture/sites-et-monuments/patrimoine-historique/maisons/173255-palais-de-l-ile,www.haute-savoie-tourisme.org,True
places/annecy.html,https://commons.wikimedia.org/wiki/File:Annecy_-_Rue_Sainte-Claire_(juil_2022).jpg,commons.wikimedia.org,True
places/annecy.html,https://commons.wikimedia.org/wiki/File:Canal_du_Thiou_dans_le_vieil_Annecy_en_soir%C3%A9e_(ao%C3%BBt_2019).JPG,commons.wikimedia.org,True
places/annecy.html,https://commons.wikimedia.org/wiki/File:Lac_Annecy_%C3%A9t%C3%A9.JPG,commons.wikimedia.org,True
places/arenes-d-arles.html,https://www.google.com/maps/dir/?api=1&destination=Ar%C3%A8nes%20d%27Arles%2C%20Arles,www.google.com,True
places/arenes-d-arles.html,https://www.arlestourisme.com/en/practical-information-monuments.html,www.arlestourisme.com,True
places/arenes-d-arles.html,https://en.wikipedia.org/wiki/Arles_Amphitheatre,en.wikipedia.org,True
places/arenes-d-arles.html,"https://commons.wikimedia.org/wiki/File:Les_Ar%C3%A8nes,_Arles,_Provence.jpg",commons.wikimedia.org,True
places/arenes-d-arles.html,https://www.arlestourisme.com/en/practical-information-monuments.html,www.arlestourisme.com,True
places/arenes-d-arles.html,https://www.arlestourisme.com/en/practical-information-monuments.html,www.arlestourisme.com,True
places/arenes-d-arles.html,https://www.arlestourisme.com/en/practical-information-monuments.html,www.arlestourisme.com,True
places/arenes-de-nimes.html,https://www.google.com/maps/dir/?api=1&destination=Ar%C3%A8nes%20de%20N%C3%AEmes%2C%20Boulevard%20des%20Ar%C3%A8nes%2C%20N%C3%AEmes,www.google.com,True
places/arenes-de-nimes.html,https://fr.wikipedia.org/wiki/Arènes_de_Nîmes,fr.wikipedia.org,True
places/arles.html,https://www.google.com/maps/dir/?api=1&destination=Arles%2C%20France,www.google.com,True
places/arles.html,https://www.arlestourisme.com/en/practical-information-monuments.html,www.arlestourisme.com,True
places/arles.html,https://en.wikipedia.org/wiki/Arles,en.wikipedia.org,True
places/arles.html,https://commons.wikimedia.org/wiki/File:Arles-Vue_depuis_les_Ar%C3%A8nes-bjs180820-04.jpg,commons.wikimedia.org,True
places/arles.html,https://www.arlestourisme.com/en/practical-information-monuments.html,www.arlestourisme.com,True
places/arles.html,https://www.arlestourisme.com/en/practical-information-monuments.html,www.arlestourisme.com,True
places/arles.html,https://www.arlestourisme.com/en/practical-information-monuments.html,www.arlestourisme.com,True
places/atelier-des-lauves.html,https://www.google.com/maps/dir/?api=1&destination=Atelier%20de%20C%C3%A9zanne%2C%20Aix-en-Provence,www.google.com,True
places/atelier-des-lauves.html,https://www.aix.fr/incontournables/atelier-cezanne,www.aix.fr,True
places/atelier-des-lauves.html,https://en.wikipedia.org/wiki/Atelier_de_Cézanne,en.wikipedia.org,True
places/atelier-des-lauves.html,https://commons.wikimedia.org/wiki/File:Aix-Atelier_C%C3%A9zanne-bjs180816-01.jpg,commons.wikimedia.org,True
places/atelier-des-lauves.html,https://www.aixenprovencetourism.com/fr/fiche/atelier-de-cezanne-5538099,www.aixenprovencetourism.com,True
places/atelier-des-lauves.html,https://www.aixenprovencetourism.com/fr/fiche/atelier-de-cezanne-5538099,www.aixenprovencetourism.com,True
places/atelier-des-lauves.html,https://www.aix.fr/incontournables/atelier-cezanne,www.aix.fr,True
places/au-petit-riche.html,https://www.google.com/maps/dir/?api=1&destination=Au%20Petit%20Riche%2C%2025%20rue%20Le%20Peletier%2C%20Paris,www.google.com,True
places/au-petit-riche.html,https://www.restaurant-aupetitriche.com/,www.restaurant-aupetitriche.com,True
places/au-petit-riche.html,"https://www.google.com/maps/place/Au+Petit+Riche/@48.8731822,2.3384874,17z/data=!3m1!4b1!4m6!3m5!1s0x47e66e3916fa2f89:0xa74d15a1a2b53095!8m2!3d48.8731822!4d2.3384874!16s%2Fg%2F1td5k_jy?hl=en&amp;entry=ttu&amp;g_ep=EgoyMDI2MDgyMy4wIKXMDSoASAFQAw%3D%3D",www.google.com,True
places/au-petit-riche.html,https://www.restaurant-aupetitriche.com/,www.restaurant-aupetitriche.com,True
places/au-petit-riche.html,https://www.restaurant-aupetitriche.com/,www.restaurant-aupetitriche.com,True
places/au-petit-riche.html,https://www.restaurant-aupetitriche.com/,www.restaurant-aupetitriche.com,True
places/au-petit-riche.html,https://www.restaurant-aupetitriche.com/,www.restaurant-aupetitriche.com,True
places/au-petit-riche.html,https://www.restaurant-aupetitriche.com/,www.restaurant-aupetitriche.com,True
places/aux-crus-de-bourgogne.html,https://www.google.com/maps/dir/?api=1&destination=Aux%20Crus%20de%20Bourgogne%2C%203%20rue%20Bachaumont%2C%20Paris,www.google.com,True
places/aux-crus-de-bourgogne.html,https://auxcrusdebourgogne.com/,auxcrusdebourgogne.com,True
places/aux-crus-de-bourgogne.html,"https://www.google.com/maps/place/Aux+Crus+de+Bourgogne/@48.8658261,2.3465718,17z/data=!3m1!4b1!4m6!3m5!1s0x47e66e1818ced2b5:0x33ca79ee7681fac0!8m2!3d48.8658261!4d2.3465718!16s%2Fg%2F1td_9_6j?hl=en&amp;entry=ttu&amp;g_ep=EgoyMDI2MDgyMy4wIKXMDSoASAFQAw%3D%3D",www.google.com,True
places/aux-crus-de-bourgogne.html,https://auxcrusdebourgogne.com/,auxcrusdebourgogne.com,True
places/aux-crus-de-bourgogne.html,https://auxcrusdebourgogne.com/,auxcrusdebourgogne.com,True
places/aux-crus-de-bourgogne.html,https://auxcrusdebourgogne.com/,auxcrusdebourgogne.com,True
places/aux-crus-de-bourgogne.html,https://auxcrusdebourgogne.com/,auxcrusdebourgogne.com,True
places/aux-crus-de-bourgogne.html,https://auxcrusdebourgogne.com/,auxcrusdebourgogne.com,True
places/bar-canete.html,https://www.google.com/maps/dir/?api=1&destination=Bar%20Ca%C3%B1ete%2C%20Carrer%20de%20la%20Uni%C3%B3%2017%2C%20Barcelona,www.google.com,True
places/bar-canete.html,https://barcanete.com/,barcanete.com,True
places/bar-canete.html,"https://www.google.com/maps/place/Bar+Ca%C3%B1ete/@41.3791528,2.173125,17z/data=!3m1!4b1!4m6!3m5!1s0x12a4a258412bcb19:0x1c77b2f8f4cdfb63!8m2!3d41.3791528!4d2.173125!16s%2Fg%2F1tf89fdb?hl=en&amp;entry=ttu&amp;g_ep=EgoyMDI2MDgxOS4wIKXMDSoASAFQAw%3D%3D",www.google.com,True
places/bar-canete.html,https://barcanete.com/,barcanete.com,True
places/bar-canete.html,https://barcanete.com/,barcanete.com,True
places/bar-canete.html,https://barcanete.com/,barcanete.com,True
places/bar-canete.html,https://barcanete.com/,barcanete.com,True
places/bar-canete.html,https://barcanete.com/,barcanete.com,True
places/bar-canete.html,https://barcanete.com/,barcanete.com,True
places/barcelona-historic-walk.html,https://commons.wikimedia.org/wiki/File:Barri_G%C3%B2tic_at_night.jpg,commons.wikimedia.org,True
places/barcelona-modernisme-walk.html,https://commons.wikimedia.org/wiki/File:Diagonal_in_Barcelona_(3795275260).jpg,commons.wikimedia.org,True
places/barcelona-modernisme-walk.html,https://commons.wikimedia.org/wiki/File:Casa_Batll%C3%B3_09.JPG,commons.wikimedia.org,True
places/barcelona-sants.html,https://www.google.com/maps/dir/?api=1&destination=Hertz%2C%20C/%20Viriat%2045%2C%20Barcelona,www.google.com,True
places/barcelona-sants.html,https://commons.wikimedia.org/wiki/File:Estacio_Barcelona_Sants_-_1_-_2010-10-18_-_JTCurses.jpg,commons.wikimedia.org,True
places/barri-gotic.html,https://www.google.com/maps/dir/?api=1&destination=Barri%20G%C3%B2tic%2C%20Barcelona,www.google.com,True
places/barri-gotic.html,"https://en.wikipedia.org/wiki/Gothic_Quarter,_Barcelona",en.wikipedia.org,True
places/barri-gotic.html,https://commons.wikimedia.org/wiki/File:Barcelona_-_Carrer_del_Bisbe.jpg,commons.wikimedia.org,True
places/bastide-du-jas-de-bouffan.html,https://www.google.com/maps/dir/?api=1&destination=Bastide%20du%20Jas%20de%20Bouffan%2C%20Aix-en-Provence,www.google.com,True
places/bastide-du-jas-de-bouffan.html,https://www.aixenprovencetourism.com/fr/fiche/bastide-du-jas-de-bouffan-5538713/,www.aixenprovencetourism.com,True
places/bastide-du-jas-de-bouffan.html,https://en.wikipedia.org/wiki/Bastide_du_Jas_de_Bouffan,en.wikipedia.org,True
places/bastide-du-jas-de-bouffan.html,https://commons.wikimedia.org/wiki/File:Bastide_du_Jas_de_Bouffan_(30457411).jpg,commons.wikimedia.org,True
places/bastide-du-jas-de-bouffan.html,https://www.aixenprovencetourism.com/fr/fiche/bastide-du-jas-de-bouffan-5538713/,www.aixenprovencetourism.com,True
places/bastide-du-jas-de-bouffan.html,https://www.aixenprovencetourism.com/fr/fiche/bastide-du-jas-de-bouffan-5538713/,www.aixenprovencetourism.com,True
places/bastide-du-jas-de-bouffan.html,https://www.aixenprovencetourism.com/fr/fiche/bastide-du-jas-de-bouffan-5538713/,www.aixenprovencetourism.com,True
places/bellecour.html,https://www.google.com/maps/dir/?api=1&destination=Place%20Bellecour%2C%20Lyon,www.google.com,True
places/bellecour.html,https://en.wikipedia.org/wiki/Place_Bellecour,en.wikipedia.org,True
places/bellecour.html,https://commons.wikimedia.org/wiki/File:Lyon_PlaceBellecour.JPG,commons.wikimedia.org,True
places/biblioteca-de-catalunya.html,https://www.google.com/maps/dir/?api=1&destination=Biblioteca%20de%20Catalunya%2C%20Carrer%20de%20l%27Hospital%2056%2C%20Barcelona,www.google.com,True
places/biblioteca-de-catalunya.html,https://en.wikipedia.org/wiki/Biblioteca_de_Catalunya,en.wikipedia.org,True
places/biblioteca-de-catalunya.html,https://commons.wikimedia.org/wiki/File:Biblioteca_de_Catalunya_-_Sala_interior.JPG,commons.wikimedia.org,True
places/biblioteca-de-catalunya.html,https://www.bnc.cat,www.bnc.cat,True
places/bnf-richelieu.html,https://www.google.com/maps/dir/?api=1&destination=BnF%20Richelieu%2C%20Paris,www.google.com,True
places/bnf-richelieu.html,https://www.bnf.fr/fr/richelieu,www.bnf.fr,True
places/bnf-richelieu.html,https://en.wikipedia.org/wiki/Bibliothèque_nationale_de_France,en.wikipedia.org,True
places/bnf-richelieu.html,"https://commons.wikimedia.org/wiki/File:La_salle_ovale_du_site_Richelieu,_Biblioth%C3%A8que_nationale_de_France,_Paris_2022.jpg",commons.wikimedia.org,True
places/bnf-richelieu.html,https://www.bnf.fr/fr/richelieu,www.bnf.fr,True
places/bnf-richelieu.html,https://www.bnf.fr/fr/richelieu,www.bnf.fr,True
places/bnf-richelieu.html,https://www.bnf.fr/fr/richelieu,www.bnf.fr,True
places/bodega-joan.html,https://www.google.com/maps/dir/?api=1&destination=Bodega%20Joan%2C%20Carrer%20del%20Rossell%C3%B3%20164%2C%20Barcelona,www.google.com,True
places/bodega-joan.html,https://bodegajoan.com/,bodegajoan.com,True
places/bodega-joan.html,"https://www.google.com/maps/place/Bodega+Joan/@41.391701,2.155481,17z/data=!3m1!4b1!4m6!3m5!1s0x12a4a290102a89e5:0x9427746fb704d8ca!8m2!3d41.391701!4d2.155481!16s%2Fg%2F1tgv8w1l?hl=en&amp;entry=ttu&amp;g_ep=EgoyMDI2MDgxOS4wIKXMDSoASAFQAw%3D%3D",www.google.com,True
places/bodega-joan.html,https://bodegajoan.com/,bodegajoan.com,True
places/bodega-joan.html,https://bodegajoan.com/,bodegajoan.com,True
places/bodega-joan.html,https://bodegajoan.com/,bodegajoan.com,True
places/bodega-joan.html,https://bodegajoan.com/,bodegajoan.com,True
places/bodega-joan.html,https://bodegajoan.com/,bodegajoan.com,True
places/bodega-joan.html,https://bodegajoan.com/,bodegajoan.com,True
places/bonnieux.html,https://www.google.com/maps/dir/?api=1&destination=Bonnieux%2C%20France,www.google.com,True
places/bonnieux.html,https://en.wikipedia.org/wiki/Bonnieux,en.wikipedia.org,True
places/bonnieux.html,https://commons.wikimedia.org/wiki/File:Bonnieux_-_Eglise_Neuve.jpg,commons.wikimedia.org,True
places/bouillon-chartier-montparnasse.html,https://www.google.com/maps/dir/?api=1&destination=Bouillon%20Chartier%20Montparnasse%2C%20Paris,www.google.com,True
places/bouillon-chartier-montparnasse.html,https://www.bouillon-chartier.com/montparnasse/,www.bouillon-chartier.com,True
places/bouillon-chartier-montparnasse.html,https://commons.wikimedia.org/wiki/File:Bouillon_Chartier_Montparnasse.jpg,commons.wikimedia.org,True
places/bouillon-chartier-montparnasse.html,https://www.bouillon-chartier.com/montparnasse/,www.bouillon-chartier.com,True
places/bouillon-chartier-montparnasse.html,https://www.bouillon-chartier.com/montparnasse/,www.bouillon-chartier.com,True
places/bouillon-chartier-montparnasse.html,https://www.bouillon-chartier.com/montparnasse/,www.bouillon-chartier.com,True
places/bouillon-chartier-montparnasse.html,https://www.bouillon-chartier.com/montparnasse/,www.bouillon-chartier.com,True
places/bouillon-chartier-montparnasse.html,https://www.bouillon-chartier.com/montparnasse/,www.bouillon-chartier.com,True
places/bouillon-racine.html,https://www.google.com/maps/dir/?api=1&destination=Bouillon%20Racine%2C%203%20rue%20Racine%2C%20Paris,www.google.com,True
places/bouillon-racine.html,https://www.bouillonracine.fr/,www.bouillonracine.fr,True
places/bouillon-racine.html,"https://www.google.com/maps/place/Bouillon+Racine/@48.850176,2.342022,17z/data=!3m1!4b1!4m6!3m5!1s0x47e6712adf3efaa1:0x8464164a9b530ea!8m2!3d48.850176!4d2.342022!16s%2Fg%2F11pdxny4fb?hl=en&amp;entry=ttu&amp;g_ep=EgoyMDI2MDgyMy4wIKXMDSoASAFQAw%3D%3D",www.google.com,True
places/bouillon-racine.html,https://www.bouillonracine.fr/,www.bouillonracine.fr,True
places/bouillon-racine.html,https://www.bouillonracine.fr/,www.bouillonracine.fr,True
places/bouillon-racine.html,https://www.bouillonracine.fr/,www.bouillonracine.fr,True
places/bouillon-racine.html,https://www.bouillonracine.fr/,www.bouillonracine.fr,True
places/bouillon-racine.html,https://www.bouillonracine.fr/,www.bouillonracine.fr,True
places/boulangerie-pichard.html,https://www.google.com/maps/dir/?api=1&destination=Boulangerie%20Pichard%2C%2088%20rue%20Cambronne%2C%20Paris,www.google.com,True
places/boulangerie-pichard.html,https://www.paris.fr/,www.paris.fr,True
places/boulangerie-pichard.html,"https://www.google.com/maps/place/La+Maison+Pichard/@48.8422834,2.3027672,17z/data=!3m1!4b1!4m6!3m5!1s0x47e6703c1ec7236d:0xd973b0d4ffa25fa4!8m2!3d48.8422834!4d2.3027672!16s%2Fg%2F1tfcsjrc?hl=en&amp;entry=ttu&amp;g_ep=EgoyMDI2MDgxOS4wIKXMDSoASAFQAw%3D%3D",www.google.com,True
places/boulangerie-pichard.html,https://www.paris.fr/,www.paris.fr,True
places/boulangerie-pichard.html,https://www.paris.fr/,www.paris.fr,True
places/boulangerie-pichard.html,https://www.paris.fr/,www.paris.fr,True
places/boulangerie-pichard.html,https://www.paris.fr/,www.paris.fr,True
places/boulangerie-pichard.html,https://www.paris.fr/,www.paris.fr,True
places/bourse-de-commerce-pinault-collection.html,https://www.google.com/maps/dir/?api=1&destination=Bourse%20de%20Commerce%20%E2%80%94%20Pinault%20Collection%2C%20Paris,www.google.com,True
places/bourse-de-commerce-pinault-collection.html,https://en.wikipedia.org/wiki/Bourse_de_Commerce,en.wikipedia.org,True
places/bourse-de-commerce-pinault-collection.html,https://commons.wikimedia.org/wiki/File:Bourse_Commerce_-_Paris_I_(FR75)_-_2021-06-05_-_1.jpg,commons.wikimedia.org,True
places/breizh-cafe-charles-michels.html,https://www.google.com/maps/dir/?api=1&destination=Breizh%20Caf%C3%A9%20Charles%20Michels%2C%203%20place%20Charles%20Michels%2C%20Paris,www.google.com,True
places/breizh-cafe-charles-michels.html,https://www.breizhcafe.com/charles-michels,www.breizhcafe.com,True
places/breizh-cafe-charles-michels.html,"https://www.google.com/maps/place/Breizh+Caf%C3%A9+Charles+Michels+%7C+La+Cr%C3%AApe+Autrement/@48.8471595,2.2856151,17z/data=!3m1!4b1!4m6!3m5!1s0x47e67107e183bdb3:0xeec53b4db6fe1bc7!8m2!3d48.8471595!4d2.2856151!16s%2Fg%2F11v0xsk788?hl=en&amp;entry=ttu&amp;g_ep=EgoyMDI2MDgyMy4wIKXMDSoASAFQAw%3D%3D",www.google.com,True
places/breizh-cafe-charles-michels.html,https://www.breizhcafe.com/charles-michels,www.breizhcafe.com,True
places/breizh-cafe-charles-michels.html,https://www.breizhcafe.com/charles-michels,www.breizhcafe.com,True
places/breizh-cafe-charles-michels.html,https://www.breizhcafe.com/charles-michels,www.breizhcafe.com,True
places/breizh-cafe-charles-michels.html,https://www.breizhcafe.com/charles-michels,www.breizhcafe.com,True
places/breizh-cafe-charles-michels.html,https://www.breizhcafe.com/charles-michels,www.breizhcafe.com,True
places/cafe-comptoir-abel.html,https://www.google.com/maps/dir/?api=1&destination=Caf%C3%A9%20Comptoir%20Abel%2C%2025%20rue%20Guynemer%2C%20Lyon,www.google.com,True
places/cafe-comptoir-abel.html,https://www.cafecomptoirabel.com/,www.cafecomptoirabel.com,True
places/cafe-comptoir-abel.html,"https://www.google.com/maps/place/Caf%C3%A9+Comptoir+Abel/@45.7540443,4.8258415,17z/data=!3m1!4b1!4m6!3m5!1s0x47f4ebb28fbd2eb1:0x1bcc92f5bcb4fa5b!8m2!3d45.7540443!4d4.8258415!16s%2Fg%2F1tf156qz?hl=en&amp;entry=ttu&amp;g_ep=EgoyMDI2MDgxOS4wIKXMDSoASAFQAw%3D%3D",www.google.com,True
places/cafe-comptoir-abel.html,https://www.cafecomptoirabel.com/,www.cafecomptoirabel.com,True
places/cafe-comptoir-abel.html,https://www.cafecomptoirabel.com/,www.cafecomptoirabel.com,True
places/cafe-comptoir-abel.html,https://www.cafecomptoirabel.com/,www.cafecomptoirabel.com,True
places/cafe-comptoir-abel.html,https://www.cafecomptoirabel.com/,www.cafecomptoirabel.com,True
places/cafe-comptoir-abel.html,https://www.cafecomptoirabel.com/,www.cafecomptoirabel.com,True
places/cafe-comptoir-abel.html,https://www.cafecomptoirabel.com/,www.cafecomptoirabel.com,True
places/cafe-du-commerce.html,https://www.google.com/maps/dir/?api=1&destination=Le%20Caf%C3%A9%20du%20Commerce%2C%2051%20rue%20du%20Commerce%2C%20Paris,www.google.com,True
places/cafe-du-commerce.html,https://www.lecafeducommerce.com/,www.lecafeducommerce.com,True
places/cafe-du-commerce.html,"https://commons.wikimedia.org/wiki/File:Le_Café_du_Commerce,_Paris_24_September_2016_001.jpg",commons.wikimedia.org,True
places/cafe-du-commerce.html,https://www.lecafeducommerce.com/,www.lecafeducommerce.com,True
places/cafe-du-commerce.html,https://www.lecafeducommerce.com/,www.lecafeducommerce.com,True
places/cafe-du-commerce.html,https://www.lecafeducommerce.com/,www.lecafeducommerce.com,True
places/cafe-du-commerce.html,https://www.lecafeducommerce.com/,www.lecafeducommerce.com,True
places/cafe-du-commerce.html,https://www.lecafeducommerce.com/,www.lecafeducommerce.com,True
places/cafe-varenne.html,https://www.google.com/maps/dir/?api=1&destination=Caf%C3%A9%20Varenne%2C%2036%20rue%20de%20Varenne%2C%20Paris,www.google.com,True
places/cafe-varenne.html,"https://www.google.com/maps/place/Caf%C3%A9+Varenne/@48.8541711,2.3236772,17z/data=!3m1!4b1!4m6!3m5!1s0x47e671d4e2db06e7:0x56ceabc466115d3a!8m2!3d48.8541711!4d2.3236772!16s%2Fg%2F1tjysy4b?hl=en&amp;entry=ttu&amp;g_ep=EgoyMDI2MDgyMy4wIKXMDSoASAFQAw%3D%3D",www.google.com,True
places/calanques.html,https://www.google.com/maps/dir/?api=1&destination=Calanque%20de%20Port-Miou%2C%20Cassis,www.google.com,True
places/calanques.html,https://www.ot-cassis.com/en/explore/the-calanques/the-calanques-by-boat/,www.ot-cassis.com,True
places/calanques.html,https://en.wikipedia.org/wiki/Calanques_National_Park,en.wikipedia.org,True
places/calanques.html,https://commons.wikimedia.org/wiki/File:En-Vau_calanque_10.jpg,commons.wikimedia.org,True
places/calanques.html,https://www.ot-cassis.com/en/explore/the-calanques/the-calanques-by-boat/,www.ot-cassis.com,True
places/calanques.html,https://www.ot-cassis.com/en/explore/the-calanques/the-calanques-by-boat/,www.ot-cassis.com,True
places/calella-de-palafrugell.html,https://www.google.com/maps/dir/?api=1&destination=Calella%20de%20Palafrugell%2C%20Girona,www.google.com,True
places/calella-de-palafrugell.html,https://en.wikipedia.org/wiki/Calella_de_Palafrugell,en.wikipedia.org,True
places/calella-de-palafrugell.html,https://commons.wikimedia.org/wiki/File:Calella_de_Palafrugell_(26023087965).jpg,commons.wikimedia.org,True
places/cannes-walk.html,https://www.cannes.com/fr/discover-cannes/marches-provencaux-et-brocantes.html,www.cannes.com,True
places/cannes-walk.html,https://commons.wikimedia.org/wiki/File:Le_Suquet_01.jpg,commons.wikimedia.org,True
places/cannes-walk.html,https://www.cannes.com/fr/culture/musees-et-expositions/musee-des-explorations-du-monde.html,www.cannes.com,True
places/cannes-walk.html,https://www.cannes.com/fr/discover-cannes/marches-provencaux-et-brocantes.html,www.cannes.com,True
places/cannes.html,https://www.google.com/maps/dir/?api=1&destination=Cannes%2C%20France,www.google.com,True
places/cannes.html,https://en.wikipedia.org/wiki/Cannes,en.wikipedia.org,True
places/cannes.html,https://commons.wikimedia.org/wiki/File:Le_Suquet_01.jpg,commons.wikimedia.org,True
places/cannes.html,https://commons.wikimedia.org/wiki/File:Cannes_promenade.jpg,commons.wikimedia.org,True
places/carrieres-de-bibemus.html,https://www.google.com/maps/dir/?api=1&destination=Carri%C3%A8res%20de%20Bib%C3%A9mus%2C%20Aix-en-Provence,www.google.com,True
places/carrieres-de-bibemus.html,https://fr.wikipedia.org/wiki/Carrières_de_Bibémus,fr.wikipedia.org,True
places/carrieres-de-bibemus.html,https://commons.wikimedia.org/wiki/File:Carri%C3%A8res_de_Bib%C3%A9mus_-_1.JPG,commons.wikimedia.org,True
places/carrieres-des-lumieres.html,https://www.google.com/maps/dir/?api=1&destination=Carri%C3%A8res%20des%20Lumi%C3%A8res%2C%20Les%20Baux-de-Provence,www.google.com,True
places/carrieres-des-lumieres.html,https://www.carrieres-lumieres.com/en/plan-visit/opening-times-rates,www.carrieres-lumieres.com,True
places/carrieres-des-lumieres.html,https://fr.wikipedia.org/wiki/Carrières_de_Lumières,fr.wikipedia.org,True
places/carrieres-des-lumieres.html,https://commons.wikimedia.org/wiki/File:Carri%C3%A8res_de_Lumi%C3%A8res_Les_Baux_de_Provence_2.JPG,commons.wikimedia.org,True
places/carrieres-des-lumieres.html,https://www.carrieres-lumieres.com/en/plan-visit/opening-times-rates,www.carrieres-lumieres.com,True
places/carrieres-des-lumieres.html,https://www.carrieres-lumieres.com/en/plan-visit/opening-times-rates,www.carrieres-lumieres.com,True
places/casa-marieta.html,https://www.google.com/maps/dir/?api=1&destination=Casa%20Marieta%201892%2C%20Pla%C3%A7a%20de%20la%20Independ%C3%A8ncia%205-6%2C%20Girona,www.google.com,True
places/casa-marieta.html,https://casamarieta.com/,casamarieta.com,True
places/casa-marieta.html,https://commons.wikimedia.org/wiki/File:Comedor_gran1.jpg,commons.wikimedia.org,True
places/casa-marieta.html,https://casamarieta.com/,casamarieta.com,True
places/casa-marieta.html,https://casamarieta.com/,casamarieta.com,True
places/casa-marieta.html,https://casamarieta.com/,casamarieta.com,True
places/casa-marieta.html,https://casamarieta.com/,casamarieta.com,True
places/casa-marieta.html,https://casamarieta.com/,casamarieta.com,True
places/casa-marieta.html,https://casamarieta.com/,casamarieta.com,True
places/cassis.html,https://www.google.com/maps/dir/?api=1&destination=Port%20de%20Cassis%2C%20Cassis,www.google.com,True
places/cassis.html,https://www.ot-cassis.com/l-office.html,www.ot-cassis.com,True
places/cassis.html,https://en.wikipedia.org/wiki/Cassis,en.wikipedia.org,True
places/cassis.html,https://commons.wikimedia.org/wiki/File:Cassis.jpg,commons.wikimedia.org,True
places/cassis.html,https://www.ot-cassis.com/l-office.html,www.ot-cassis.com,True
places/cassis.html,https://www.ot-cassis.com/imaginez/avez-vous-pense-au-parking-relais-des-gorguettes/,www.ot-cassis.com,True
places/cau-ferrat.html,https://www.google.com/maps/dir/?api=1&destination=Museu%20del%20Cau%20Ferrat%2C%20Sitges,www.google.com,True
places/cau-ferrat.html,https://museusdesitges.cat/en/schedule,museusdesitges.cat,True
places/cau-ferrat.html,https://en.wikipedia.org/wiki/Cau_Ferrat_Museum,en.wikipedia.org,True
places/cau-ferrat.html,https://commons.wikimedia.org/wiki/File:Cau_Ferrat_Sitges_1.jpg,commons.wikimedia.org,True
places/cau-ferrat.html,https://museusdesitges.cat/en/schedule,museusdesitges.cat,True
places/cau-ferrat.html,https://museusdesitges.cat/en/schedule,museusdesitges.cat,True
places/cau-ferrat.html,https://museusdesitges.cat/en/schedule,museusdesitges.cat,True
places/centre-pompidou.html,https://www.google.com/maps/dir/?api=1&destination=Centre%20Pompidou%2C%20Paris,www.google.com,True
places/centre-pompidou.html,https://en.wikipedia.org/wiki/Centre_Pompidou,en.wikipedia.org,True
places/chez-gilbert-cassis.html,https://www.google.com/maps/dir/?api=1&destination=Chez%20Gilbert%2C%20Cassis,www.google.com,True
places/chez-gilbert-cassis.html,https://www.chezgilbert.net/,www.chezgilbert.net,True
places/chez-gilbert-cassis.html,"https://www.google.com/maps/place/Chez+Gilbert/@43.2148438,5.537375,17z/data=!3m1!4b1!4m6!3m5!1s0x12c9ba94cc515ca5:0x7928b7fbc6d86882!8m2!3d43.2148438!4d5.537375!16s%2Fg%2F1tnmc45g?hl=en&amp;entry=ttu&amp;g_ep=EgoyMDI2MDgxOS4wIKXMDSoASAFQAw%3D%3D",www.google.com,True
places/chez-gilbert-cassis.html,https://www.chezgilbert.net/,www.chezgilbert.net,True
places/chez-gilbert-cassis.html,https://www.chezgilbert.net/,www.chezgilbert.net,True
places/chez-gilbert-cassis.html,https://www.chezgilbert.net/,www.chezgilbert.net,True
places/chez-gilbert-cassis.html,https://www.chezgilbert.net/,www.chezgilbert.net,True
places/chez-gilbert-cassis.html,https://www.chezgilbert.net/,www.chezgilbert.net,True
places/chez-gilbert-cassis.html,https://www.chezgilbert.net/,www.chezgilbert.net,True
places/chez-janou.html,https://www.google.com/maps/dir/?api=1&destination=Chez%20Janou%2C%202%20rue%20Roger%20Verlomme%2C%20Paris,www.google.com,True
places/chez-janou.html,https://www.chezjanou.com/,www.chezjanou.com,True
places/chez-janou.html,"https://www.google.com/maps/place/Chez+Janou/@48.8567159,2.3671983,17z/data=!3m1!4b1!4m6!3m5!1s0x47e66e0006e57569:0x2861bd49d190e4cd!8m2!3d48.8567159!4d2.3671983!16s%2Fg%2F1vlz9nw3?hl=en&amp;entry=ttu&amp;g_ep=EgoyMDI2MDgyMy4wIKXMDSoASAFQAw%3D%3D",www.google.com,True
places/chez-janou.html,https://www.chezjanou.com/,www.chezjanou.com,True
places/chez-janou.html,https://www.chezjanou.com/,www.chezjanou.com,True
places/chez-janou.html,https://www.chezjanou.com/,www.chezjanou.com,True
places/chez-janou.html,https://www.chezjanou.com/,www.chezjanou.com,True
places/chez-janou.html,https://www.chezjanou.com/,www.chezjanou.com,True
places/chez-mamie-lise.html,https://www.google.com/maps/dir/?api=1&destination=Chez%20Mamie%20Lise%2C%2011%20rue%20Grenette%2C%20Annecy,www.google.com,True
places/chez-mamie-lise.html,https://www.chez-mamie-lise.com/,www.chez-mamie-lise.com,True
places/chez-mamie-lise.html,"https://www.google.com/maps/place/Chez+Mamie+Lise/@45.8991226,6.1272541,17z/data=!3m1!4b1!4m6!3m5!1s0x478b8ffbb662d6d9:0xf646117aa82bf542!8m2!3d45.8991226!4d6.1272541!16s%2Fg%2F1tksm7ny?hl=en&amp;entry=ttu&amp;g_ep=EgoyMDI2MDgxOS4wIKXMDSoASAFQAw%3D%3D",www.google.com,True
places/chez-mamie-lise.html,https://www.chez-mamie-lise.com/,www.chez-mamie-lise.com,True
places/chez-mamie-lise.html,https://www.chez-mamie-lise.com/,www.chez-mamie-lise.com,True
places/chez-mamie-lise.html,https://www.chez-mamie-lise.com/,www.chez-mamie-lise.com,True
places/chez-mamie-lise.html,https://www.chez-mamie-lise.com/,www.chez-mamie-lise.com,True
places/chez-mamie-lise.html,https://www.chez-mamie-lise.com/,www.chez-mamie-lise.com,True
places/chez-savy.html,https://www.google.com/maps/dir/?api=1&destination=Chez%20Savy%2C%2023%20rue%20Bayard%2C%20Paris,www.google.com,True
places/chez-savy.html,"https://www.google.com/maps/place/Chez+Savy/@48.867046,2.307571,17z/data=!3m1!4b1!4m6!3m5!1s0x47e66fdb34cac27f:0xe4babbd0af5e1b75!8m2!3d48.867046!4d2.307571!16s%2Fg%2F1pxy5xz6k?hl=en&amp;entry=ttu&amp;g_ep=EgoyMDI2MDgyMy4wIKXMDSoASAFQAw%3D%3D",www.google.com,True
places/cloitre-saint-trophime.html,https://www.google.com/maps/dir/?api=1&destination=Clo%C3%AEtre%20Saint-Trophime%2C%20Arles,www.google.com,True
places/cloitre-saint-trophime.html,https://www.arlestourisme.com/en/practical-information-monuments.html,www.arlestourisme.com,True
places/cloitre-saint-trophime.html,https://commons.wikimedia.org/wiki/File:Clo%C3%AEtre_Saint-Trophime_Arles_Conservation.jpg,commons.wikimedia.org,True
places/cloitre-saint-trophime.html,https://www.arlestourisme.com/en/practical-information-monuments.html,www.arlestourisme.com,True
places/cloitre-saint-trophime.html,https://www.arlestourisme.com/en/practical-information-monuments.html,www.arlestourisme.com,True
places/cloitre-saint-trophime.html,https://www.arlestourisme.com/en/practical-information-monuments.html,www.arlestourisme.com,True
places/colline-du-chateau.html,https://www.google.com/maps/dir/?api=1&destination=Parc%20de%20la%20Colline%20du%20Ch%C3%A2teau%2C%20Nice,www.google.com,True
places/colline-du-chateau.html,https://www.nice.fr/lieux/parc-de-la-colline-du-chateau/,www.nice.fr,True
places/colline-du-chateau.html,"https://en.wikipedia.org/wiki/Castle_Hill,_Nice",en.wikipedia.org,True
places/colline-du-chateau.html,https://commons.wikimedia.org/wiki/File:Nice_Harbor_from_Castle_Hill_01.jpg,commons.wikimedia.org,True
places/colline-du-chateau.html,https://www.explorenicecotedazur.com/en/culture/parc-de-la-colline-du-chateau/,www.explorenicecotedazur.com,True
places/colline-du-chateau.html,https://www.nice.fr/lieux/parc-de-la-colline-du-chateau/,www.nice.fr,True
places/colline-du-chateau.html,https://www.nice.fr/lieux/parc-de-la-colline-du-chateau/,www.nice.fr,True
places/collioure.html,https://www.google.com/maps/dir/?api=1&destination=Collioure%2C%20France,www.google.com,True
places/collioure.html,https://www.tourisme-collioure.com/agenda-collioure/les-marches-collioure/,www.tourisme-collioure.com,True
places/collioure.html,https://en.wikipedia.org/wiki/Collioure,en.wikipedia.org,True
places/collioure.html,"https://commons.wikimedia.org/wiki/File:L%27%C3%A9glise_Notre-Dame-des-Anges_et_une_partie_du_port,_Collioure_(6).JPG",commons.wikimedia.org,True
places/collioure.html,https://www.ledepartement66.fr/dossier/le-chateau-royal-de-collioure/,www.ledepartement66.fr,True
places/collioure.html,https://www.tourisme-collioure.com/agenda-collioure/les-marches-collioure/,www.tourisme-collioure.com,True
places/collioure.html,https://www.tourisme-collioure.com,www.tourisme-collioure.com,True
places/cours-mirabeau.html,https://www.google.com/maps/dir/?api=1&destination=Cours%20Mirabeau%2C%20Aix-en-Provence,www.google.com,True
places/cours-mirabeau.html,https://www.aixenprovencetourism.com/fr/fiche/le-cours-mirabeau-5538184/,www.aixenprovencetourism.com,True
places/cours-mirabeau.html,https://en.wikipedia.org/wiki/Cours_Mirabeau,en.wikipedia.org,True
places/cours-mirabeau.html,https://commons.wikimedia.org/wiki/File:Cours_Mirabeau_20100508_Aix-en-Provence_1.jpg,commons.wikimedia.org,True
places/cours-mirabeau.html,https://www.aixenprovencetourism.com/fr/fiche/le-cours-mirabeau-5538184/,www.aixenprovencetourism.com,True
places/cours-mirabeau.html,https://www.aixenprovencetourism.com/fr/fiche/le-cours-mirabeau-5538184/,www.aixenprovencetourism.com,True
places/cours-mirabeau.html,https://www.aixenprovencetourism.com/fr/fiche/le-cours-mirabeau-5538184/,www.aixenprovencetourism.com,True
places/cours-saleya.html,https://www.google.com/maps/dir/?api=1&destination=Cours%20Saleya%2C%20Nice,www.google.com,True
places/cours-saleya.html,https://www.explorenicecotedazur.com/en/culture/cours-saleya/,www.explorenicecotedazur.com,True
places/cours-saleya.html,https://en.wikipedia.org/wiki/Cours_Saleya,en.wikipedia.org,True
places/cours-saleya.html,https://commons.wikimedia.org/wiki/File:Cours_Saleya_market_fruit_stalls_Nice_2026.JPG,commons.wikimedia.org,True
places/cours-saleya.html,https://www.nice.fr/ressources/reglement-general-des-marches-traditionnels-de-la-ville-de-nice/,www.nice.fr,True
places/cours-saleya.html,https://www.explorenicecotedazur.com/en/event/marche-a-la-brocante-saleya/,www.explorenicecotedazur.com,True
places/cours-saleya.html,https://www.explorenicecotedazur.com/en/culture/cours-saleya/,www.explorenicecotedazur.com,True
places/coustellet.html,https://www.google.com/maps/dir/?api=1&destination=March%C3%A9%20paysan%20de%20Coustellet%2C%20Maubec,www.google.com,True
places/coustellet.html,https://www.destinationluberon.com/savourer/marches/marche-paysan-de-coustellet,www.destinationluberon.com,True
places/coustellet.html,https://commons.wikimedia.org/wiki/File:Coustellet_-_march%C3%A9_1.jpg,commons.wikimedia.org,True
places/coustellet.html,https://www.destinationluberon.com/savourer/marches/marche-paysan-de-coustellet,www.destinationluberon.com,True
places/coustellet.html,https://www.marchepaysandecoustellet.com/,www.marchepaysandecoustellet.com,True
places/coustellet.html,https://www.destinationluberon.com/savourer/marches/marche-paysan-de-coustellet,www.destinationluberon.com,True
places/coustellet.html,https://www.destinationluberon.com/savourer/marches/marche-paysan-de-coustellet,www.destinationluberon.com,True
places/croix-rousse.html,https://www.google.com/maps/dir/?api=1&destination=Place%20de%20la%20Croix-Rousse%2C%20Lyon,www.google.com,True
places/croix-rousse.html,https://maisondescanuts.fr/,maisondescanuts.fr,True
places/croix-rousse.html,https://en.wikipedia.org/wiki/La_Croix-Rousse,en.wikipedia.org,True
places/croix-rousse.html,https://commons.wikimedia.org/wiki/File:Mont%C3%A9e_de_la_Grande_C%C3%B4te_@_Croix-Rousse_@_Lyon_(36347972426).jpg,commons.wikimedia.org,True
places/croix-rousse.html,https://maisondescanuts.fr/,maisondescanuts.fr,True
places/croix-rousse.html,https://maisondescanuts.fr/,maisondescanuts.fr,True
places/croix-rousse.html,https://maisondescanuts.fr/,maisondescanuts.fr,True
places/daniel-et-denise.html,https://www.google.com/maps/dir/?api=1&destination=Daniel%20et%20Denise%20Cr%C3%A9qui%2C%20Lyon,www.google.com,True
places/daniel-et-denise.html,https://danieletdenise.fr/,danieletdenise.fr,True
places/daniel-et-denise.html,https://commons.wikimedia.org/wiki/File:Lyon_3e_-_Rue_de_Créqui_-_Restaurant_Daniel_&amp;_Denise_-_En_configuration_Covid-19.jpg,commons.wikimedia.org,True
places/daniel-et-denise.html,https://danieletdenise.fr/,danieletdenise.fr,True
places/daniel-et-denise.html,https://danieletdenise.fr/,danieletdenise.fr,True
places/daniel-et-denise.html,https://danieletdenise.fr/,danieletdenise.fr,True
places/daniel-et-denise.html,https://danieletdenise.fr/,danieletdenise.fr,True
places/daniel-et-denise.html,https://danieletdenise.fr/,danieletdenise.fr,True
places/daniel-et-denise.html,https://danieletdenise.fr/,danieletdenise.fr,True
places/fondation-vincent-van-gogh-arles.html,https://www.google.com/maps/dir/?api=1&destination=Fondation%20Vincent%20van%20Gogh%20Arles%2C%20Arles,www.google.com,True
places/fondation-vincent-van-gogh-arles.html,https://commons.wikimedia.org/wiki/File:Place_Honor%C3%A9_Clair2.jpg,commons.wikimedia.org,True
places/fontaine-de-vaucluse.html,https://www.google.com/maps/dir/?api=1&destination=Fontaine-de-Vaucluse%2C%20France,www.google.com,True
places/fontaine-de-vaucluse.html,https://en.wikipedia.org/wiki/Fontaine-de-Vaucluse,en.wikipedia.org,True
places/fontaine-de-vaucluse.html,https://commons.wikimedia.org/wiki/File:Fontaine-de-Vaucluse_(09).jpg,commons.wikimedia.org,True
places/fontaine-de-vaucluse.html,https://islesurlasorguetourisme.com/,islesurlasorguetourisme.com,True
places/fontaine-de-vaucluse.html,https://commons.wikimedia.org/wiki/Category:Fontaine-de-Vaucluse,commons.wikimedia.org,True
places/fort-saint-jean.html,https://www.google.com/maps/dir/?api=1&destination=Fort%20Saint-Jean%2C%20Marseille,www.google.com,True
places/fort-saint-jean.html,https://www.mucem.org/infos-pratiques,www.mucem.org,True
places/fort-saint-jean.html,https://en.wikipedia.org/wiki/Fort_Saint-Jean_(Marseille),en.wikipedia.org,True
places/fort-saint-jean.html,"https://commons.wikimedia.org/wiki/File:Marseille,_Fort_Saint-Jean,_view_from_Fort_Saint-Nicolas_03.JPG",commons.wikimedia.org,True
places/fort-saint-jean.html,https://mucem.org/questions-frequentes/,mucem.org,True
places/fort-saint-jean.html,https://www.mucem.org/infos-pratiques,www.mucem.org,True
places/fort-saint-jean.html,https://www.mucem.org/infos-pratiques,www.mucem.org,True
places/fou-de-fafa-avignon.html,https://www.google.com/maps/dir/?api=1&destination=Fou%20de%20Fafa%2C%2017%20rue%20des%20Trois%20Faucons%2C%20Avignon,www.google.com,True
places/fou-de-fafa-avignon.html,https://www.foudefafaavignon.com/,www.foudefafaavignon.com,True
places/fou-de-fafa-avignon.html,"https://www.google.com/maps/place/Restaurant+Fou+de+Fafa/@43.9458963,4.8077497,17z/data=!3m1!4b1!4m6!3m5!1s0x12b5eb88f732d877:0xca6d824c5489f873!8m2!3d43.9458963!4d4.8077497!16s%2Fg%2F1tfh6qn4?hl=en&amp;entry=ttu&amp;g_ep=EgoyMDI2MDgxOS4wIKXMDSoASAFQAw%3D%3D",www.google.com,True
places/fou-de-fafa-avignon.html,https://www.foudefafaavignon.com/,www.foudefafaavignon.com,True
places/fou-de-fafa-avignon.html,https://www.foudefafaavignon.com/,www.foudefafaavignon.com,True
places/fou-de-fafa-avignon.html,https://www.foudefafaavignon.com/,www.foudefafaavignon.com,True
places/fou-de-fafa-avignon.html,https://www.foudefafaavignon.com/,www.foudefafaavignon.com,True
places/fou-de-fafa-avignon.html,https://www.foudefafaavignon.com/,www.foudefafaavignon.com,True
places/fourviere.html,https://www.google.com/maps/dir/?api=1&destination=Basilique%20Notre-Dame%20de%20Fourvi%C3%A8re%2C%20Lyon,www.google.com,True
places/fourviere.html,https://www.fourviere.org/,www.fourviere.org,True
places/fourviere.html,https://en.wikipedia.org/wiki/Basilica_of_Notre-Dame_de_Fourvière,en.wikipedia.org,True
places/fourviere.html,https://commons.wikimedia.org/wiki/File:Notre_Dame_de_Fourvi%C3%A8re.jpg,commons.wikimedia.org,True
places/fourviere.html,https://www.fourviere.org/fr/horaires/,www.fourviere.org,True
places/fourviere.html,http://lugdunum.grandlyon.com/fr/,lugdunum.grandlyon.com,True
places/fourviere.html,https://www.fourviere.org/,www.fourviere.org,True
places/girona-cathedral.html,https://www.google.com/maps/dir/?api=1&destination=Catedral%20de%20Santa%20Maria%20de%20Girona%2C%20Girona,www.google.com,True
places/girona-cathedral.html,https://www.girona.cat/turisme/cat/monuments_catedral.php,www.girona.cat,True
places/girona-cathedral.html,https://en.wikipedia.org/wiki/Girona_Cathedral,en.wikipedia.org,True
places/girona-cathedral.html,https://commons.wikimedia.org/wiki/File:Girona_Cathedral_2020.jpg,commons.wikimedia.org,True
places/girona-cathedral.html,https://catedraldegirona.cat/en/girona-cathedral-cultural-visit/,catedraldegirona.cat,True
places/girona-cathedral.html,https://www.girona.cat/turisme/cat/monuments_catedral.php,www.girona.cat,True
places/girona-cathedral.html,https://catedraldegirona.cat,catedraldegirona.cat,True
places/girona-old-town-walk.html,"https://commons.wikimedia.org/wiki/File:Pont_Eiffel_and_river_Onyar_in_Girona,_Catalonia,_Spain.JPG",commons.wikimedia.org,True
places/giverny.html,https://www.google.com/maps/dir/?api=1&destination=Fondation%20Claude%20Monet%2C%20Giverny,www.google.com,True
places/giverny.html,https://en.wikipedia.org/wiki/Giverny,en.wikipedia.org,True
places/giverny.html,https://commons.wikimedia.org/wiki/File:Le_jardin_d%27eau_de_Claude_Monet_(Giverny)_(48751405171).jpg,commons.wikimedia.org,True
places/glanum.html,https://www.google.com/maps/dir/?api=1&destination=Site%20arch%C3%A9ologique%20de%20Glanum%2C%20Saint-R%C3%A9my-de-Provence,www.google.com,True
places/glanum.html,https://en.wikipedia.org/wiki/Glanum,en.wikipedia.org,True
places/glanum.html,https://commons.wikimedia.org/wiki/File:Glanum_escalier_source_sacr%C3%A9e.jpg,commons.wikimedia.org,True
places/gordes.html,https://www.google.com/maps/dir/?api=1&destination=Gordes%2C%20France,www.google.com,True
places/gordes.html,"https://www.gordes-village.com/patrimoine,musee,le-chateau,102.html",www.gordes-village.com,True
places/gordes.html,https://en.wikipedia.org/wiki/Gordes,en.wikipedia.org,True
places/gordes.html,https://commons.wikimedia.org/wiki/File:Gordes_pano.jpg,commons.wikimedia.org,True
places/gordes.html,"https://www.gordes-village.com/patrimoine,musee,le-chateau,102.html",www.gordes-village.com,True
places/gordes.html,"https://www.gordes-village.com/patrimoine,musee,le-chateau,102.html",www.gordes-village.com,True
places/gordes.html,https://www.gordes-village.com/,www.gordes-village.com,True
places/gordes.html,"https://www.gordes-village.com/patrimoine,musee,le-chateau,102.html",www.gordes-village.com,True
places/goult.html,https://www.google.com/maps/dir/?api=1&destination=Goult%2C%20France,www.google.com,True
places/goult.html,https://www.goult.fr/commerces/,www.goult.fr,True
places/goult.html,https://en.wikipedia.org/wiki/Goult,en.wikipedia.org,True
places/goult.html,https://commons.wikimedia.org/wiki/File:Village_de_Goult_dans_le_Luberon.JPG,commons.wikimedia.org,True
places/goult.html,https://www.goult.fr/commerces/,www.goult.fr,True
places/goult.html,https://www.goult.fr/commerces/,www.goult.fr,True
places/goult.html,https://www.goult.fr/commerces/,www.goult.fr,True
places/grand-palais.html,https://www.google.com/maps/dir/?api=1&destination=Grand%20Palais%2C%20Paris,www.google.com,True
places/grand-palais.html,https://www.grandpalais.fr/en/plan-your-visit,www.grandpalais.fr,True
places/grand-palais.html,https://en.wikipedia.org/wiki/Grand_Palais,en.wikipedia.org,True
places/grand-palais.html,https://commons.wikimedia.org/wiki/File:Grand_Palais_-_PA00088877_-_Bonhams_2013_-_Vue_d%27ensemble_-_007.jpg,commons.wikimedia.org,True
places/grand-palais.html,https://www.grandpalais.fr/en/plan-your-visit,www.grandpalais.fr,True
places/grand-palais.html,https://www.grandpalais.fr/en/plan-your-visit,www.grandpalais.fr,True
places/grand-palais.html,https://www.grandpalais.fr/en/plan-your-visit,www.grandpalais.fr,True
places/grasse.html,https://www.google.com/maps/dir/?api=1&destination=Grasse%2C%20France,www.google.com,True
places/grasse.html,https://www.fragonard.com/en-us/exhibition-fragonard-100ans-2026,www.fragonard.com,True
places/grasse.html,https://en.wikipedia.org/wiki/Grasse,en.wikipedia.org,True
places/grasse.html,https://commons.wikimedia.org/wiki/File:Grasse_-_Flickr_-_Irene_Grassi_(sun_sand_%5E_sea).jpg,commons.wikimedia.org,True
places/grasse.html,https://usines-parfum.fragonard.com/usines/usine-historique/,usines-parfum.fragonard.com,True
places/grasse.html,https://www.fragonard.com/en-us/exhibition-fragonard-100ans-2026,www.fragonard.com,True
places/grasse.html,https://usines-parfum.fragonard.com/usines/usine-historique/,usines-parfum.fragonard.com,True
places/guylas.html,https://www.google.com/maps/dir/?api=1&destination=Guylas%2C%2068%20rue%20des%20Entrepreneurs%2C%20Paris,www.google.com,True
places/guylas.html,https://guylasparis.fr/,guylasparis.fr,True
places/guylas.html,"https://www.google.com/maps/place/Guylas+%7C+Cuisine+traditionnelle+persane+iranienne/@48.8449827,2.2892853,17z/data=!3m1!4b1!4m6!3m5!1s0x47e671a81c93cebd:0xc4ffd3c73c221056!8m2!3d48.8449827!4d2.2892853!16s%2Fg%2F11fkvz5p_w?hl=en&amp;entry=ttu&amp;g_ep=EgoyMDI2MDgyMy4wIKXMDSoASAFQAw%3D%3D",www.google.com,True
places/guylas.html,https://guylasparis.fr/,guylasparis.fr,True
places/guylas.html,https://guylasparis.fr/,guylasparis.fr,True
places/guylas.html,https://guylasparis.fr/,guylasparis.fr,True
places/guylas.html,https://guylasparis.fr/,guylasparis.fr,True
places/guylas.html,https://guylasparis.fr/,guylasparis.fr,True
places/halles-de-lyon-paul-bocuse.html,https://www.google.com/maps/dir/?api=1&destination=Les%20Halles%20de%20Lyon%20Paul%20Bocuse%2C%20102%20cours%20Lafayette%2C%20Lyon,www.google.com,True
places/halles-de-lyon-paul-bocuse.html,https://www.halles-de-lyon-paulbocuse.com/informations-utiles/,www.halles-de-lyon-paulbocuse.com,True
places/halles-de-lyon-paul-bocuse.html,https://en.wikipedia.org/wiki/Les_Halles_de_Lyon-Paul_Bocuse,en.wikipedia.org,True
places/halles-de-lyon-paul-bocuse.html,https://commons.wikimedia.org/wiki/File:Fromagerie_Halles_de_Lyon-Paul_Bocuse_en_2017_%C3%A0_Lyon.jpg,commons.wikimedia.org,True
places/halles-de-lyon-paul-bocuse.html,https://www.halles-de-lyon-paulbocuse.com/,www.halles-de-lyon-paulbocuse.com,True
places/halles-de-lyon-paul-bocuse.html,https://www.halles-de-lyon-paulbocuse.com/informations-utiles/,www.halles-de-lyon-paulbocuse.com,True
places/halles-de-lyon-paul-bocuse.html,https://www.halles-de-lyon-paulbocuse.com/informations-utiles/,www.halles-de-lyon-paulbocuse.com,True
places/l-isle-sur-la-sorgue.html,https://www.google.com/maps/dir/?api=1&destination=L%27Isle-sur-la-Sorgue%2C%20France,www.google.com,True
places/l-isle-sur-la-sorgue.html,https://www.provenceguide.com/marches/pays-des-sorgues/offres-18-1.html,www.provenceguide.com,True
places/l-isle-sur-la-sorgue.html,https://en.wikipedia.org/wiki/L&#x27;Isle-sur-la-Sorgue,en.wikipedia.org,True
places/l-isle-sur-la-sorgue.html,https://commons.wikimedia.org/wiki/File:Isle_sur_la_Sorgue_-_Roue_1.jpg,commons.wikimedia.org,True
places/l-isle-sur-la-sorgue.html,https://www.provenceguide.com/marches/pays-des-sorgues/offres-18-1.html,www.provenceguide.com,True
places/l-isle-sur-la-sorgue.html,https://islesurlasorguetourisme.com/bouger/culture/art-et-antiquite/les-antiquaires-de-lisle/391062-le-village-des-antiquaires-de-la-gare,islesurlasorguetourisme.com,True
places/la-flottille.html,https://www.google.com/maps/dir/?api=1&destination=La%20Flottille%2C%20Ch%C3%A2teau%20de%20Versailles,www.google.com,True
places/la-flottille.html,https://www.laflottille.fr/en/,www.laflottille.fr,True
places/la-flottille.html,"https://www.google.com/maps/place/La+Flottille/@48.8091371,2.1083631,17z/data=!3m1!4b1!4m6!3m5!1s0x47e67d905f564b1d:0xeb470d1c9260ed14!8m2!3d48.8091371!4d2.1083631!16s%2Fg%2F1tkb4f84?hl=en&amp;entry=ttu&amp;g_ep=EgoyMDI2MDgyMy4wIKXMDSoASAFQAw%3D%3D",www.google.com,True
places/la-flottille.html,https://www.laflottille.fr/en/,www.laflottille.fr,True
places/la-flottille.html,https://www.laflottille.fr/en/,www.laflottille.fr,True
places/la-flottille.html,https://www.laflottille.fr/en/,www.laflottille.fr,True
places/la-flottille.html,https://www.laflottille.fr/en/,www.laflottille.fr,True
places/la-flottille.html,https://www.laflottille.fr/en/,www.laflottille.fr,True
places/la-roquette.html,https://www.google.com/maps/dir/?api=1&destination=%C3%89glise%20Saint-C%C3%A9saire%2C%20Arles,www.google.com,True
places/la-roquette.html,https://www.arlestourisme.com/en/practical-information-monuments.html,www.arlestourisme.com,True
places/la-roquette.html,https://commons.wikimedia.org/wiki/File:Arles_Roquette_%C3%A9glise_Ste_Croix3.jpg,commons.wikimedia.org,True
places/la-roquette.html,https://www.arlestourisme.com/en/practical-information-monuments.html,www.arlestourisme.com,True
places/la-roquette.html,https://www.arlestourisme.com/en/practical-information-monuments.html,www.arlestourisme.com,True
places/la-roquette.html,https://www.arlestourisme.com/en/practical-information-monuments.html,www.arlestourisme.com,True
places/la-zorra.html,https://www.google.com/maps/dir/?api=1&destination=La%20Zorra%2C%20Passeig%20Mar%C3%ADtim%201-3%2C%20Sitges,www.google.com,True
places/la-zorra.html,https://restaurantelazorra.com/,restaurantelazorra.com,True
places/la-zorra.html,"https://www.google.com/maps/place/Restaurant+LaZorra/@41.2338454,1.8036675,17z/data=!3m1!4b1!4m6!3m5!1s0x12a3804e4a3a4533:0x19c1f170c20a8781!8m2!3d41.2338454!4d1.8036675!16s%2Fg%2F11c52p0v80?hl=en&amp;entry=ttu&amp;g_ep=EgoyMDI2MDgxOS4wIKXMDSoASAFQAw%3D%3D",www.google.com,True
places/la-zorra.html,https://restaurantelazorra.com/,restaurantelazorra.com,True
places/la-zorra.html,https://restaurantelazorra.com/,restaurantelazorra.com,True
places/la-zorra.html,https://restaurantelazorra.com/,restaurantelazorra.com,True
places/la-zorra.html,https://restaurantelazorra.com/,restaurantelazorra.com,True
places/la-zorra.html,https://restaurantelazorra.com/,restaurantelazorra.com,True
places/la-zorra.html,https://restaurantelazorra.com/,restaurantelazorra.com,True
places/lacoste.html,https://www.google.com/maps/dir/?api=1&destination=Lacoste%2C%20Vaucluse%2C%20France,www.google.com,True
places/lacoste.html,"https://en.wikipedia.org/wiki/Lacoste,_Vaucluse",en.wikipedia.org,True
places/lacoste.html,"https://commons.wikimedia.org/wiki/File:Lacoste,_Vaucluse_in_March.jpg",commons.wikimedia.org,True
places/lacoste.html,https://en.luberon-apt.fr/discover-the-luberon/the-pays-d-apt-luberon-city-and-villages/the-hilltop-villages/lacoste,en.luberon-apt.fr,True
places/lacoste.html,https://commons.wikimedia.org/wiki/Category:Lacoste_%28Vaucluse%29,commons.wikimedia.org,True
places/latin-quarter.html,https://www.google.com/maps/dir/?api=1&destination=Place%20de%20la%20Sorbonne%2C%20Paris,www.google.com,True
places/latin-quarter.html,"https://en.wikipedia.org/wiki/Latin_Quarter,_Paris",en.wikipedia.org,True
places/latin-quarter.html,"https://commons.wikimedia.org/wiki/File:Rue_Mouffetard,_Paris_24_Mai_2014.jpg",commons.wikimedia.org,True
places/latin-quarter.html,https://commons.wikimedia.org/wiki/File:Paris_Palais_du_Luxembourg_fa%C3%A7ade_s_printemps_2014.jpg,commons.wikimedia.org,True
places/le-figuier-de-saint-esprit.html,https://www.google.com/maps/dir/?api=1&destination=Le%20Figuier%20de%20Saint-Esprit%2C%20Antibes,www.google.com,True
places/le-figuier-de-saint-esprit.html,https://www.restaurant-lefiguierdesaintesprit.fr/,www.restaurant-lefiguierdesaintesprit.fr,True
places/le-figuier-de-saint-esprit.html,"https://www.google.com/maps/place/Le+Figuier+de+Saint-Esprit/@43.58175,7.1287525,17z/data=!3m1!4b1!4m6!3m5!1s0x12cdd57113baf7d1:0x98a423300ed7c116!8m2!3d43.58175!4d7.1287525!16s%2Fg%2F1wnzbxh_?hl=en&amp;entry=ttu&amp;g_ep=EgoyMDI2MDgxOS4wIKXMDSoASAFQAw%3D%3D",www.google.com,True
places/le-figuier-de-saint-esprit.html,https://www.restaurant-lefiguierdesaintesprit.fr/,www.restaurant-lefiguierdesaintesprit.fr,True
places/le-figuier-de-saint-esprit.html,https://www.restaurant-lefiguierdesaintesprit.fr/,www.restaurant-lefiguierdesaintesprit.fr,True
places/le-figuier-de-saint-esprit.html,https://www.restaurant-lefiguierdesaintesprit.fr/,www.restaurant-lefiguierdesaintesprit.fr,True
places/le-figuier-de-saint-esprit.html,https://www.restaurant-lefiguierdesaintesprit.fr/,www.restaurant-lefiguierdesaintesprit.fr,True
places/le-figuier-de-saint-esprit.html,https://www.restaurant-lefiguierdesaintesprit.fr/,www.restaurant-lefiguierdesaintesprit.fr,True
places/le-gibolin-arles.html,https://www.google.com/maps/dir/?api=1&destination=Le%20Gibolin%2C%2013%20rue%20des%20Porcelets%2C%20Arles,www.google.com,True
places/le-gibolin-arles.html,https://www.arlestourisme.com/,www.arlestourisme.com,True
places/le-gibolin-arles.html,"https://www.google.com/maps/place/Le+Gibolin/@43.6769539,4.6241448,17z/data=!3m1!4b1!4m6!3m5!1s0x12b6764020e38c69:0x5f9751a56324d547!8m2!3d43.6769539!4d4.6241448!16s%2Fg%2F1tcthznr?hl=en&amp;entry=ttu&amp;g_ep=EgoyMDI2MDgxOS4wIKXMDSoASAFQAw%3D%3D",www.google.com,True
places/le-gibolin-arles.html,https://www.arlestourisme.com/,www.arlestourisme.com,True
places/le-gibolin-arles.html,https://www.arlestourisme.com/,www.arlestourisme.com,True
places/le-gibolin-arles.html,https://www.arlestourisme.com/,www.arlestourisme.com,True
places/le-gibolin-arles.html,https://www.arlestourisme.com/,www.arlestourisme.com,True
places/le-gibolin-arles.html,https://www.arlestourisme.com/,www.arlestourisme.com,True
places/le-grand-pan.html,https://www.google.com/maps/dir/?api=1&destination=Le%20Grand%20Pan%2C%2020%20rue%20Rosenwald%2C%20Paris,www.google.com,True
places/le-grand-pan.html,https://www.legrandpan.fr/,www.legrandpan.fr,True
places/le-grand-pan.html,"https://www.google.com/maps/place/Le+Grand+Pan/@48.8330814,2.3057029,17z/data=!3m1!4b1!4m6!3m5!1s0x47e670468b32e705:0xfef30b10e3f3dbfe!8m2!3d48.8330814!4d2.3057029!16s%2Fg%2F1vxcvqxn?hl=en&amp;entry=ttu&amp;g_ep=EgoyMDI2MDgxOS4wIKXMDSoASAFQAw%3D%3D",www.google.com,True
places/le-grand-pan.html,https://www.legrandpan.fr/,www.legrandpan.fr,True
places/le-grand-pan.html,https://www.legrandpan.fr/,www.legrandpan.fr,True
places/le-grand-pan.html,https://www.legrandpan.fr/,www.legrandpan.fr,True
places/le-grand-pan.html,https://www.legrandpan.fr/,www.legrandpan.fr,True
places/le-grand-pan.html,https://www.legrandpan.fr/,www.legrandpan.fr,True
places/le-marais.html,https://www.google.com/maps/dir/?api=1&destination=Place%20des%20Vosges%2C%20Paris,www.google.com,True
places/le-marais.html,https://www.carnavalet.paris.fr/en/informations-pratiques,www.carnavalet.paris.fr,True
places/le-marais.html,https://en.wikipedia.org/wiki/The_Marais,en.wikipedia.org,True
places/le-marais.html,"https://commons.wikimedia.org/wiki/File:Jewish_quarter,_rue_des_Rosiers,_Le_Marais,_Paris_2016.jpg",commons.wikimedia.org,True
places/le-marais.html,https://www.carnavalet.paris.fr/en/informations-pratiques,www.carnavalet.paris.fr,True
places/le-marais.html,https://www.carnavalet.paris.fr/en/informations-pratiques,www.carnavalet.paris.fr,True
places/le-marais.html,https://www.carnavalet.paris.fr/en/informations-pratiques,www.carnavalet.paris.fr,True
places/le-panier.html,https://www.google.com/maps/dir/?api=1&destination=Le%20Panier%2C%20Marseille,www.google.com,True
places/le-panier.html,https://www.marseille-tourisme.com/en/discover-marseille/culture-heritage/the-districts-of-marseille/the-panier-district/,www.marseille-tourisme.com,True
places/le-panier.html,https://fr.wikipedia.org/wiki/Le_Panier,fr.wikipedia.org,True
places/le-panier.html,https://commons.wikimedia.org/wiki/File:Street_in_Marseille_-_Panier.jpg,commons.wikimedia.org,True
places/le-panier.html,https://www.marseille-tourisme.com/en/discover-marseille/culture-heritage/the-districts-of-marseille/the-panier-district/,www.marseille-tourisme.com,True
places/le-panier.html,https://www.marseille-tourisme.com/en/discover-marseille/culture-heritage/the-districts-of-marseille/the-panier-district/,www.marseille-tourisme.com,True
places/le-panier.html,https://www.marseille-tourisme.com/en/discover-marseille/culture-heritage/the-districts-of-marseille/the-panier-district/,www.marseille-tourisme.com,True
places/le-progres-montmartre.html,https://www.google.com/maps/dir/?api=1&destination=Le%20Progr%C3%A8s%2C%207%20rue%20des%20Trois%20Fr%C3%A8res%2C%20Paris,www.google.com,True
places/le-progres-montmartre.html,"https://www.google.com/maps/place/Le+Progr%C3%A8s/@48.8839314,2.3413837,17z/data=!3m1!4b1!4m6!3m5!1s0x47e66e43822594e5:0xa6ed2a77cdd540e6!8m2!3d48.8839314!4d2.3413837!16s%2Fg%2F1td64m8w?hl=en&amp;entry=ttu&amp;g_ep=EgoyMDI2MDgyMy4wIKXMDSoASAFQAw%3D%3D",www.google.com,True
places/le-relais-du-15eme.html,https://www.google.com/maps/dir/?api=1&destination=Le%20Relais%20du%2015%C3%A8me%2C%2078%20avenue%20%C3%89mile%20Zola%2C%20Paris,www.google.com,True
places/le-relais-du-15eme.html,https://le-relais-du-15e.fr/fr,le-relais-du-15e.fr,True
places/le-relais-du-15eme.html,"https://www.google.com/maps/place/Le+Relais+du+15%C3%A8me/@48.8465043,2.2867523,17z/data=!3m1!4b1!4m6!3m5!1s0x47e6700fedb488bd:0x8483fa303a80848e!8m2!3d48.8465043!4d2.2867523!16s%2Fg%2F1thhjtvt?hl=en&amp;entry=ttu&amp;g_ep=EgoyMDI2MDgyMy4wIKXMDSoASAFQAw%3D%3D",www.google.com,True
places/le-relais-du-15eme.html,https://le-relais-du-15e.fr/fr,le-relais-du-15e.fr,True
places/le-relais-du-15eme.html,https://le-relais-du-15e.fr/fr,le-relais-du-15e.fr,True
places/le-relais-du-15eme.html,https://le-relais-du-15e.fr/fr,le-relais-du-15e.fr,True
places/le-relais-du-15eme.html,https://le-relais-du-15e.fr/fr,le-relais-du-15e.fr,True
places/le-relais-du-15eme.html,https://le-relais-du-15e.fr/fr,le-relais-du-15e.fr,True
places/le-rocher.html,https://www.google.com/maps/dir/?api=1&destination=Monaco-Ville%2C%20Monaco,www.google.com,True
places/le-rocher.html,https://palais.mc/fr/musees-et-visites/vente-des-places-en-ligne-1-31.html,palais.mc,True
places/le-rocher.html,https://en.wikipedia.org/wiki/Rock_of_Monaco,en.wikipedia.org,True
places/le-rocher.html,https://commons.wikimedia.org/wiki/File:Monaco_from_the_bottom_of_the_exotic_garden.jpg,commons.wikimedia.org,True
places/le-rocher.html,https://www.visitmonaco.com/en/explore/the-12-must-sees-in-monaco/prince-s-palace,www.visitmonaco.com,True
places/le-rocher.html,https://www.visitmonaco.com/en/explore/the-12-must-sees-in-monaco/prince-s-palace,www.visitmonaco.com,True
places/le-rocher.html,https://palais.mc/fr/musees-et-visites/vente-des-places-en-ligne-1-31.html,palais.mc,True
places/le-rocher.html,https://media-trade.visitmonaco.com/en/editorial-resources/experiences-and-innovations/new-products-and-highlights-in-monaco/coming-soon,media-trade.visitmonaco.com,True
places/le-rocher.html,"https://commons.wikimedia.org/wiki/File:Cathedral_of_Our_Lady_Immaculate,_Monaco_(frontage).jpg",commons.wikimedia.org,True
places/le-rocher.html,https://commons.wikimedia.org/wiki/File:Hafen_und_Felsen_von_Monaco-La_Turbie.jpg,commons.wikimedia.org,True
places/le-suquet.html,https://www.google.com/maps/dir/?api=1&destination=Le%20Suquet%2C%20Cannes,www.google.com,True
places/le-suquet.html,https://www.cannes.com/fr/culture/musees-et-expositions/musee-des-explorations-du-monde.html,www.cannes.com,True
places/le-suquet.html,https://en.wikipedia.org/wiki/Le_Suquet,en.wikipedia.org,True
places/le-suquet.html,https://commons.wikimedia.org/wiki/File:Le_Suquet_old_town_panorama_Cannes_2026.JPG,commons.wikimedia.org,True
places/le-suquet.html,https://www.cannes.com/fr/culture/musees-et-expositions/musee-des-explorations-du-monde.html,www.cannes.com,True
places/le-suquet.html,https://www.cannes.com/fr/culture/musees-et-expositions/musee-des-explorations-du-monde.html,www.cannes.com,True
places/le-suquet.html,https://www.cannes.com/fr/culture/musees-et-expositions/musee-des-explorations-du-monde.html,www.cannes.com,True
places/le-volant-basque.html,https://www.google.com/maps/dir/?api=1&destination=Le%20Volant%20Basque%2C%2013%20rue%20B%C3%A9atrix%20Dussane%2C%20Paris,www.google.com,True
places/le-volant-basque.html,https://levolantbasque.fr/en,levolantbasque.fr,True
places/le-volant-basque.html,"https://www.google.com/maps/place/Le+Volant+Basque/@48.8499212,2.2913047,17z/data=!3m1!4b1!4m6!3m5!1s0x47e6701bb4c02145:0xadf163321f8e9b5d!8m2!3d48.8499212!4d2.2913047!16s%2Fg%2F1tmgbrfk?hl=en&amp;entry=ttu&amp;g_ep=EgoyMDI2MDgyMy4wIKXMDSoASAFQAw%3D%3D",www.google.com,True
places/le-volant-basque.html,https://levolantbasque.fr/en,levolantbasque.fr,True
places/le-volant-basque.html,https://levolantbasque.fr/en,levolantbasque.fr,True
places/le-volant-basque.html,https://levolantbasque.fr/en,levolantbasque.fr,True
places/le-volant-basque.html,https://levolantbasque.fr/en,levolantbasque.fr,True
places/le-volant-basque.html,https://levolantbasque.fr/en,levolantbasque.fr,True
places/les-baux-de-provence.html,https://www.google.com/maps/dir/?api=1&destination=Les%20Baux-de-Provence%2C%20France,www.google.com,True
places/les-baux-de-provence.html,https://www.lesbauxdeprovence.com/en/prepare-you-visit/practical-information/,www.lesbauxdeprovence.com,True
places/les-baux-de-provence.html,https://en.wikipedia.org/wiki/Les_Baux-de-Provence,en.wikipedia.org,True
places/les-baux-de-provence.html,https://commons.wikimedia.org/wiki/File:Baux_de_Provence.jpg,commons.wikimedia.org,True
places/les-baux-de-provence.html,https://www.lesbauxdeprovence.com/en/prepare-you-visit/practical-information/,www.lesbauxdeprovence.com,True
places/les-cocottes-saint-louis.html,https://www.google.com/maps/dir/?api=1&destination=Les%20Cocottes%20Saint%20Louis%2C%2020%20rue%20du%20Portail%20Boquier%2C%20Avignon,www.google.com,True
places/les-cocottes-saint-louis.html,https://www.cloitre-saint-louis.com/,www.cloitre-saint-louis.com,True
places/les-cocottes-saint-louis.html,"https://www.google.com/maps/place/Les+Cocottes+Saint+Louis/@43.9438175,4.8049565,17z/data=!3m1!4b1!4m6!3m5!1s0x12b5ebcf70ef232d:0x9ff60928baa517e9!8m2!3d43.9438175!4d4.8049565!16s%2Fg%2F11c1qs8rd7?hl=en&amp;entry=ttu&amp;g_ep=EgoyMDI2MDgxOS4wIKXMDSoASAFQAw%3D%3D",www.google.com,True
places/les-cocottes-saint-louis.html,https://www.cloitre-saint-louis.com/,www.cloitre-saint-louis.com,True
places/les-cocottes-saint-louis.html,https://www.cloitre-saint-louis.com/,www.cloitre-saint-louis.com,True
places/les-cocottes-saint-louis.html,https://www.cloitre-saint-louis.com/,www.cloitre-saint-louis.com,True
places/les-cocottes-saint-louis.html,https://www.cloitre-saint-louis.com/,www.cloitre-saint-louis.com,True
places/les-cocottes-saint-louis.html,https://www.cloitre-saint-louis.com/,www.cloitre-saint-louis.com,True
places/les-halles.html,https://www.google.com/maps/dir/?api=1&destination=Les%20Halles%20d%27Avignon%2C%20Place%20Pie%2C%20Avignon,www.google.com,True
places/les-halles.html,https://www.avignon-leshalles.com/,www.avignon-leshalles.com,True
places/les-halles.html,https://en.wikipedia.org/wiki/Les_Halles_d&#x27;Avignon,en.wikipedia.org,True
places/les-halles.html,https://commons.wikimedia.org/wiki/File:March%C3%A9_sur_la_place_Pie_devant_les_Halles_d%27Avignon.jpg,commons.wikimedia.org,True
places/les-halles.html,https://www.avignon-leshalles.com/,www.avignon-leshalles.com,True
places/les-halles.html,https://www.avignon-leshalles.com/,www.avignon-leshalles.com,True
places/les-halles.html,https://www.avignon-leshalles.com/,www.avignon-leshalles.com,True
places/les-halles.html,https://www.avignon-leshalles.com/,www.avignon-leshalles.com,True
places/les-halles.html,https://www.avignon-leshalles.com/,www.avignon-leshalles.com,True
places/les-halles.html,"https://commons.wikimedia.org/wiki/File:March%C3%A9_sur_la_place_Pie_d%27Avignon,_tournesols_et_patissons.jpg",commons.wikimedia.org,True
places/les-marches.html,https://www.google.com/maps/dir/?api=1&destination=Les%20Marches%2C%205%20rue%20de%20la%20Manutention%2C%20Paris,www.google.com,True
places/les-marches.html,https://www.lesmarches-restaurant.com/en/,www.lesmarches-restaurant.com,True
places/les-marches.html,"https://www.google.com/maps/place/Les+Marches/@48.8638964,2.2959123,17z/data=!3m1!4b1!4m6!3m5!1s0x47e66fe6ed4a6781:0x47f879cbd3b8b257!8m2!3d48.8638964!4d2.2959123!16s%2Fg%2F1tdq59sm?hl=en&amp;entry=ttu&amp;g_ep=EgoyMDI2MDgyMy4wIKXMDSoASAFQAw%3D%3D",www.google.com,True
places/les-marches.html,https://www.lesmarches-restaurant.com/en/,www.lesmarches-restaurant.com,True
places/les-marches.html,https://www.lesmarches-restaurant.com/en/,www.lesmarches-restaurant.com,True
places/les-marches.html,https://www.lesmarches-restaurant.com/en/,www.lesmarches-restaurant.com,True
places/les-marches.html,https://www.lesmarches-restaurant.com/en/,www.lesmarches-restaurant.com,True
places/les-marches.html,https://www.lesmarches-restaurant.com/en/,www.lesmarches-restaurant.com,True
places/lourmarin.html,https://www.google.com/maps/dir/?api=1&destination=Lourmarin%2C%20France,www.google.com,True
places/lourmarin.html,https://chateaudelourmarin.com/infos-pratiques/,chateaudelourmarin.com,True
places/lourmarin.html,https://en.wikipedia.org/wiki/Lourmarin,en.wikipedia.org,True
places/lourmarin.html,https://commons.wikimedia.org/wiki/File:Lourmarin_-_vue_g%C3%A9n%C3%A9rale.jpg,commons.wikimedia.org,True
places/lourmarin.html,https://chateaudelourmarin.com/infos-pratiques/,chateaudelourmarin.com,True
places/lourmarin.html,https://lourmarin.com/marches/,lourmarin.com,True
places/lourmarin.html,https://chateaudelourmarin.com/infos-pratiques/,chateaudelourmarin.com,True
places/lourmarin.html,https://commons.wikimedia.org/wiki/File:Lourmarin_dans_le_Luberon_(Vaucluse).jpg,commons.wikimedia.org,True
places/macba.html,https://www.google.com/maps/dir/?api=1&destination=Museu%20d%27Art%20Contemporani%20de%20Barcelona%2C%20Pla%C3%A7a%20dels%20%C3%80ngels%201,www.google.com,True
places/macba.html,https://en.wikipedia.org/wiki/Museu_d&#x27;Art_Contemporani_de_Barcelona,en.wikipedia.org,True
places/macba.html,https://commons.wikimedia.org/wiki/File:Macba_front.jpg,commons.wikimedia.org,True
places/macba.html,https://macba.cat,macba.cat,True
places/maison-carree.html,https://www.google.com/maps/dir/?api=1&destination=Maison%20Carr%C3%A9e%2C%20Place%20de%20la%20Maison%20Carr%C3%A9e%2C%20N%C3%AEmes,www.google.com,True
places/maison-carree.html,https://en.wikipedia.org/wiki/Maison_Carrée,en.wikipedia.org,True
places/marche-convention.html,https://www.google.com/maps/dir/?api=1&destination=March%C3%A9%20Convention%2C%20Paris%2015,www.google.com,True
places/marche-convention.html,https://www.paris.fr/equipements/marche-convention-5460,www.paris.fr,True
places/marche-convention.html,"https://commons.wikimedia.org/wiki/File:Marché_rue_de_la_Convention_1,_Paris_May_2011.jpg",commons.wikimedia.org,True
places/marche-convention.html,https://opendata.paris.fr/explore/dataset/marches-decouverts/,opendata.paris.fr,True
places/marche-convention.html,https://opendata.paris.fr/explore/dataset/marches-decouverts/,opendata.paris.fr,True
places/marche-convention.html,https://www.paris.fr/equipements/marche-convention-5460,www.paris.fr,True
places/marche-convention.html,https://www.paris.fr/equipements/marche-convention-5460,www.paris.fr,True
places/marche-convention.html,https://opendata.paris.fr/explore/dataset/marches-decouverts/,opendata.paris.fr,True
places/marche-convention.html,https://www.paris.fr/equipements/marche-convention-5460,www.paris.fr,True
places/marche-de-la-liberation.html,https://www.google.com/maps/dir/?api=1&destination=March%C3%A9%20de%20la%20Lib%C3%A9ration%2C%20Nice,www.google.com,True
places/marche-de-la-liberation.html,https://www.nice.fr/commerce-local/les-marches-de-plein-vent/,www.nice.fr,True
places/marche-de-la-liberation.html,https://www.nice.fr/commerce-local/les-marches-de-plein-vent/,www.nice.fr,True
places/marche-forville.html,https://www.google.com/maps/dir/?api=1&destination=March%C3%A9%20Forville%2C%20Cannes,www.google.com,True
places/marche-forville.html,https://www.cannes.com/fr/mairie/annuaire-pratique/equipements-municipaux/marche-provencal-forville.html,www.cannes.com,True
places/marche-forville.html,https://fr.wikipedia.org/wiki/Marché_Forville,fr.wikipedia.org,True
places/marche-forville.html,https://commons.wikimedia.org/wiki/File:March%C3%A9_Forville_Cannes_02.jpg,commons.wikimedia.org,True
places/marche-forville.html,https://www.cannes.com/fr/cadre-de-vie/travaux-en-cours/marche-forville.html,www.cannes.com,True
places/marche-forville.html,https://www.cannes.com/fr/mairie/annuaire-pratique/equipements-municipaux/marche-provencal-forville.html,www.cannes.com,True
places/marche-forville.html,https://www.cannes.com/fr/mairie/annuaire-pratique/equipements-municipaux/marche-provencal-forville.html,www.cannes.com,True
places/marche-forville.html,https://www.cannes.com/fr/cadre-de-vie/travaux-en-cours/marche-forville.html,www.cannes.com,True
places/marseille.html,https://www.google.com/maps/dir/?api=1&destination=Marseille%2C%20France,www.google.com,True
places/marseille.html,https://www.mucem.org/infos-pratiques,www.mucem.org,True
places/marseille.html,https://en.wikipedia.org/wiki/Marseille,en.wikipedia.org,True
places/marseille.html,https://commons.wikimedia.org/wiki/File:Marseille_Basilique_Notre-Dame-de-la-Garde_Vue_sur_le_Vieux-Port_1.jpg,commons.wikimedia.org,True
places/marseille.html,https://mucem.org/questions-frequentes/,mucem.org,True
places/marseille.html,https://www.mucem.org/infos-pratiques,www.mucem.org,True
places/menerbes.html,https://www.google.com/maps/dir/?api=1&destination=M%C3%A9nerbes%2C%20France,www.google.com,True
places/menerbes.html,https://www.menerbes.fr/en/street-market/,www.menerbes.fr,True
places/menerbes.html,https://en.wikipedia.org/wiki/Ménerbes,en.wikipedia.org,True
places/menerbes.html,https://commons.wikimedia.org/wiki/File:Menerbes_Plaine_du_Luberon.JPG,commons.wikimedia.org,True
places/menerbes.html,https://www.menerbes.fr/events/marche/,www.menerbes.fr,True
places/menerbes.html,https://www.menerbes.fr/en/street-market/,www.menerbes.fr,True
places/menerbes.html,https://www.menerbes.fr/en/street-market/,www.menerbes.fr,True
places/menerbes.html,https://www.menerbes.fr/en/street-market/,www.menerbes.fr,True
places/menton.html,https://www.google.com/maps/dir/?api=1&destination=Menton%2C%20France,www.google.com,True
places/menton.html,https://en.wikipedia.org/wiki/Menton,en.wikipedia.org,True
places/menton.html,https://commons.wikimedia.org/wiki/File:Menton-C%C3%B4te_d%27Azur.jpg,commons.wikimedia.org,True
places/mercat-concepcio.html,https://www.google.com/maps/dir/?api=1&destination=Mercat%20de%20la%20Concepci%C3%B3%2C%20Carrer%20d%27Arag%C3%B3%20313%2C%20Barcelona,www.google.com,True
places/mercat-concepcio.html,https://www.laconcepcio.cat/,www.laconcepcio.cat,True
places/mercat-concepcio.html,https://fr.wikipedia.org/wiki/Marché_de_la_Concepció,fr.wikipedia.org,True
places/mercat-concepcio.html,"https://commons.wikimedia.org/wiki/File:066_Mercat_de_la_Concepci%C3%B3,_c._Arag%C3%B3_311_bis_(Barcelona),_interior.jpg",commons.wikimedia.org,True
places/mercat-concepcio.html,https://www.laconcepcio.cat/,www.laconcepcio.cat,True
places/mercat-concepcio.html,https://www.laconcepcio.cat/,www.laconcepcio.cat,True
places/mercat-concepcio.html,https://www.laconcepcio.cat/,www.laconcepcio.cat,True
places/mercat-concepcio.html,https://www.laconcepcio.cat/,www.laconcepcio.cat,True
places/mercat-concepcio.html,https://www.laconcepcio.cat/en/,www.laconcepcio.cat,True
places/mercat-concepcio.html,https://www.laconcepcio.cat/,www.laconcepcio.cat,True
places/mercat-del-lleo.html,https://www.google.com/maps/dir/?api=1&destination=Mercat%20del%20Lle%C3%B3%2C%20Pla%C3%A7a%20Calvet%20i%20Rubalcaba%2015%2C%20Girona,www.google.com,True
places/mercat-del-lleo.html,https://www.mercatdelleo.cat/,www.mercatdelleo.cat,True
places/mercat-del-lleo.html,"https://commons.wikimedia.org/wiki/File:Girona&#x27;s_fresh_food_market,_the_Mercat_del_Lleó_(53700437309).jpg",commons.wikimedia.org,True
places/mercat-del-lleo.html,https://www.mercatdelleo.cat/,www.mercatdelleo.cat,True
places/mercat-del-lleo.html,https://www.mercatdelleo.cat/,www.mercatdelleo.cat,True
places/mercat-del-lleo.html,https://www.mercatdelleo.cat/,www.mercatdelleo.cat,True
places/mercat-del-lleo.html,https://www.mercatdelleo.cat/,www.mercatdelleo.cat,True
places/mercat-del-lleo.html,https://www.mercatdelleo.cat/,www.mercatdelleo.cat,True
places/monaco-walk.html,https://www.visitmonaco.com/en/explore/the-12-must-sees-in-monaco/prince-s-palace,www.visitmonaco.com,True
places/monaco-walk.html,https://commons.wikimedia.org/wiki/File:Monaco-Ville-ruelle.jpg,commons.wikimedia.org,True
places/monaco-walk.html,https://www.visitmonaco.com/en/explore/the-12-must-sees-in-monaco/prince-s-palace,www.visitmonaco.com,True
places/monaco-walk.html,https://www.visitmonaco.com/en/explore/the-12-must-sees-in-monaco/prince-s-palace,www.visitmonaco.com,True
places/monaco-walk.html,https://www.visitmonaco.com/en/explore/the-12-must-sees-in-monaco/prince-s-palace,www.visitmonaco.com,True
places/monaco.html,https://www.google.com/maps/dir/?api=1&destination=Monaco,www.google.com,True
places/monaco.html,https://palais.mc/fr/musees-et-visites/vente-des-places-en-ligne-1-31.html,palais.mc,True
places/monaco.html,https://en.wikipedia.org/wiki/Monaco,en.wikipedia.org,True
places/monaco.html,https://commons.wikimedia.org/wiki/File:Panorama_von_Monaco-La_Turbie.jpg,commons.wikimedia.org,True
places/monaco.html,https://www.visitmonaco.com/en/explore/the-12-must-sees-in-monaco/prince-s-palace,www.visitmonaco.com,True
places/monaco.html,https://www.visitmonaco.com/en/explore/the-12-must-sees-in-monaco/prince-s-palace,www.visitmonaco.com,True
places/monaco.html,https://palais.mc/fr/musees-et-visites/vente-des-places-en-ligne-1-31.html,palais.mc,True
places/monaco.html,https://commons.wikimedia.org/wiki/File:Princely_Palace_of_Monaco_02.jpg,commons.wikimedia.org,True
places/monaco.html,https://commons.wikimedia.org/wiki/File:Le_casino_de_Monte-Carlo.JPG,commons.wikimedia.org,True
places/montagne-sainte-victoire-terrain-des-peintres.html,https://www.google.com/maps/dir/?api=1&destination=Terrain%20des%20Peintres%2C%20Aix-en-Provence,www.google.com,True
places/montagne-sainte-victoire-terrain-des-peintres.html,https://en.wikipedia.org/wiki/Montagne_Sainte-Victoire,en.wikipedia.org,True
places/montagne-sainte-victoire-terrain-des-peintres.html,https://commons.wikimedia.org/wiki/File:Sainte-victoire_landscape.jpg,commons.wikimedia.org,True
places/montmartre-south-pigalle.html,"https://www.google.com/maps/dir/?api=1&destination=48.8867,2.3431",www.google.com,True
places/montmartre-south-pigalle.html,https://www.sacre-coeur-montmartre.com/english/,www.sacre-coeur-montmartre.com,True
places/montmartre-south-pigalle.html,https://en.wikipedia.org/wiki/Montmartre,en.wikipedia.org,True
places/montmartre-south-pigalle.html,https://commons.wikimedia.org/wiki/File:Paris_75018_Rue_Foyatier_20161030_-_1300_handrails.jpg,commons.wikimedia.org,True
places/montmartre-south-pigalle.html,https://www.sacre-coeur-montmartre.com/english/,www.sacre-coeur-montmartre.com,True
places/montmartre-south-pigalle.html,https://www.sacre-coeur-montmartre.com/english/,www.sacre-coeur-montmartre.com,True
places/montmartre-south-pigalle.html,https://commons.wikimedia.org/wiki/File:Basilique_du_Sacr%C3%A9-C%C5%93ur_de_Montmartre_-_Paris_-_GT-01_-_2024.jpg,commons.wikimedia.org,True
places/montmartre-south-pigalle.html,https://commons.wikimedia.org/wiki/File:L%27escalier_de_droite_menant_%C3%A0_la_Basilique_de_Montmartre_-_GT_03_-_2024.jpg,commons.wikimedia.org,True
places/montorgueil.html,https://www.google.com/maps/dir/?api=1&destination=Rue%20Montorgueil%2C%2075002%20Paris,www.google.com,True
places/montorgueil.html,https://en.wikipedia.org/wiki/Rue_Montorgueil,en.wikipedia.org,True
places/montorgueil.html,https://commons.wikimedia.org/wiki/File:Paris_-_Rue_Montorgueil.JPG,commons.wikimedia.org,True
places/mucem.html,https://www.google.com/maps/dir/?api=1&destination=Mucem%2C%20Marseille,www.google.com,True
places/mucem.html,https://www.mucem.org/infos-pratiques,www.mucem.org,True
places/mucem.html,https://en.wikipedia.org/wiki/Museum_of_European_and_Mediterranean_Civilisations,en.wikipedia.org,True
places/mucem.html,"https://commons.wikimedia.org/wiki/File:View_from_the_Mucem_rooftop_garden_towards_Cath%C3%A9drale_La_Major,_Marseille,_2015.jpg",commons.wikimedia.org,True
places/mucem.html,https://mucem.org/questions-frequentes/,mucem.org,True
places/mucem.html,https://www.mucem.org/infos-pratiques,www.mucem.org,True
places/musee-carnavalet.html,https://www.google.com/maps/dir/?api=1&destination=Mus%C3%A9e%20Carnavalet%2C%20Paris,www.google.com,True
places/musee-carnavalet.html,https://en.wikipedia.org/wiki/Musée_Carnavalet,en.wikipedia.org,True
places/musee-carnavalet.html,https://commons.wikimedia.org/wiki/File:Cour_Louis_XIV_au_Mus%C3%A9e_Carnavalet_%C3%A0_Paris_le_30_septembre_2016_-_17.jpg,commons.wikimedia.org,True
places/musee-d-art-moderne-de-paris.html,https://www.google.com/maps/dir/?api=1&destination=Mus%C3%A9e%20d%27Art%20Moderne%20de%20Paris%2C%20Paris,www.google.com,True
places/musee-d-art-moderne-de-paris.html,https://en.wikipedia.org/wiki/Musée_d&#x27;Art_Moderne_de_Paris,en.wikipedia.org,True
places/musee-d-art-moderne-de-paris.html,https://commons.wikimedia.org/wiki/File:Entr%C3%A9e_mus%C3%A9e_d%27art_moderne_de_Paris_en_2025.jpg,commons.wikimedia.org,True
places/musee-d-orsay.html,https://www.google.com/maps/dir/?api=1&destination=Mus%C3%A9e%20d%27Orsay%2C%20Paris,www.google.com,True
places/musee-d-orsay.html,https://en.wikipedia.org/wiki/Musée_d&#x27;Orsay,en.wikipedia.org,True
places/musee-d-orsay.html,"https://commons.wikimedia.org/wiki/File:Musee_d%27Orsay_and_Pont_Royal,_North-West_view_140402_1.jpg",commons.wikimedia.org,True
places/musee-de-l-orangerie.html,https://www.google.com/maps/dir/?api=1&destination=Mus%C3%A9e%20de%20l%27Orangerie%2C%20Paris,www.google.com,True
places/musee-de-l-orangerie.html,https://en.wikipedia.org/wiki/Musée_de_l&#x27;Orangerie,en.wikipedia.org,True
places/musee-de-l-orangerie.html,https://commons.wikimedia.org/wiki/File:Mus%C3%A9e_de_l%E2%80%99Orangerie_exterior.JPG,commons.wikimedia.org,True
places/musee-du-louvre.html,https://www.google.com/maps/dir/?api=1&destination=Mus%C3%A9e%20du%20Louvre%2C%20Paris,www.google.com,True
places/musee-du-louvre.html,https://www.louvre.fr/en/visit,www.louvre.fr,True
places/musee-du-louvre.html,https://en.wikipedia.org/wiki/Louvre,en.wikipedia.org,True
places/musee-du-louvre.html,https://commons.wikimedia.org/wiki/File:Louvre_Cour_Carr%C3%A9e_June_2010.jpg,commons.wikimedia.org,True
places/musee-du-louvre.html,https://www.louvre.fr/en/visit,www.louvre.fr,True
places/musee-du-louvre.html,https://www.louvre.fr/en/visit,www.louvre.fr,True
places/musee-du-luxembourg.html,https://www.google.com/maps/dir/?api=1&destination=Mus%C3%A9e%20du%20Luxembourg%2C%20Paris,www.google.com,True
places/musee-du-luxembourg.html,https://en.wikipedia.org/wiki/Musée_du_Luxembourg,en.wikipedia.org,True
places/musee-du-luxembourg.html,https://commons.wikimedia.org/wiki/File:Mus%C3%A9e_Luxembourg_-_Paris_VI_(FR75)_-_2025-09-28_-_1.jpg,commons.wikimedia.org,True
places/musee-granet.html,https://www.google.com/maps/dir/?api=1&destination=Mus%C3%A9e%20Granet%2C%20Aix-en-Provence,www.google.com,True
places/musee-granet.html,https://www.museegranet-aixenprovence.fr/infos-pratiques,www.museegranet-aixenprovence.fr,True
places/musee-granet.html,https://en.wikipedia.org/wiki/Musée_Granet,en.wikipedia.org,True
places/musee-granet.html,https://commons.wikimedia.org/wiki/File:Aix_en_Provence-FR-13-musee_Granet-a1.jpg,commons.wikimedia.org,True
places/musee-granet.html,https://www.museegranet-aixenprovence.fr/en/practical-informations-1/opening-hours-and-admissions,www.museegranet-aixenprovence.fr,True
places/musee-granet.html,https://www.museegranet-aixenprovence.fr/infos-pratiques,www.museegranet-aixenprovence.fr,True
places/musee-granet.html,https://www.museegranet-aixenprovence.fr/en/practical-informations-1/opening-hours-and-admissions,www.museegranet-aixenprovence.fr,True
places/musee-granet.html,https://www.museegranet-aixenprovence.fr/infos-pratiques,www.museegranet-aixenprovence.fr,True
places/musee-granet.html,https://www.museegranet-aixenprovence.fr/en/practical-informations-1/opening-hours-and-admissions,www.museegranet-aixenprovence.fr,True
places/musee-guimet.html,https://www.google.com/maps/dir/?api=1&destination=Mus%C3%A9e%20Guimet%2C%20Paris,www.google.com,True
places/musee-guimet.html,https://en.wikipedia.org/wiki/Guimet_Museum,en.wikipedia.org,True
places/musee-guimet.html,https://commons.wikimedia.org/wiki/File:Mus%C3%A9e_Guimet_%C3%A0_Paris_(janvier_2020).jpg,commons.wikimedia.org,True
places/musee-gustave-moreau.html,https://www.google.com/maps/dir/?api=1&destination=Mus%C3%A9e%20Gustave%20Moreau%2C%20Paris,www.google.com,True
places/musee-gustave-moreau.html,https://en.wikipedia.org/wiki/Musée_Gustave_Moreau,en.wikipedia.org,True
places/musee-gustave-moreau.html,https://commons.wikimedia.org/wiki/File:Mus%C3%A9e_Gustave_Moreau_exterieur.jpg,commons.wikimedia.org,True
places/musee-jacquemart-andre.html,https://www.google.com/maps/dir/?api=1&destination=Mus%C3%A9e%20Jacquemart-Andr%C3%A9%2C%20Paris,www.google.com,True
places/musee-jacquemart-andre.html,https://en.wikipedia.org/wiki/Musée_Jacquemart-André,en.wikipedia.org,True
places/musee-jacquemart-andre.html,"https://commons.wikimedia.org/wiki/File:Mus%C3%A9e_Jacquemart-Andr%C3%A9,_Paris_8e_3-1.jpg",commons.wikimedia.org,True
places/musee-marmottan-monet.html,https://www.google.com/maps/dir/?api=1&destination=Mus%C3%A9e%20Marmottan%20Monet%2C%20Paris,www.google.com,True
places/musee-marmottan-monet.html,https://www.marmottan.fr/en/informations-pratiques/,www.marmottan.fr,True
places/musee-marmottan-monet.html,https://en.wikipedia.org/wiki/Musée_Marmottan_Monet,en.wikipedia.org,True
places/musee-marmottan-monet.html,"https://commons.wikimedia.org/wiki/File:Mus%C3%A9e_Marmottan_Monet,_Paris,_March_2013.JPG",commons.wikimedia.org,True
places/musee-marmottan-monet.html,https://www.marmottan.fr/en/informations-pratiques/,www.marmottan.fr,True
places/musee-picasso-paris.html,https://www.google.com/maps/dir/?api=1&destination=Mus%C3%A9e%20Picasso%20Paris%2C%20Paris,www.google.com,True
places/musee-picasso-paris.html,https://en.wikipedia.org/wiki/Musée_Picasso,en.wikipedia.org,True
places/musee-picasso-paris.html,https://commons.wikimedia.org/wiki/File:H%C3%B4tel_Sal%C3%A9_-_Paris_III_(FR75)_-_2024-05-22_-_3.jpg,commons.wikimedia.org,True
places/musee-rodin.html,https://www.google.com/maps/dir/?api=1&destination=Mus%C3%A9e%20Rodin%2C%20Paris,www.google.com,True
places/musee-rodin.html,https://en.wikipedia.org/wiki/Musée_Rodin,en.wikipedia.org,True
places/musee-rodin.html,"https://commons.wikimedia.org/wiki/File:L%27h%C3%B4tel_Biron_(mus%C3%A9e_Rodin)_%C3%A0_Paris,_13_juin_2021_01.jpg",commons.wikimedia.org,True
places/nce-airport-tram.html,https://www.google.com/maps/dir/?api=1&destination=A%C3%A9roport%20Terminal%201%2C%20Nice,www.google.com,True
places/nce-airport-tram.html,https://commons.wikimedia.org/wiki/File:Terminal_2_Interior_Nice_C%C3%B4te_d%27Azur_airport.jpg,commons.wikimedia.org,True
places/nice-ville.html,https://www.google.com/maps/dir/?api=1&destination=Gare%20de%20Nice-Ville,www.google.com,True
places/nice-ville.html,https://commons.wikimedia.org/wiki/File:Nice_train_Station.JPG,commons.wikimedia.org,True
places/nice-walk.html,https://www.nice.fr/lieux/parc-de-la-colline-du-chateau/,www.nice.fr,True
places/nice-walk.html,https://commons.wikimedia.org/wiki/File:Nice-ruelle-vieux-quartiers.jpg,commons.wikimedia.org,True
places/nice-walk.html,https://www.nice.fr/lieux/parc-de-la-colline-du-chateau/,www.nice.fr,True
places/nice-walk.html,https://www.nice.fr/lieux/parc-de-la-colline-du-chateau/,www.nice.fr,True
places/nice-walk.html,https://www.nice.fr/lieux/parc-de-la-colline-du-chateau/,www.nice.fr,True
places/notre-dame-de-la-garde.html,https://www.google.com/maps/dir/?api=1&destination=Basilique%20Notre-Dame%20de%20la%20Garde%2C%20Marseille,www.google.com,True
places/notre-dame-de-la-garde.html,https://en.wikipedia.org/wiki/Notre-Dame_de_la_Garde,en.wikipedia.org,True
places/notre-dame-de-la-garde.html,https://commons.wikimedia.org/wiki/File:Hafen_von_Marseille-Notre_Dame_de_la_Garde.jpg,commons.wikimedia.org,True
places/notre-dame-de-paris.html,https://www.google.com/maps/dir/?api=1&destination=Cath%C3%A9drale%20Notre-Dame%20de%20Paris%2C%20Paris,www.google.com,True
places/notre-dame-de-paris.html,https://en.wikipedia.org/wiki/Notre-Dame_de_Paris,en.wikipedia.org,True
places/notre-dame-de-paris.html,https://commons.wikimedia.org/wiki/File:Notre-Dame_de_Paris_2013-07-24.jpg,commons.wikimedia.org,True
places/onyar.html,https://www.google.com/maps/dir/?api=1&destination=Cases%20de%20l%27Onyar%2C%20Girona,www.google.com,True
places/onyar.html,https://www.girona.cat/turisme/cat/,www.girona.cat,True
places/onyar.html,https://en.wikipedia.org/wiki/Onyar,en.wikipedia.org,True
places/onyar.html,https://commons.wikimedia.org/wiki/File:The_houses_of_the_Onyar.jpg,commons.wikimedia.org,True
places/onyar.html,https://www.girona.cat/turisme/cat/,www.girona.cat,True
places/onyar.html,https://www.girona.cat/turisme/cat/,www.girona.cat,True
places/onyar.html,https://www.girona.cat/turisme/cat/,www.girona.cat,True
places/onyar.html,https://rafaelmaso.org,rafaelmaso.org,True
places/oppede-le-vieux.html,https://www.google.com/maps/dir/?api=1&destination=Opp%C3%A8de-le-Vieux%2C%20Opp%C3%A8de,www.google.com,True
places/oppede-le-vieux.html,https://en.wikipedia.org/wiki/Oppède,en.wikipedia.org,True
places/oppede-le-vieux.html,https://commons.wikimedia.org/wiki/File:Opp%C3%A8de_le_Vieux_-_Vue_de_l%27aire_de_battage.jpg,commons.wikimedia.org,True
places/orange.html,https://www.google.com/maps/dir/?api=1&destination=Th%C3%A9%C3%A2tre%20antique%2C%20Orange%2C%20France,www.google.com,True
places/orange.html,https://www.theatre-antique.com/,www.theatre-antique.com,True
places/orange.html,"https://en.wikipedia.org/wiki/Orange,_Vaucluse",en.wikipedia.org,True
places/orange.html,https://commons.wikimedia.org/wiki/File:Theatre_antique_d&#x27;orange.jpg,commons.wikimedia.org,True
places/orange.html,https://www.theatre-antique.com/,www.theatre-antique.com,True
places/orange.html,https://www.theatre-antique.com/,www.theatre-antique.com,True
places/orange.html,"https://commons.wikimedia.org/wiki/Category:Ancient_Roman_theatre_(Orange,_France)",commons.wikimedia.org,True
places/palais-des-papes.html,https://www.google.com/maps/dir/?api=1&destination=Palais%20des%20Papes%2C%20Avignon,www.google.com,True
places/palais-des-papes.html,https://www.palais-des-papes.com/fr/informations-pratiques,www.palais-des-papes.com,True
places/palais-des-papes.html,https://en.wikipedia.org/wiki/Palais_des_Papes,en.wikipedia.org,True
places/palais-des-papes.html,"https://commons.wikimedia.org/wiki/File:Avignon,_Palais_des_Papes_by_JM_Rosier.jpg",commons.wikimedia.org,True
places/palais-des-papes.html,https://www.palais-des-papes.com/fr/informations-pratiques,www.palais-des-papes.com,True
places/palau-de-maricel.html,https://www.google.com/maps/dir/?api=1&destination=Palau%20de%20Maricel%2C%20Sitges,www.google.com,True
places/palau-de-maricel.html,https://museusdesitges.cat/es/museo/palau-de-maricel/visita-guiada,museusdesitges.cat,True
places/palau-de-maricel.html,https://en.wikipedia.org/wiki/Maricel_Museum,en.wikipedia.org,True
places/palau-de-maricel.html,"https://commons.wikimedia.org/wiki/File:008_Maricel_de_Terra_i_Maricel_de_Mar,_a_banda_i_banda_del_carrer_de_Fonollar_(Sitges).jpg",commons.wikimedia.org,True
places/palau-de-maricel.html,https://museusdesitges.cat/en/schedule,museusdesitges.cat,True
places/palau-de-maricel.html,https://museusdesitges.cat/es/museo/palau-de-maricel/visita-guiada,museusdesitges.cat,True
places/pals.html,https://www.google.com/maps/dir/?api=1&destination=Pals%2C%20Girona,www.google.com,True
places/pals.html,https://www.pals.cat/ca/,www.pals.cat,True
places/pals.html,https://en.wikipedia.org/wiki/Pals,en.wikipedia.org,True
places/pals.html,https://commons.wikimedia.org/wiki/File:Torre_de_les_Hores.jpg,commons.wikimedia.org,True
places/pals.html,https://www.pals.cat/ca/agenda/mercat-setmanal/,www.pals.cat,True
places/pals.html,https://www.pals.cat/ca/,www.pals.cat,True
places/parc-de-la-tete-d-or.html,https://www.google.com/maps/dir/?api=1&destination=Parc%20de%20la%20T%C3%AAte%20d%27Or%2C%20Lyon,www.google.com,True
places/parc-de-la-tete-d-or.html,https://www.lyon.fr/lieu/parcs/parc-de-la-tete-dor,www.lyon.fr,True
places/parc-de-la-tete-d-or.html,https://en.wikipedia.org/wiki/Parc_de_la_Tête_d&#x27;or,en.wikipedia.org,True
places/parc-de-la-tete-d-or.html,"https://commons.wikimedia.org/wiki/File:Parc_de_la_T%C3%AAte_d%27Or,_Lyon,_France_-_nature_%C3%A0_proximit%C3%A9_du_v%C3%A9lodrome.jpg",commons.wikimedia.org,True
places/parc-de-la-tete-d-or.html,https://www.lyon.fr/lieu/parcs/parc-de-la-tete-dor,www.lyon.fr,True
places/parc-de-la-tete-d-or.html,https://www.lyon.fr/lieu/parcs/parc-de-la-tete-dor,www.lyon.fr,True
places/parc-de-la-tete-d-or.html,https://www.lyon.fr/lieu/parcs/parc-de-la-tete-dor,www.lyon.fr,True
places/passeig-de-la-muralla.html,https://www.google.com/maps/dir/?api=1&destination=Passeig%20de%20la%20Muralla%2C%20Girona,www.google.com,True
places/passeig-de-la-muralla.html,https://www.girona.cat/turisme/cat/monuments_muralla.php,www.girona.cat,True
places/passeig-de-la-muralla.html,https://en.wikipedia.org/wiki/Passeig_de_la_Muralla,en.wikipedia.org,True
places/passeig-de-la-muralla.html,https://commons.wikimedia.org/wiki/File:Vistes_des_de_la_muralla_de_Girona_09.jpg,commons.wikimedia.org,True
places/passeig-de-la-muralla.html,https://www.girona.cat/turisme/cat/monuments_muralla.php,www.girona.cat,True
places/passeig-de-la-muralla.html,https://www.girona.cat/turisme/cat/monuments_muralla.php,www.girona.cat,True
places/passeig-de-la-muralla.html,https://www.girona.cat/turisme/cat/monuments_muralla.php,www.girona.cat,True
places/patisserie-weibel.html,https://www.google.com/maps/dir/?api=1&destination=Maison%20Weibel%2C%20Aix-en-Provence,www.google.com,True
places/patisserie-weibel.html,https://www.maisonweibel.com/,www.maisonweibel.com,True
places/patisserie-weibel.html,"https://www.google.com/maps/place/Maison+Weibel/@43.5292791,5.4484966,17z/data=!3m1!4b1!4m6!3m5!1s0x12c98dbd0388a2d3:0x694cc6018ff1a1b0!8m2!3d43.5292791!4d5.4484966!16s%2Fg%2F1vk482k6?hl=en&amp;entry=ttu&amp;g_ep=EgoyMDI2MDgxOS4wIKXMDSoASAFQAw%3D%3D",www.google.com,True
places/patisserie-weibel.html,https://www.maisonweibel.com/,www.maisonweibel.com,True
places/patisserie-weibel.html,https://www.maisonweibel.com/,www.maisonweibel.com,True
places/patisserie-weibel.html,https://www.maisonweibel.com/,www.maisonweibel.com,True
places/patisserie-weibel.html,https://www.maisonweibel.com/,www.maisonweibel.com,True
places/patisserie-weibel.html,https://www.maisonweibel.com/,www.maisonweibel.com,True
places/peralada.html,https://www.google.com/maps/dir/?api=1&destination=Castell%20de%20Peralada%2C%20Peralada,www.google.com,True
places/peralada.html,https://www.museucastellperalada.com/en/visit/section/hours/,www.museucastellperalada.com,True
places/peralada.html,https://en.wikipedia.org/wiki/Peralada,en.wikipedia.org,True
places/peralada.html,https://commons.wikimedia.org/wiki/File:Castell_de_Peralada.JPG,commons.wikimedia.org,True
places/peralada.html,https://www.museucastellperalada.com/en/visit/section/hours/,www.museucastellperalada.com,True
places/peralada.html,https://www.museucastellperalada.com/en/visit/section/hours/,www.museucastellperalada.com,True
places/peralada.html,https://www.museucastellperalada.com/en/visit/section/hours/,www.museucastellperalada.com,True
places/peralada.html,https://museucastellperalada.com,museucastellperalada.com,True
places/peratallada.html,https://www.google.com/maps/dir/?api=1&destination=Peratallada%2C%20Girona,www.google.com,True
places/peratallada.html,https://forallac.cat/,forallac.cat,True
places/peratallada.html,https://en.wikipedia.org/wiki/Peratallada,en.wikipedia.org,True
places/peratallada.html,https://commons.wikimedia.org/wiki/File:Nucli_hist%C3%B2ric_de_Peratallada_1.JPG,commons.wikimedia.org,True
places/peratallada.html,https://forallac.cat/,forallac.cat,True
places/peratallada.html,https://forallac.cat/,forallac.cat,True
places/peratallada.html,https://forallac.cat/,forallac.cat,True
places/petit-palais.html,https://www.google.com/maps/dir/?api=1&destination=Petit%20Palais%2C%20Paris,www.google.com,True
places/petit-palais.html,https://en.wikipedia.org/wiki/Petit_Palais,en.wikipedia.org,True
places/petit-palais.html,https://commons.wikimedia.org/wiki/File:Petit-Palais-Paris-02-2018.jpg,commons.wikimedia.org,True
places/place-du-forum-arles.html,https://www.google.com/maps/dir/?api=1&destination=Place%20du%20Forum%2C%20Arles,www.google.com,True
places/place-du-forum-arles.html,https://www.arlestourisme.com/en/practical-information-monuments.html,www.arlestourisme.com,True
places/place-du-forum-arles.html,https://commons.wikimedia.org/wiki/File:Arles_-_Place_du_Forum_in_the_evening_(Q109606553).jpg,commons.wikimedia.org,True
places/place-du-forum-arles.html,https://www.arlestourisme.com/en/practical-information-monuments.html,www.arlestourisme.com,True
places/place-du-forum-arles.html,https://www.arlestourisme.com/en/practical-information-monuments.html,www.arlestourisme.com,True
places/place-du-forum-arles.html,https://www.arlestourisme.com/en/practical-information-monuments.html,www.arlestourisme.com,True
places/place-richelme-place-des-precheurs.html,https://www.google.com/maps/dir/?api=1&destination=Place%20Richelme%2C%20Aix-en-Provence,www.google.com,True
places/place-richelme-place-des-precheurs.html,https://www.aixenprovencetourism.com/fr/fiche/le-marche-aux-fruits-et-legumes-d-aix-en-provence-5466992/,www.aixenprovencetourism.com,True
places/place-richelme-place-des-precheurs.html,https://commons.wikimedia.org/wiki/File:March%C3%A9_aux_Fruits_et_L%C3%A9gumes_%C3%A0_Aix-en-Provence.jpg,commons.wikimedia.org,True
places/place-richelme-place-des-precheurs.html,https://www.aixenprovencetourism.com/en/shopping/the-provencal-markets/,www.aixenprovencetourism.com,True
places/place-richelme-place-des-precheurs.html,https://www.aixenprovencetourism.com/en/shopping/the-provencal-markets/,www.aixenprovencetourism.com,True
places/place-richelme-place-des-precheurs.html,https://www.aixenprovencetourism.com/fr/fiche/le-marche-aux-fruits-et-legumes-d-aix-en-provence-5466992/,www.aixenprovencetourism.com,True
places/place-richelme-place-des-precheurs.html,https://www.aixenprovencetourism.com/fr/fiche/le-marche-aux-fruits-et-legumes-d-aix-en-provence-5466992/,www.aixenprovencetourism.com,True
places/place-richelme-place-des-precheurs.html,https://commons.wikimedia.org/wiki/File:Marche-Richelme-Aix.jpg,commons.wikimedia.org,True
places/pont-du-gard.html,https://www.google.com/maps/dir/?api=1&destination=Pont%20du%20Gard%2C%20Vers-Pont-du-Gard,www.google.com,True
places/pont-du-gard.html,http://pontdugard.fr/en/practical-information/,pontdugard.fr,True
places/pont-du-gard.html,https://en.wikipedia.org/wiki/Pont_du_Gard,en.wikipedia.org,True
places/pont-du-gard.html,https://commons.wikimedia.org/wiki/File:Pont_du_Gard_BLS.jpg,commons.wikimedia.org,True
places/pont-du-gard.html,http://pontdugard.fr/en/practical-information/,pontdugard.fr,True
places/pont-du-gard.html,http://pontdugard.fr/en/practical-information/,pontdugard.fr,True
places/pont-saint-benezet.html,https://www.google.com/maps/dir/?api=1&destination=Pont%20Saint-B%C3%A9n%C3%A9zet%2C%20Avignon,www.google.com,True
places/pont-saint-benezet.html,https://avignon-tourisme.com/en/offres/pont-davignon-saint-benezet-avignon-en-4143415/,avignon-tourisme.com,True
places/pont-saint-benezet.html,https://en.wikipedia.org/wiki/Pont_Saint-Bénézet,en.wikipedia.org,True
places/pont-saint-benezet.html,https://commons.wikimedia.org/wiki/File:Pont_d%C2%B4Avignon.jpg,commons.wikimedia.org,True
places/pont-saint-benezet.html,https://avignon-tourisme.com/en/offres/pont-davignon-saint-benezet-avignon-en-4143415/,avignon-tourisme.com,True
places/pont-saint-benezet.html,https://avignon-tourisme.com/en/offres/pont-davignon-saint-benezet-avignon-en-4143415/,avignon-tourisme.com,True
places/pont-saint-benezet.html,https://avignon-tourisme.com/en/offres/pont-davignon-saint-benezet-avignon-en-4143415/,avignon-tourisme.com,True
places/promenade-des-anglais.html,https://www.google.com/maps/dir/?api=1&destination=Promenade%20des%20Anglais%2C%20Nice,www.google.com,True
places/promenade-des-anglais.html,https://www.nice.fr/fr/patrimoine-et-culture/la-promenade-des-anglais,www.nice.fr,True
places/promenade-des-anglais.html,https://en.wikipedia.org/wiki/Promenade_des_Anglais,en.wikipedia.org,True
places/promenade-des-anglais.html,https://commons.wikimedia.org/wiki/File:Nice_promenade-anglais.jpg,commons.wikimedia.org,True
places/promenade-des-anglais.html,https://www.nice.fr/fr/patrimoine-et-culture/la-promenade-des-anglais,www.nice.fr,True
places/promenade-des-anglais.html,https://www.nice.fr/fr/patrimoine-et-culture/la-promenade-des-anglais,www.nice.fr,True
places/promenade-des-anglais.html,https://www.nice.fr/fr/patrimoine-et-culture/la-promenade-des-anglais,www.nice.fr,True
places/puertecillo-sagrada-familia.html,https://www.google.com/maps/dir/?api=1&destination=Puertecillo%20Sagrada%20Familia%2C%20Passatge%20de%20Sim%C3%B3%2018%2C%20Barcelona,www.google.com,True
places/puertecillo-sagrada-familia.html,https://puertecillo.es/puertecillo-sagrada-familia/,puertecillo.es,True
places/puertecillo-sagrada-familia.html,"https://www.google.com/maps/place/Puertecillo+Sagrada+Familia/@41.404494,2.1734418,17z/data=!3m1!4b1!4m6!3m5!1s0x12a4a2c33f9d6983:0x20e3e0cbae1446fe!8m2!3d41.404494!4d2.1734418!16s%2Fg%2F1hc2v7pw4?hl=en&amp;entry=ttu&amp;g_ep=EgoyMDI2MDgxOS4wIKXMDSoASAFQAw%3D%3D",www.google.com,True
places/puertecillo-sagrada-familia.html,https://puertecillo.es/puertecillo-sagrada-familia/,puertecillo.es,True
places/puertecillo-sagrada-familia.html,https://puertecillo.es/puertecillo-sagrada-familia/,puertecillo.es,True
places/puertecillo-sagrada-familia.html,https://puertecillo.es/puertecillo-sagrada-familia/,puertecillo.es,True
places/puertecillo-sagrada-familia.html,https://puertecillo.es/puertecillo-sagrada-familia/,puertecillo.es,True
places/puertecillo-sagrada-familia.html,https://puertecillo.es/puertecillo-sagrada-familia/,puertecillo.es,True
places/puertecillo-sagrada-familia.html,https://puertecillo.es/puertecillo-sagrada-familia/,puertecillo.es,True
places/restaurant-beatrice.html,https://www.google.com/maps/dir/?api=1&destination=Restaurant%20B%C3%A9atrice%2C%20Villa%20Ephrussi%20de%20Rothschild%2C%20Saint-Jean-Cap-Ferrat,www.google.com,True
places/restaurant-beatrice.html,https://www.villa-ephrussi.com/,www.villa-ephrussi.com,True
places/restaurant-beatrice.html,"https://www.google.com/maps/place/Salon+de+th%C3%A9+-+restaurant/@43.6966062,7.3284499,17z/data=!3m1!4b1!4m6!3m5!1s0x12cddb38f0cd9ed7:0x36b503ea1b718b6a!8m2!3d43.6966062!4d7.3284499!16s%2Fg%2F11fy1j_pyy?hl=en&amp;entry=ttu&amp;g_ep=EgoyMDI2MDgxOS4wIKXMDSoASAFQAw%3D%3D",www.google.com,True
places/restaurant-beatrice.html,https://www.villa-ephrussi.com/fr/preparer-sa-visite/le-restaurant-salon-de-the,www.villa-ephrussi.com,True
places/restaurant-beatrice.html,https://www.villa-ephrussi.com/,www.villa-ephrussi.com,True
places/restaurant-beatrice.html,https://www.villa-ephrussi.com/fr/preparer-sa-visite/le-restaurant-salon-de-the,www.villa-ephrussi.com,True
places/restaurant-beatrice.html,https://www.villa-ephrussi.com/,www.villa-ephrussi.com,True
places/restaurant-beatrice.html,https://www.villa-ephrussi.com/fr/preparer-sa-visite/le-restaurant-salon-de-the,www.villa-ephrussi.com,True
places/rocher-des-doms.html,https://www.google.com/maps/dir/?api=1&destination=Jardin%20du%20Rocher%20des%20Doms%2C%20Avignon,www.google.com,True
places/rocher-des-doms.html,https://www.avignon.fr/les-equipements/les-parcs-et-jardins/les-parcs-du-centre-ville/parc-du-rocher-des-doms,www.avignon.fr,True
places/rocher-des-doms.html,https://fr.wikipedia.org/wiki/Rocher_des_Doms,fr.wikipedia.org,True
places/rocher-des-doms.html,https://commons.wikimedia.org/wiki/File:Avignon_-_Jardin_des_Doms_(Rocher_des_Doms)_-_Lac_de_la_Promenade_du_Rocher-des-Doms_-_Panorama_View_on_Koi_pond_%26_V%C3%A9nus_aux_Hirondelles_1895_by_F%C3%A9lix_Charpentier_01.jpg,commons.wikimedia.org,True
places/rocher-des-doms.html,https://www.avignon.fr/les-equipements/les-parcs-et-jardins/les-parcs-du-centre-ville/parc-du-rocher-des-doms,www.avignon.fr,True
places/rocher-des-doms.html,https://www.avignon.fr/les-equipements/les-parcs-et-jardins/les-parcs-du-centre-ville/parc-du-rocher-des-doms,www.avignon.fr,True
places/rotonde.html,https://www.google.com/maps/dir/?api=1&destination=Fontaine%20de%20la%20Rotonde%2C%20Aix-en-Provence,www.google.com,True
places/rotonde.html,https://en.wikipedia.org/wiki/Fontaine_de_la_Rotonde,en.wikipedia.org,True
places/rotonde.html,https://commons.wikimedia.org/wiki/File:Fontaine_de_la_Rotonde_with_Cours_Mirabeau_in_the_distance_Aix_en_Provence.jpg,commons.wikimedia.org,True
places/rotonde.html,https://commons.wikimedia.org/wiki/File:Fontaine_de_la_Rotonde_-_Aix-en-Provence.JPG,commons.wikimedia.org,True
places/roussillon-sentier-des-ocres.html,https://www.google.com/maps/dir/?api=1&destination=Sentier%20des%20Ocres%2C%20Roussillon,www.google.com,True
places/roussillon-sentier-des-ocres.html,https://www.provenceguide.com/equipements/luberon/sentier-des-ocres/provence-821608-1.html,www.provenceguide.com,True
places/roussillon-sentier-des-ocres.html,"https://en.wikipedia.org/wiki/Roussillon,_Vaucluse",en.wikipedia.org,True
places/roussillon-sentier-des-ocres.html,"https://commons.wikimedia.org/wiki/File:Village_de_Roussillon,_Vaucluse,_France_-_panoramio.jpg",commons.wikimedia.org,True
places/roussillon-sentier-des-ocres.html,https://www.provenceguide.com/equipements/luberon/sentier-des-ocres/provence-821608-1.html,www.provenceguide.com,True
places/roussillon-sentier-des-ocres.html,https://www.provenceguide.com/equipements/luberon/sentier-des-ocres/provence-821608-1.html,www.provenceguide.com,True
places/roussillon-sentier-des-ocres.html,https://www.provenceguide.com/equipements/luberon/sentier-des-ocres/provence-821608-1.html,www.provenceguide.com,True
places/roussillon-sentier-des-ocres.html,https://www.provenceguide.com/equipements/luberon/sentier-des-ocres/provence-821608-1.html,www.provenceguide.com,True
places/roussillon-sentier-des-ocres.html,https://commons.wikimedia.org/wiki/File:Roussillon_chemin_des_ocres.jpg,commons.wikimedia.org,True
places/roussillon-sentier-des-ocres.html,https://commons.wikimedia.org/wiki/File:Roussillon_Vaucluse_sentier_des_ocres_2013_08.jpg,commons.wikimedia.org,True
places/sagrada-familia.html,https://www.google.com/maps/dir/?api=1&destination=Bas%C3%ADlica%20de%20la%20Sagrada%20Fam%C3%ADlia%2C%20Barcelona,www.google.com,True
places/sagrada-familia.html,https://sagradafamilia.org/en/schedules-how-to-get,sagradafamilia.org,True
places/sagrada-familia.html,https://en.wikipedia.org/wiki/Sagrada_Família,en.wikipedia.org,True
places/sagrada-familia.html,https://commons.wikimedia.org/wiki/File:Sagrada_Familia_Ext%C3%A9rieur.jpg,commons.wikimedia.org,True
places/sagrada-familia.html,https://sagradafamilia.org/en/schedules-how-to-get,sagradafamilia.org,True
places/sagrada-familia.html,https://sagradafamilia.org/en/schedules-how-to-get,sagradafamilia.org,True
places/sagrada-familia.html,https://sagradafamilia.org/en/prices,sagradafamilia.org,True
places/sagrada-familia.html,https://sagradafamilia.org,sagradafamilia.org,True
places/sagrada-familia.html,https://commons.wikimedia.org/wiki/File:Av_Gaud%C3%AD_i_Sagrada_Familia_vist_des_del_Pavell%C3%B3_de_l%27Administraci%C3%B3_de_l%27Hospital_de_Sant_Pau.JPG,commons.wikimedia.org,True
places/saint-paul-de-mausole.html,https://www.google.com/maps/dir/?api=1&destination=Monast%C3%A8re%20Saint-Paul%20de%20Mausole%2C%20Saint-R%C3%A9my-de-Provence,www.google.com,True
places/saint-paul-de-mausole.html,https://www.saintpauldemausole.fr/,www.saintpauldemausole.fr,True
places/saint-paul-de-mausole.html,https://en.wikipedia.org/wiki/Monastery_of_Saint-Paul_de_Mausole,en.wikipedia.org,True
places/saint-paul-de-mausole.html,https://commons.wikimedia.org/wiki/File:Chevet_de_Saint-Paul_de_Mausole.JPG,commons.wikimedia.org,True
places/saint-paul-de-mausole.html,https://www.saintpauldemausole.fr/van-gogh.html,www.saintpauldemausole.fr,True
places/saint-paul-de-mausole.html,https://www.saintpauldemausole.fr/van-gogh.html,www.saintpauldemausole.fr,True
places/saint-paul-de-mausole.html,https://www.saintpauldemausole.fr/,www.saintpauldemausole.fr,True
places/saint-paul-de-vence.html,https://www.google.com/maps/dir/?api=1&destination=Saint-Paul-de-Vence%2C%20France,www.google.com,True
places/saint-paul-de-vence.html,https://www.saint-pauldevence.com/en/practical-information/,www.saint-pauldevence.com,True
places/saint-paul-de-vence.html,https://en.wikipedia.org/wiki/Saint-Paul-de-Vence,en.wikipedia.org,True
places/saint-paul-de-vence.html,https://commons.wikimedia.org/wiki/File:Vues_g%C3%A9n%C3%A9rales_-_Saint-Paul-de-Vence.jpg,commons.wikimedia.org,True
places/saint-paul-de-vence.html,https://www.saint-pauldevence.com/en/practical-information/,www.saint-pauldevence.com,True
places/saint-paul-de-vence.html,https://www.saint-pauldevence.com/en/practical-information/,www.saint-pauldevence.com,True
places/saint-paul-de-vence.html,https://www.saint-pauldevence.com/en/practical-information/,www.saint-pauldevence.com,True
places/saint-remy-de-provence.html,https://www.google.com/maps/dir/?api=1&destination=Saint-R%C3%A9my-de-Provence%2C%20France,www.google.com,True
places/saint-remy-de-provence.html,https://www.alpillesenprovence.com/en/fiches/weekly-provencal-market-of-saint-remy-de-provence/,www.alpillesenprovence.com,True
places/saint-remy-de-provence.html,https://en.wikipedia.org/wiki/Saint-Rémy-de-Provence,en.wikipedia.org,True
places/saint-remy-de-provence.html,https://commons.wikimedia.org/wiki/File:Saint-R%C3%A9my-de-Provence_-_54740044205.jpg,commons.wikimedia.org,True
places/saint-remy-de-provence.html,https://www.alpillesenprovence.com/en/fiches/weekly-provencal-market-of-saint-remy-de-provence/,www.alpillesenprovence.com,True
places/sant-pau-recinte-modernista.html,https://www.google.com/maps/dir/?api=1&destination=Recinte%20Modernista%20de%20Sant%20Pau%2C%20Barcelona,www.google.com,True
places/sant-pau-recinte-modernista.html,https://santpaubarcelona.org/en/prepara-la-teva-visita/,santpaubarcelona.org,True
places/sant-pau-recinte-modernista.html,https://en.wikipedia.org/wiki/Hospital_de_Sant_Pau,en.wikipedia.org,True
places/sant-pau-recinte-modernista.html,"https://commons.wikimedia.org/wiki/File:Hospital_Sant_Pau,_main_facade.jpg",commons.wikimedia.org,True
places/sant-pau-recinte-modernista.html,https://santpaubarcelona.org/en/prepara-la-teva-visita/,santpaubarcelona.org,True
places/sant-pau-recinte-modernista.html,https://santpaubarcelona.org/en/prepara-la-teva-visita/,santpaubarcelona.org,True
places/sant-pau-recinte-modernista.html,https://santpaubarcelona.org,santpaubarcelona.org,True
places/sawadee-paris.html,https://www.google.com/maps/dir/?api=1&destination=Sawadee%2C%2053%20avenue%20%C3%89mile%20Zola%2C%20Paris,www.google.com,True
places/sawadee-paris.html,https://www.sawadeethai1988.com/,www.sawadeethai1988.com,True
places/sawadee-paris.html,"https://www.google.com/maps/place/Sawadee/@48.8465306,2.2836849,17z/data=!3m1!4b1!4m6!3m5!1s0x47e6700f422ed339:0x763cda18d5e5f454!8m2!3d48.8465306!4d2.2836849!16s%2Fg%2F1td1j97m?hl=en&amp;entry=ttu&amp;g_ep=EgoyMDI2MDgyMy4wIKXMDSoASAFQAw%3D%3D",www.google.com,True
places/sawadee-paris.html,https://www.sawadeethai1988.com/,www.sawadeethai1988.com,True
places/sawadee-paris.html,https://www.sawadeethai1988.com/,www.sawadeethai1988.com,True
places/sawadee-paris.html,https://www.sawadeethai1988.com/,www.sawadeethai1988.com,True
places/sawadee-paris.html,https://www.sawadeethai1988.com/,www.sawadeethai1988.com,True
places/sawadee-paris.html,https://www.sawadeethai1988.com/,www.sawadeethai1988.com,True
places/sitges.html,https://www.google.com/maps/dir/?api=1&destination=Sitges%2C%20Barcelona%2C%20Spain,www.google.com,True
places/sitges.html,https://en.wikipedia.org/wiki/Sitges,en.wikipedia.org,True
places/sitges.html,https://commons.wikimedia.org/wiki/File:Sitges_-_Ansicht_4.jpg,commons.wikimedia.org,True
places/stephane-martin.html,https://www.google.com/maps/dir/?api=1&destination=St%C3%A9phane%20Martin%2C%2067%20rue%20des%20Entrepreneurs%2C%20Paris,www.google.com,True
places/stephane-martin.html,https://www.stephanemartin.com/,www.stephanemartin.com,True
places/stephane-martin.html,"https://www.google.com/maps/place/St%C3%A9phane+Martin/@48.8450315,2.2898198,17z/data=!3m1!4b1!4m6!3m5!1s0x47e6701053e5dcd5:0x7485e3e7e11468b2!8m2!3d48.8450315!4d2.2898198!16s%2Fg%2F1tj49srx?hl=en&amp;entry=ttu&amp;g_ep=EgoyMDI2MDgyMy4wIKXMDSoASAFQAw%3D%3D",www.google.com,True
places/stephane-martin.html,https://www.stephanemartin.com/,www.stephanemartin.com,True
places/stephane-martin.html,https://www.stephanemartin.com/,www.stephanemartin.com,True
places/stephane-martin.html,https://www.stephanemartin.com/,www.stephanemartin.com,True
places/stephane-martin.html,https://www.stephanemartin.com/,www.stephanemartin.com,True
places/stephane-martin.html,https://www.stephanemartin.com/,www.stephanemartin.com,True
places/theatre-antique-arles.html,https://www.google.com/maps/dir/?api=1&destination=Th%C3%A9%C3%A2tre%20Antique%20d%27Arles%2C%20Arles,www.google.com,True
places/theatre-antique-arles.html,https://www.arlestourisme.com/en/practical-information-monuments.html,www.arlestourisme.com,True
places/theatre-antique-arles.html,https://en.wikipedia.org/wiki/Roman_Theatre_of_Arles,en.wikipedia.org,True
places/theatre-antique-arles.html,"https://commons.wikimedia.org/wiki/File:Roman_theatre,_Arles_-_panoramio.jpg",commons.wikimedia.org,True
places/theatre-antique-arles.html,https://www.arlestourisme.com/en/practical-information-monuments.html,www.arlestourisme.com,True
places/theatre-antique-arles.html,https://www.arlestourisme.com/en/practical-information-monuments.html,www.arlestourisme.com,True
places/theatre-antique-arles.html,https://www.arlestourisme.com/en/practical-information-monuments.html,www.arlestourisme.com,True
places/uzes.html,https://www.google.com/maps/dir/?api=1&destination=Place%20aux%20Herbes%2C%20Uz%C3%A8s,www.google.com,True
places/uzes.html,https://www.uzes-pontdugard.com/en/,www.uzes-pontdugard.com,True
places/uzes.html,https://en.wikipedia.org/wiki/Uzès,en.wikipedia.org,True
places/uzes.html,https://commons.wikimedia.org/wiki/File:Uz%C3%A8s-Place_aux_Herbes-20140501.jpg,commons.wikimedia.org,True
places/uzes.html,https://www.uzes-pontdugard.com/en/,www.uzes-pontdugard.com,True
places/versailles.html,https://www.google.com/maps/dir/?api=1&destination=Ch%C3%A2teau%20de%20Versailles%2C%20Versailles,www.google.com,True
places/versailles.html,https://en.chateauversailles.fr/plan-your-visit/practical-information,en.chateauversailles.fr,True
places/versailles.html,https://en.wikipedia.org/wiki/Palace_of_Versailles,en.wikipedia.org,True
places/versailles.html,https://commons.wikimedia.org/wiki/File:Parterre_du_Midi_Garden_pond_and_Palace_of_Versailles_at_golden_hour_with_blue_sky_in_France.jpg,commons.wikimedia.org,True
places/versailles.html,https://en.chateauversailles.fr/plan-your-visit/practical-information,en.chateauversailles.fr,True
places/versailles.html,https://en.chateauversailles.fr/plan-your-visit/practical-information,en.chateauversailles.fr,True
places/versailles.html,https://en.chateauversailles.fr/plan-your-visit/practical-information,en.chateauversailles.fr,True
places/versailles.html,https://commons.wikimedia.org/wiki/File:Vue_a%C3%A9rienne_du_domaine_de_Versailles_par_ToucanWings_-_Creative_Commons_By_Sa_3.0_-_113.jpg,commons.wikimedia.org,True
places/versailles.html,"https://commons.wikimedia.org/wiki/File:Petit_Trianon,_Versailles,_29_September_2012.jpg",commons.wikimedia.org,True
places/vieil-aix.html,https://www.google.com/maps/dir/?api=1&destination=Place%20de%20l%27H%C3%B4tel%20de%20Ville%2C%20Aix-en-Provence,www.google.com,True
places/vieil-aix.html,https://fr.wikipedia.org/wiki/Aix-en-Provence,fr.wikipedia.org,True
places/vieil-aix.html,https://commons.wikimedia.org/wiki/File:Aix-en-Provence_(13)_Place_d%27Albertas_949.jpg,commons.wikimedia.org,True
places/vieux-lyon.html,https://www.google.com/maps/dir/?api=1&destination=Cath%C3%A9drale%20Saint-Jean-Baptiste%2C%20Lyon,www.google.com,True
places/vieux-lyon.html,https://cathedrale-lyon.fr/cathedrale/,cathedrale-lyon.fr,True
places/vieux-lyon.html,https://en.wikipedia.org/wiki/Vieux_Lyon,en.wikipedia.org,True
places/vieux-lyon.html,https://commons.wikimedia.org/wiki/File:Vieux_Lyon_(25667252093).jpg,commons.wikimedia.org,True
places/vieux-lyon.html,https://cathedrale-lyon.fr/cathedrale/,cathedrale-lyon.fr,True
places/vieux-lyon.html,https://commons.wikimedia.org/wiki/File:Cath%C3%A9drale_Saint-Jean-Baptiste_@_Lyon_(35581360383).jpg,commons.wikimedia.org,True
places/vieux-lyon.html,https://commons.wikimedia.org/wiki/File:Lyon_-_Traboule_de_la_Rue_du_Boeuf_(16163505286).jpg,commons.wikimedia.org,True
places/vieux-nice.html,https://www.google.com/maps/dir/?api=1&destination=Vieux%20Nice%2C%20Nice,www.google.com,True
places/vieux-nice.html,https://www.explorenicecotedazur.com/en/culture/cours-saleya/,www.explorenicecotedazur.com,True
places/vieux-nice.html,https://fr.wikipedia.org/wiki/Vieux-Nice,fr.wikipedia.org,True
places/vieux-nice.html,https://commons.wikimedia.org/wiki/File:Vue_du_Vieux-Nice.jpg,commons.wikimedia.org,True
places/vieux-nice.html,https://www.explorenicecotedazur.com/en/event/marche-a-la-brocante-saleya/,www.explorenicecotedazur.com,True
places/vieux-nice.html,https://www.explorenicecotedazur.com/en/culture/cours-saleya/,www.explorenicecotedazur.com,True
places/vieux-nice.html,https://www.explorenicecotedazur.com/en/culture/cours-saleya/,www.explorenicecotedazur.com,True
places/vieux-port-marseille.html,https://www.google.com/maps/dir/?api=1&destination=Vieux-Port%20de%20Marseille%2C%20Marseille,www.google.com,True
places/vieux-port-marseille.html,https://www.marseille-tourisme.com/en/discover-marseille/culture-heritage/discover-the-sites-and-monuments-in-marseille/the-old-port/,www.marseille-tourisme.com,True
places/vieux-port-marseille.html,https://en.wikipedia.org/wiki/Old_Port_of_Marseille,en.wikipedia.org,True
places/vieux-port-marseille.html,"https://commons.wikimedia.org/wiki/File:Vieux-Port_de_Marseille,_France.jpg",commons.wikimedia.org,True
places/vieux-port-marseille.html,https://www.marseille-tourisme.com/decouvrez-marseille/traditions/marche-aux-poissons-marseille/,www.marseille-tourisme.com,True
places/vieux-port-marseille.html,https://www.marseille-tourisme.com/en/discover-marseille/culture-heritage/discover-the-sites-and-monuments-in-marseille/the-old-port/,www.marseille-tourisme.com,True
places/vieux-port-marseille.html,https://www.marseille-tourisme.com/en/discover-marseille/culture-heritage/discover-the-sites-and-monuments-in-marseille/the-old-port/,www.marseille-tourisme.com,True
places/villa-ephrussi-de-rothschild.html,https://www.google.com/maps/dir/?api=1&destination=Villa%20Ephrussi%20de%20Rothschild%2C%20Saint-Jean-Cap-Ferrat,www.google.com,True
places/villa-ephrussi-de-rothschild.html,https://www.villa-ephrussi.com/,www.villa-ephrussi.com,True
places/villa-ephrussi-de-rothschild.html,https://en.wikipedia.org/wiki/Villa_Ephrussi_de_Rothschild,en.wikipedia.org,True
places/villa-ephrussi-de-rothschild.html,https://commons.wikimedia.org/wiki/File:Villa_ephrussi_de_rothschild.jpg,commons.wikimedia.org,True
places/villa-ephrussi-de-rothschild.html,https://www.villa-ephrussi.com/,www.villa-ephrussi.com,True
places/villa-ephrussi-de-rothschild.html,https://www.villa-ephrussi.com/,www.villa-ephrussi.com,True
places/villa-ephrussi-de-rothschild.html,https://www.explorenicecotedazur.com/en/culture/villa-et-jardins-ephrussi-de-rothschild-2/,www.explorenicecotedazur.com,True
places/villa-ephrussi-de-rothschild.html,https://www.villa-ephrussi.com/,www.villa-ephrussi.com,True
places/villa-ephrussi-de-rothschild.html,https://www.villa-ephrussi.com/,www.villa-ephrussi.com,True
places/village-des-bories.html,https://www.google.com/maps/dir/?api=1&destination=Village%20des%20Bories%2C%20Gordes,www.google.com,True
places/village-des-bories.html,https://www.levillagedesbories.com/informations-pratiques.php,www.levillagedesbories.com,True
places/village-des-bories.html,https://en.wikipedia.org/wiki/Village_des_Bories,en.wikipedia.org,True
places/village-des-bories.html,https://commons.wikimedia.org/wiki/File:Village_des_bories._1.jpg,commons.wikimedia.org,True
places/village-des-bories.html,https://www.levillagedesbories.com/informations-pratiques.php,www.levillagedesbories.com,True
places/village-des-bories.html,https://www.levillagedesbories.com/informations-pratiques.php,www.levillagedesbories.com,True
