source,target,href
index.html,schedule.html,schedule.html
index.html,guide/barcelona.html,guide/barcelona.html
index.html,guide/girona.html,guide/girona.html
index.html,guide/nice.html,guide/nice.html
index.html,guide/aix.html,guide/aix.html
index.html,guide/luberon.html,guide/luberon.html
index.html,guide/avignon.html,guide/avignon.html
index.html,guide/lyon.html,guide/lyon.html
index.html,guide/paris.html,guide/paris.html
offline-fallback.html,index.html,index.html
offline-fallback.html,offline.html,offline.html
schedule.html,guide/barcelona.html,guide/barcelona.html
schedule.html,daily/day-01.html,./daily/day-01.html
schedule.html,daily/day-02.html,./daily/day-02.html
schedule.html,daily/day-03.html,./daily/day-03.html
schedule.html,guide/girona.html,guide/girona.html
schedule.html,daily/day-04.html,./daily/day-04.html
schedule.html,daily/day-05.html,./daily/day-05.html
schedule.html,daily/day-06.html,./daily/day-06.html
schedule.html,guide/nice.html,guide/nice.html
schedule.html,daily/day-07.html,./daily/day-07.html
schedule.html,daily/day-08.html,./daily/day-08.html
schedule.html,daily/day-09.html,./daily/day-09.html
schedule.html,daily/day-10.html,./daily/day-10.html
schedule.html,daily/day-11.html,./daily/day-11.html
schedule.html,guide/aix.html,guide/aix.html
schedule.html,daily/day-12.html,./daily/day-12.html
schedule.html,daily/day-13.html,./daily/day-13.html
schedule.html,daily/day-14.html,./daily/day-14.html
schedule.html,daily/day-15.html,./daily/day-15.html
schedule.html,guide/luberon.html,guide/luberon.html
schedule.html,daily/day-16.html,./daily/day-16.html
schedule.html,daily/day-17.html,./daily/day-17.html
schedule.html,guide/avignon.html,guide/avignon.html
schedule.html,daily/day-18.html,./daily/day-18.html
schedule.html,daily/day-19.html,./daily/day-19.html
schedule.html,daily/day-20.html,./daily/day-20.html
schedule.html,daily/day-21.html,./daily/day-21.html
schedule.html,daily/day-22.html,./daily/day-22.html
schedule.html,guide/lyon.html,guide/lyon.html
schedule.html,daily/day-23.html,./daily/day-23.html
schedule.html,daily/day-24.html,./daily/day-24.html
schedule.html,daily/day-25.html,./daily/day-25.html
schedule.html,daily/day-26.html,./daily/day-26.html
schedule.html,guide/paris.html,guide/paris.html
schedule.html,daily/day-27.html,./daily/day-27.html
schedule.html,daily/day-28.html,./daily/day-28.html
schedule.html,daily/day-29.html,./daily/day-29.html
schedule.html,daily/day-30.html,./daily/day-30.html
schedule.html,daily/day-31.html,./daily/day-31.html
schedule.html,daily/day-32.html,./daily/day-32.html
schedule.html,daily/day-33.html,./daily/day-33.html
schedule.html,daily/day-34.html,./daily/day-34.html
schedule.html,daily/day-35.html,./daily/day-35.html
schedule.html,daily/day-36.html,./daily/day-36.html
schedule.html,daily/day-37.html,./daily/day-37.html
schedule.html,daily/day-38.html,./daily/day-38.html
schedule.html,daily/day-39.html,./daily/day-39.html
schedule.html,daily/day-40.html,./daily/day-40.html
schedule.html,daily/day-41.html,./daily/day-41.html
schedule.html,daily/day-42.html,./daily/day-42.html
schedule.html,daily/day-43.html,./daily/day-43.html
daily/day-01.html,daily/day-02.html,../daily/day-02.html
daily/day-02.html,places/sant-pau-recinte-modernista.html,../places/sant-pau-recinte-modernista.html
daily/day-02.html,places/sant-pau-recinte-modernista.html,../places/sant-pau-recinte-modernista.html
daily/day-02.html,places/sant-pau-recinte-modernista.html,../places/sant-pau-recinte-modernista.html
daily/day-02.html,places/sant-pau-recinte-modernista.html,../places/sant-pau-recinte-modernista.html
daily/day-02.html,places/puertecillo-sagrada-familia.html,../places/puertecillo-sagrada-familia.html
daily/day-02.html,places/puertecillo-sagrada-familia.html,../places/puertecillo-sagrada-familia.html
daily/day-02.html,places/sagrada-familia.html,../places/sagrada-familia.html
daily/day-02.html,places/sagrada-familia.html,../places/sagrada-familia.html
daily/day-02.html,places/bodega-joan.html,../places/bodega-joan.html
daily/day-02.html,places/bodega-joan.html,../places/bodega-joan.html
daily/day-02.html,places/sant-pau-recinte-modernista.html,../places/sant-pau-recinte-modernista.html
daily/day-02.html,places/puertecillo-sagrada-familia.html,../places/puertecillo-sagrada-familia.html
daily/day-02.html,places/sagrada-familia.html,../places/sagrada-familia.html
daily/day-02.html,places/bodega-joan.html,../places/bodega-joan.html
daily/day-02.html,daily/day-01.html,../daily/day-01.html
daily/day-02.html,daily/day-03.html,../daily/day-03.html
daily/day-03.html,places/mercat-concepcio.html,../places/mercat-concepcio.html
daily/day-03.html,places/mercat-concepcio.html,../places/mercat-concepcio.html
daily/day-03.html,places/mercat-concepcio.html,../places/mercat-concepcio.html
daily/day-03.html,places/mercat-concepcio.html,../places/mercat-concepcio.html
daily/day-03.html,places/barri-gotic.html,../places/barri-gotic.html
daily/day-03.html,places/barri-gotic.html,../places/barri-gotic.html
daily/day-03.html,places/biblioteca-de-catalunya.html,../places/biblioteca-de-catalunya.html
daily/day-03.html,places/biblioteca-de-catalunya.html,../places/biblioteca-de-catalunya.html
daily/day-03.html,places/bar-canete.html,../places/bar-canete.html
daily/day-03.html,places/bar-canete.html,../places/bar-canete.html
daily/day-03.html,places/macba.html,../places/macba.html
daily/day-03.html,places/macba.html,../places/macba.html
daily/day-03.html,places/mercat-concepcio.html,../places/mercat-concepcio.html
daily/day-03.html,places/barri-gotic.html,../places/barri-gotic.html
daily/day-03.html,places/biblioteca-de-catalunya.html,../places/biblioteca-de-catalunya.html
daily/day-03.html,places/bar-canete.html,../places/bar-canete.html
daily/day-03.html,places/macba.html,../places/macba.html
daily/day-03.html,daily/day-02.html,../daily/day-02.html
daily/day-03.html,daily/day-04.html,../daily/day-04.html
daily/day-04.html,places/barcelona-sants.html,../places/barcelona-sants.html
daily/day-04.html,places/barcelona-sants.html,../places/barcelona-sants.html
daily/day-04.html,places/barcelona-sants.html,../places/barcelona-sants.html
daily/day-04.html,places/barcelona-sants.html,../places/barcelona-sants.html
daily/day-04.html,places/cau-ferrat.html,../places/cau-ferrat.html
daily/day-04.html,places/cau-ferrat.html,../places/cau-ferrat.html
daily/day-04.html,places/la-zorra.html,../places/la-zorra.html
daily/day-04.html,places/la-zorra.html,../places/la-zorra.html
daily/day-04.html,places/barcelona-sants.html,../places/barcelona-sants.html
daily/day-04.html,places/cau-ferrat.html,../places/cau-ferrat.html
daily/day-04.html,places/la-zorra.html,../places/la-zorra.html
daily/day-04.html,daily/day-03.html,../daily/day-03.html
daily/day-04.html,daily/day-05.html,../daily/day-05.html
daily/day-05.html,places/collioure.html,../places/collioure.html
daily/day-05.html,places/collioure.html,../places/collioure.html
daily/day-05.html,places/collioure.html,../places/collioure.html
daily/day-05.html,places/collioure.html,../places/collioure.html
daily/day-05.html,places/collioure.html,../places/collioure.html
daily/day-05.html,places/collioure.html,../places/collioure.html
daily/day-05.html,places/collioure.html,../places/collioure.html
daily/day-05.html,places/collioure.html,../places/collioure.html
daily/day-05.html,daily/day-04.html,../daily/day-04.html
daily/day-05.html,daily/day-06.html,../daily/day-06.html
daily/day-06.html,places/pals.html,../places/pals.html
daily/day-06.html,places/pals.html,../places/pals.html
daily/day-06.html,places/peratallada.html,../places/peratallada.html
daily/day-06.html,places/peratallada.html,../places/peratallada.html
daily/day-06.html,places/pals.html,../places/pals.html
daily/day-06.html,places/peratallada.html,../places/peratallada.html
daily/day-06.html,daily/day-05.html,../daily/day-05.html
daily/day-06.html,daily/day-07.html,../daily/day-07.html
daily/day-07.html,places/nce-airport-tram.html,../places/nce-airport-tram.html
daily/day-07.html,places/nce-airport-tram.html,../places/nce-airport-tram.html
daily/day-07.html,places/promenade-des-anglais.html,../places/promenade-des-anglais.html
daily/day-07.html,places/promenade-des-anglais.html,../places/promenade-des-anglais.html
daily/day-07.html,places/nce-airport-tram.html,../places/nce-airport-tram.html
daily/day-07.html,places/promenade-des-anglais.html,../places/promenade-des-anglais.html
daily/day-07.html,daily/day-06.html,../daily/day-06.html
daily/day-07.html,daily/day-08.html,../daily/day-08.html
daily/day-08.html,places/cours-saleya.html,../places/cours-saleya.html
daily/day-08.html,places/cours-saleya.html,../places/cours-saleya.html
daily/day-08.html,places/cours-saleya.html,../places/cours-saleya.html
daily/day-08.html,places/cours-saleya.html,../places/cours-saleya.html
daily/day-08.html,places/vieux-nice.html,../places/vieux-nice.html
daily/day-08.html,places/vieux-nice.html,../places/vieux-nice.html
daily/day-08.html,places/vieux-nice.html,../places/vieux-nice.html
daily/day-08.html,places/vieux-nice.html,../places/vieux-nice.html
daily/day-08.html,places/colline-du-chateau.html,../places/colline-du-chateau.html
daily/day-08.html,places/colline-du-chateau.html,../places/colline-du-chateau.html
daily/day-08.html,places/promenade-des-anglais.html,../places/promenade-des-anglais.html
daily/day-08.html,places/promenade-des-anglais.html,../places/promenade-des-anglais.html
daily/day-08.html,places/cours-saleya.html,../places/cours-saleya.html
daily/day-08.html,places/vieux-nice.html,../places/vieux-nice.html
daily/day-08.html,places/vieux-nice.html,../places/vieux-nice.html
daily/day-08.html,places/colline-du-chateau.html,../places/colline-du-chateau.html
daily/day-08.html,places/promenade-des-anglais.html,../places/promenade-des-anglais.html
daily/day-08.html,daily/day-07.html,../daily/day-07.html
daily/day-08.html,daily/day-09.html,../daily/day-09.html
daily/day-09.html,places/nice-ville.html,../places/nice-ville.html
daily/day-09.html,places/nice-ville.html,../places/nice-ville.html
daily/day-09.html,places/nice-ville.html,../places/nice-ville.html
daily/day-09.html,places/nice-ville.html,../places/nice-ville.html
daily/day-09.html,places/le-figuier-de-saint-esprit.html,../places/le-figuier-de-saint-esprit.html
daily/day-09.html,places/le-figuier-de-saint-esprit.html,../places/le-figuier-de-saint-esprit.html
daily/day-09.html,places/cannes.html,../places/cannes.html
daily/day-09.html,places/cannes.html,../places/cannes.html
daily/day-09.html,places/le-suquet.html,../places/le-suquet.html
daily/day-09.html,places/le-suquet.html,../places/le-suquet.html
daily/day-09.html,places/cannes.html,../places/cannes.html
daily/day-09.html,places/cannes.html,../places/cannes.html
daily/day-09.html,places/nice-ville.html,../places/nice-ville.html
daily/day-09.html,places/le-figuier-de-saint-esprit.html,../places/le-figuier-de-saint-esprit.html
daily/day-09.html,places/cannes.html,../places/cannes.html
daily/day-09.html,places/le-suquet.html,../places/le-suquet.html
daily/day-09.html,places/cannes.html,../places/cannes.html
daily/day-09.html,daily/day-08.html,../daily/day-08.html
daily/day-09.html,daily/day-10.html,../daily/day-10.html
daily/day-10.html,places/nice-ville.html,../places/nice-ville.html
daily/day-10.html,places/nice-ville.html,../places/nice-ville.html
daily/day-10.html,places/nice-ville.html,../places/nice-ville.html
daily/day-10.html,places/nice-ville.html,../places/nice-ville.html
daily/day-10.html,places/le-rocher.html,../places/le-rocher.html
daily/day-10.html,places/le-rocher.html,../places/le-rocher.html
daily/day-10.html,places/monaco.html,../places/monaco.html
daily/day-10.html,places/monaco.html,../places/monaco.html
daily/day-10.html,places/menton.html,../places/menton.html
daily/day-10.html,places/menton.html,../places/menton.html
daily/day-10.html,places/menton.html,../places/menton.html
daily/day-10.html,places/menton.html,../places/menton.html
daily/day-10.html,places/nice-ville.html,../places/nice-ville.html
daily/day-10.html,places/le-rocher.html,../places/le-rocher.html
daily/day-10.html,places/monaco.html,../places/monaco.html
daily/day-10.html,places/menton.html,../places/menton.html
daily/day-10.html,places/menton.html,../places/menton.html
daily/day-10.html,daily/day-09.html,../daily/day-09.html
daily/day-10.html,daily/day-11.html,../daily/day-11.html
daily/day-11.html,places/nice-ville.html,../places/nice-ville.html
daily/day-11.html,places/nice-ville.html,../places/nice-ville.html
daily/day-11.html,places/nice-ville.html,../places/nice-ville.html
daily/day-11.html,places/nice-ville.html,../places/nice-ville.html
daily/day-11.html,places/villa-ephrussi-de-rothschild.html,../places/villa-ephrussi-de-rothschild.html
daily/day-11.html,places/villa-ephrussi-de-rothschild.html,../places/villa-ephrussi-de-rothschild.html
daily/day-11.html,places/restaurant-beatrice.html,../places/restaurant-beatrice.html
daily/day-11.html,places/restaurant-beatrice.html,../places/restaurant-beatrice.html
daily/day-11.html,places/nice-ville.html,../places/nice-ville.html
daily/day-11.html,places/villa-ephrussi-de-rothschild.html,../places/villa-ephrussi-de-rothschild.html
daily/day-11.html,places/restaurant-beatrice.html,../places/restaurant-beatrice.html
daily/day-11.html,daily/day-10.html,../daily/day-10.html
daily/day-11.html,daily/day-12.html,../daily/day-12.html
daily/day-12.html,places/nice-ville.html,../places/nice-ville.html
daily/day-12.html,places/nice-ville.html,../places/nice-ville.html
daily/day-12.html,places/nice-ville.html,../places/nice-ville.html
daily/day-12.html,places/nice-ville.html,../places/nice-ville.html
daily/day-12.html,places/saint-paul-de-vence.html,../places/saint-paul-de-vence.html
daily/day-12.html,places/saint-paul-de-vence.html,../places/saint-paul-de-vence.html
daily/day-12.html,places/grasse.html,../places/grasse.html
daily/day-12.html,places/grasse.html,../places/grasse.html
daily/day-12.html,places/rotonde.html,../places/rotonde.html
daily/day-12.html,places/rotonde.html,../places/rotonde.html
daily/day-12.html,places/nice-ville.html,../places/nice-ville.html
daily/day-12.html,places/saint-paul-de-vence.html,../places/saint-paul-de-vence.html
daily/day-12.html,places/grasse.html,../places/grasse.html
daily/day-12.html,places/rotonde.html,../places/rotonde.html
daily/day-12.html,daily/day-11.html,../daily/day-11.html
daily/day-12.html,daily/day-13.html,../daily/day-13.html
daily/day-13.html,places/place-richelme-place-des-precheurs.html,../places/place-richelme-place-des-precheurs.html
daily/day-13.html,places/place-richelme-place-des-precheurs.html,../places/place-richelme-place-des-precheurs.html
daily/day-13.html,places/place-richelme-place-des-precheurs.html,../places/place-richelme-place-des-precheurs.html
daily/day-13.html,places/patisserie-weibel.html,../places/patisserie-weibel.html
daily/day-13.html,places/place-richelme-place-des-precheurs.html,../places/place-richelme-place-des-precheurs.html
daily/day-13.html,places/vieil-aix.html,../places/vieil-aix.html
daily/day-13.html,places/vieil-aix.html,../places/vieil-aix.html
daily/day-13.html,places/vieil-aix.html,../places/vieil-aix.html
daily/day-13.html,places/vieil-aix.html,../places/vieil-aix.html
daily/day-13.html,places/atelier-des-lauves.html,../places/atelier-des-lauves.html
daily/day-13.html,places/atelier-des-lauves.html,../places/atelier-des-lauves.html
daily/day-13.html,places/musee-granet.html,../places/musee-granet.html
daily/day-13.html,places/musee-granet.html,../places/musee-granet.html
daily/day-13.html,places/cours-mirabeau.html,../places/cours-mirabeau.html
daily/day-13.html,places/cours-mirabeau.html,../places/cours-mirabeau.html
daily/day-13.html,places/place-richelme-place-des-precheurs.html,../places/place-richelme-place-des-precheurs.html
daily/day-13.html,places/vieil-aix.html,../places/vieil-aix.html
daily/day-13.html,places/vieil-aix.html,../places/vieil-aix.html
daily/day-13.html,places/atelier-des-lauves.html,../places/atelier-des-lauves.html
daily/day-13.html,places/musee-granet.html,../places/musee-granet.html
daily/day-13.html,places/cours-mirabeau.html,../places/cours-mirabeau.html
daily/day-13.html,daily/day-12.html,../daily/day-12.html
daily/day-13.html,daily/day-14.html,../daily/day-14.html
daily/day-14.html,places/cassis.html,../places/cassis.html
daily/day-14.html,places/cassis.html,../places/cassis.html
daily/day-14.html,places/cassis.html,../places/cassis.html
daily/day-14.html,places/cassis.html,../places/cassis.html
daily/day-14.html,places/calanques.html,../places/calanques.html
daily/day-14.html,places/calanques.html,../places/calanques.html
daily/day-14.html,places/cassis.html,../places/cassis.html
daily/day-14.html,places/cassis.html,../places/cassis.html
daily/day-14.html,places/chez-gilbert-cassis.html,../places/chez-gilbert-cassis.html
daily/day-14.html,places/chez-gilbert-cassis.html,../places/chez-gilbert-cassis.html
daily/day-14.html,places/cassis.html,../places/cassis.html
daily/day-14.html,places/cassis.html,../places/cassis.html
daily/day-14.html,places/cassis.html,../places/cassis.html
daily/day-14.html,places/cassis.html,../places/cassis.html
daily/day-14.html,places/cassis.html,../places/cassis.html
daily/day-14.html,places/calanques.html,../places/calanques.html
daily/day-14.html,places/cassis.html,../places/cassis.html
daily/day-14.html,places/chez-gilbert-cassis.html,../places/chez-gilbert-cassis.html
daily/day-14.html,places/cassis.html,../places/cassis.html
daily/day-14.html,places/cassis.html,../places/cassis.html
daily/day-14.html,daily/day-13.html,../daily/day-13.html
daily/day-14.html,daily/day-15.html,../daily/day-15.html
daily/day-15.html,places/vieux-port-marseille.html,../places/vieux-port-marseille.html
daily/day-15.html,places/vieux-port-marseille.html,../places/vieux-port-marseille.html
daily/day-15.html,places/le-panier.html,../places/le-panier.html
daily/day-15.html,places/le-panier.html,../places/le-panier.html
daily/day-15.html,places/mucem.html,../places/mucem.html
daily/day-15.html,places/mucem.html,../places/mucem.html
daily/day-15.html,places/vieux-port-marseille.html,../places/vieux-port-marseille.html
daily/day-15.html,places/vieux-port-marseille.html,../places/vieux-port-marseille.html
daily/day-15.html,places/notre-dame-de-la-garde.html,../places/notre-dame-de-la-garde.html
daily/day-15.html,places/notre-dame-de-la-garde.html,../places/notre-dame-de-la-garde.html
daily/day-15.html,places/marseille.html,../places/marseille.html
daily/day-15.html,places/marseille.html,../places/marseille.html
daily/day-15.html,places/vieux-port-marseille.html,../places/vieux-port-marseille.html
daily/day-15.html,places/le-panier.html,../places/le-panier.html
daily/day-15.html,places/mucem.html,../places/mucem.html
daily/day-15.html,places/vieux-port-marseille.html,../places/vieux-port-marseille.html
daily/day-15.html,places/notre-dame-de-la-garde.html,../places/notre-dame-de-la-garde.html
daily/day-15.html,places/marseille.html,../places/marseille.html
daily/day-15.html,daily/day-14.html,../daily/day-14.html
daily/day-15.html,daily/day-16.html,../daily/day-16.html
daily/day-16.html,places/lourmarin.html,../places/lourmarin.html
daily/day-16.html,places/lourmarin.html,../places/lourmarin.html
daily/day-16.html,places/lourmarin.html,../places/lourmarin.html
daily/day-16.html,places/lourmarin.html,../places/lourmarin.html
daily/day-16.html,places/bonnieux.html,../places/bonnieux.html
daily/day-16.html,places/bonnieux.html,../places/bonnieux.html
daily/day-16.html,places/lacoste.html,../places/lacoste.html
daily/day-16.html,places/lacoste.html,../places/lacoste.html
daily/day-16.html,places/gordes.html,../places/gordes.html
daily/day-16.html,places/gordes.html,../places/gordes.html
daily/day-16.html,places/lourmarin.html,../places/lourmarin.html
daily/day-16.html,places/bonnieux.html,../places/bonnieux.html
daily/day-16.html,places/lacoste.html,../places/lacoste.html
daily/day-16.html,places/gordes.html,../places/gordes.html
daily/day-16.html,daily/day-15.html,../daily/day-15.html
daily/day-16.html,daily/day-17.html,../daily/day-17.html
daily/day-17.html,places/roussillon-sentier-des-ocres.html,../places/roussillon-sentier-des-ocres.html
daily/day-17.html,places/roussillon-sentier-des-ocres.html,../places/roussillon-sentier-des-ocres.html
daily/day-17.html,places/roussillon-sentier-des-ocres.html,../places/roussillon-sentier-des-ocres.html
daily/day-17.html,places/roussillon-sentier-des-ocres.html,../places/roussillon-sentier-des-ocres.html
daily/day-17.html,places/menerbes.html,../places/menerbes.html
daily/day-17.html,places/menerbes.html,../places/menerbes.html
daily/day-17.html,places/goult.html,../places/goult.html
daily/day-17.html,places/goult.html,../places/goult.html
daily/day-17.html,places/abbaye-de-senanque.html,../places/abbaye-de-senanque.html
daily/day-17.html,places/abbaye-de-senanque.html,../places/abbaye-de-senanque.html
daily/day-17.html,places/gordes.html,../places/gordes.html
daily/day-17.html,places/gordes.html,../places/gordes.html
daily/day-17.html,places/roussillon-sentier-des-ocres.html,../places/roussillon-sentier-des-ocres.html
daily/day-17.html,places/menerbes.html,../places/menerbes.html
daily/day-17.html,places/goult.html,../places/goult.html
daily/day-17.html,places/abbaye-de-senanque.html,../places/abbaye-de-senanque.html
daily/day-17.html,daily/day-16.html,../daily/day-16.html
daily/day-17.html,daily/day-18.html,../daily/day-18.html
daily/day-18.html,places/l-isle-sur-la-sorgue.html,../places/l-isle-sur-la-sorgue.html
daily/day-18.html,places/l-isle-sur-la-sorgue.html,../places/l-isle-sur-la-sorgue.html
daily/day-18.html,places/l-isle-sur-la-sorgue.html,../places/l-isle-sur-la-sorgue.html
daily/day-18.html,places/l-isle-sur-la-sorgue.html,../places/l-isle-sur-la-sorgue.html
daily/day-18.html,places/fontaine-de-vaucluse.html,../places/fontaine-de-vaucluse.html
daily/day-18.html,places/fontaine-de-vaucluse.html,../places/fontaine-de-vaucluse.html
daily/day-18.html,places/l-isle-sur-la-sorgue.html,../places/l-isle-sur-la-sorgue.html
daily/day-18.html,places/fontaine-de-vaucluse.html,../places/fontaine-de-vaucluse.html
daily/day-18.html,daily/day-17.html,../daily/day-17.html
daily/day-18.html,daily/day-19.html,../daily/day-19.html
daily/day-19.html,places/saint-remy-de-provence.html,../places/saint-remy-de-provence.html
daily/day-19.html,places/saint-remy-de-provence.html,../places/saint-remy-de-provence.html
daily/day-19.html,places/saint-remy-de-provence.html,../places/saint-remy-de-provence.html
daily/day-19.html,places/saint-remy-de-provence.html,../places/saint-remy-de-provence.html
daily/day-19.html,places/les-baux-de-provence.html,../places/les-baux-de-provence.html
daily/day-19.html,places/les-baux-de-provence.html,../places/les-baux-de-provence.html
daily/day-19.html,places/orange.html,../places/orange.html
daily/day-19.html,places/orange.html,../places/orange.html
daily/day-19.html,places/saint-remy-de-provence.html,../places/saint-remy-de-provence.html
daily/day-19.html,places/les-baux-de-provence.html,../places/les-baux-de-provence.html
daily/day-19.html,places/orange.html,../places/orange.html
daily/day-19.html,daily/day-18.html,../daily/day-18.html
daily/day-19.html,daily/day-20.html,../daily/day-20.html
daily/day-20.html,places/uzes.html,../places/uzes.html
daily/day-20.html,places/uzes.html,../places/uzes.html
daily/day-20.html,places/uzes.html,../places/uzes.html
daily/day-20.html,places/uzes.html,../places/uzes.html
daily/day-20.html,places/pont-du-gard.html,../places/pont-du-gard.html
daily/day-20.html,places/pont-du-gard.html,../places/pont-du-gard.html
daily/day-20.html,places/pont-du-gard.html,../places/pont-du-gard.html
daily/day-20.html,places/pont-du-gard.html,../places/pont-du-gard.html
daily/day-20.html,places/arenes-de-nimes.html,../places/arenes-de-nimes.html
daily/day-20.html,places/arenes-de-nimes.html,../places/arenes-de-nimes.html
daily/day-20.html,places/maison-carree.html,../places/maison-carree.html
daily/day-20.html,places/maison-carree.html,../places/maison-carree.html
daily/day-20.html,places/uzes.html,../places/uzes.html
daily/day-20.html,places/pont-du-gard.html,../places/pont-du-gard.html
daily/day-20.html,places/pont-du-gard.html,../places/pont-du-gard.html
daily/day-20.html,places/arenes-de-nimes.html,../places/arenes-de-nimes.html
daily/day-20.html,places/maison-carree.html,../places/maison-carree.html
daily/day-20.html,daily/day-19.html,../daily/day-19.html
daily/day-20.html,daily/day-21.html,../daily/day-21.html
daily/day-21.html,places/arenes-d-arles.html,../places/arenes-d-arles.html
daily/day-21.html,places/arenes-d-arles.html,../places/arenes-d-arles.html
daily/day-21.html,places/theatre-antique-arles.html,../places/theatre-antique-arles.html
daily/day-21.html,places/theatre-antique-arles.html,../places/theatre-antique-arles.html
daily/day-21.html,places/le-gibolin-arles.html,../places/le-gibolin-arles.html
daily/day-21.html,places/le-gibolin-arles.html,../places/le-gibolin-arles.html
daily/day-21.html,places/cloitre-saint-trophime.html,../places/cloitre-saint-trophime.html
daily/day-21.html,places/cloitre-saint-trophime.html,../places/cloitre-saint-trophime.html
daily/day-21.html,places/la-roquette.html,../places/la-roquette.html
daily/day-21.html,places/la-roquette.html,../places/la-roquette.html
daily/day-21.html,places/arenes-d-arles.html,../places/arenes-d-arles.html
daily/day-21.html,places/theatre-antique-arles.html,../places/theatre-antique-arles.html
daily/day-21.html,places/le-gibolin-arles.html,../places/le-gibolin-arles.html
daily/day-21.html,places/cloitre-saint-trophime.html,../places/cloitre-saint-trophime.html
daily/day-21.html,places/la-roquette.html,../places/la-roquette.html
daily/day-21.html,daily/day-20.html,../daily/day-20.html
daily/day-21.html,daily/day-22.html,../daily/day-22.html
daily/day-22.html,places/les-halles.html,../places/les-halles.html
daily/day-22.html,places/les-halles.html,../places/les-halles.html
daily/day-22.html,places/les-halles.html,../places/les-halles.html
daily/day-22.html,places/les-halles.html,../places/les-halles.html
daily/day-22.html,places/palais-des-papes.html,../places/palais-des-papes.html
daily/day-22.html,places/palais-des-papes.html,../places/palais-des-papes.html
daily/day-22.html,places/palais-des-papes.html,../places/palais-des-papes.html
daily/day-22.html,places/palais-des-papes.html,../places/palais-des-papes.html
daily/day-22.html,places/rocher-des-doms.html,../places/rocher-des-doms.html
daily/day-22.html,places/rocher-des-doms.html,../places/rocher-des-doms.html
daily/day-22.html,places/pont-saint-benezet.html,../places/pont-saint-benezet.html
daily/day-22.html,places/pont-saint-benezet.html,../places/pont-saint-benezet.html
daily/day-22.html,places/les-cocottes-saint-louis.html,../places/les-cocottes-saint-louis.html
daily/day-22.html,places/les-cocottes-saint-louis.html,../places/les-cocottes-saint-louis.html
daily/day-22.html,places/les-halles.html,../places/les-halles.html
daily/day-22.html,places/palais-des-papes.html,../places/palais-des-papes.html
daily/day-22.html,places/palais-des-papes.html,../places/palais-des-papes.html
daily/day-22.html,places/rocher-des-doms.html,../places/rocher-des-doms.html
daily/day-22.html,places/pont-saint-benezet.html,../places/pont-saint-benezet.html
daily/day-22.html,places/les-cocottes-saint-louis.html,../places/les-cocottes-saint-louis.html
daily/day-22.html,daily/day-21.html,../daily/day-21.html
daily/day-22.html,daily/day-23.html,../daily/day-23.html
daily/day-23.html,places/bellecour.html,../places/bellecour.html
daily/day-23.html,places/bellecour.html,../places/bellecour.html
daily/day-23.html,places/cafe-comptoir-abel.html,../places/cafe-comptoir-abel.html
daily/day-23.html,places/cafe-comptoir-abel.html,../places/cafe-comptoir-abel.html
daily/day-23.html,places/bellecour.html,../places/bellecour.html
daily/day-23.html,places/cafe-comptoir-abel.html,../places/cafe-comptoir-abel.html
daily/day-23.html,daily/day-22.html,../daily/day-22.html
daily/day-23.html,daily/day-24.html,../daily/day-24.html
daily/day-24.html,places/fourviere.html,../places/fourviere.html
daily/day-24.html,places/fourviere.html,../places/fourviere.html
daily/day-24.html,places/vieux-lyon.html,../places/vieux-lyon.html
daily/day-24.html,places/vieux-lyon.html,../places/vieux-lyon.html
daily/day-24.html,places/vieux-lyon.html,../places/vieux-lyon.html
daily/day-24.html,places/vieux-lyon.html,../places/vieux-lyon.html
daily/day-24.html,places/daniel-et-denise.html,../places/daniel-et-denise.html
daily/day-24.html,places/daniel-et-denise.html,../places/daniel-et-denise.html
daily/day-24.html,places/fourviere.html,../places/fourviere.html
daily/day-24.html,places/vieux-lyon.html,../places/vieux-lyon.html
daily/day-24.html,places/vieux-lyon.html,../places/vieux-lyon.html
daily/day-24.html,places/daniel-et-denise.html,../places/daniel-et-denise.html
daily/day-24.html,daily/day-23.html,../daily/day-23.html
daily/day-24.html,daily/day-25.html,../daily/day-25.html
daily/day-25.html,places/croix-rousse.html,../places/croix-rousse.html
daily/day-25.html,places/croix-rousse.html,../places/croix-rousse.html
daily/day-25.html,places/croix-rousse.html,../places/croix-rousse.html
daily/day-25.html,places/croix-rousse.html,../places/croix-rousse.html
daily/day-25.html,places/croix-rousse.html,../places/croix-rousse.html
daily/day-25.html,places/croix-rousse.html,../places/croix-rousse.html
daily/day-25.html,places/halles-de-lyon-paul-bocuse.html,../places/halles-de-lyon-paul-bocuse.html
daily/day-25.html,places/halles-de-lyon-paul-bocuse.html,../places/halles-de-lyon-paul-bocuse.html
daily/day-25.html,places/halles-de-lyon-paul-bocuse.html,../places/halles-de-lyon-paul-bocuse.html
daily/day-25.html,places/halles-de-lyon-paul-bocuse.html,../places/halles-de-lyon-paul-bocuse.html
daily/day-25.html,places/parc-de-la-tete-d-or.html,../places/parc-de-la-tete-d-or.html
daily/day-25.html,places/parc-de-la-tete-d-or.html,../places/parc-de-la-tete-d-or.html
daily/day-25.html,places/croix-rousse.html,../places/croix-rousse.html
daily/day-25.html,places/croix-rousse.html,../places/croix-rousse.html
daily/day-25.html,places/halles-de-lyon-paul-bocuse.html,../places/halles-de-lyon-paul-bocuse.html
daily/day-25.html,places/halles-de-lyon-paul-bocuse.html,../places/halles-de-lyon-paul-bocuse.html
daily/day-25.html,places/parc-de-la-tete-d-or.html,../places/parc-de-la-tete-d-or.html
daily/day-25.html,daily/day-24.html,../daily/day-24.html
daily/day-25.html,daily/day-26.html,../daily/day-26.html
daily/day-26.html,places/annecy.html,../places/annecy.html
daily/day-26.html,places/annecy.html,../places/annecy.html
daily/day-26.html,places/chez-mamie-lise.html,../places/chez-mamie-lise.html
daily/day-26.html,places/chez-mamie-lise.html,../places/chez-mamie-lise.html
daily/day-26.html,places/annecy.html,../places/annecy.html
daily/day-26.html,places/annecy.html,../places/annecy.html
daily/day-26.html,places/annecy.html,../places/annecy.html
daily/day-26.html,places/chez-mamie-lise.html,../places/chez-mamie-lise.html
daily/day-26.html,places/annecy.html,../places/annecy.html
daily/day-26.html,daily/day-25.html,../daily/day-25.html
daily/day-26.html,daily/day-27.html,../daily/day-27.html
daily/day-27.html,places/le-relais-du-15eme.html,../places/le-relais-du-15eme.html
daily/day-27.html,places/le-relais-du-15eme.html,../places/le-relais-du-15eme.html
daily/day-27.html,daily/day-26.html,../daily/day-26.html
daily/day-27.html,daily/day-28.html,../daily/day-28.html
daily/day-28.html,places/boulangerie-pichard.html,../places/boulangerie-pichard.html
daily/day-28.html,places/boulangerie-pichard.html,../places/boulangerie-pichard.html
daily/day-28.html,places/grand-palais.html,../places/grand-palais.html
daily/day-28.html,places/grand-palais.html,../places/grand-palais.html
daily/day-28.html,places/cafe-du-commerce.html,../places/cafe-du-commerce.html
daily/day-28.html,places/cafe-du-commerce.html,../places/cafe-du-commerce.html
daily/day-28.html,places/grand-palais.html,../places/grand-palais.html
daily/day-28.html,daily/day-27.html,../daily/day-27.html
daily/day-28.html,daily/day-29.html,../daily/day-29.html
daily/day-29.html,places/musee-du-luxembourg.html,../places/musee-du-luxembourg.html
daily/day-29.html,places/musee-du-luxembourg.html,../places/musee-du-luxembourg.html
daily/day-29.html,places/boulangerie-pichard.html,../places/boulangerie-pichard.html
daily/day-29.html,places/boulangerie-pichard.html,../places/boulangerie-pichard.html
daily/day-29.html,places/musee-du-luxembourg.html,../places/musee-du-luxembourg.html
daily/day-29.html,places/musee-du-luxembourg.html,../places/musee-du-luxembourg.html
daily/day-29.html,places/latin-quarter.html,../places/latin-quarter.html
daily/day-29.html,places/latin-quarter.html,../places/latin-quarter.html
daily/day-29.html,places/latin-quarter.html,../places/latin-quarter.html
daily/day-29.html,places/latin-quarter.html,../places/latin-quarter.html
daily/day-29.html,places/notre-dame-de-paris.html,../places/notre-dame-de-paris.html
daily/day-29.html,places/notre-dame-de-paris.html,../places/notre-dame-de-paris.html
daily/day-29.html,places/bouillon-racine.html,../places/bouillon-racine.html
daily/day-29.html,places/bouillon-racine.html,../places/bouillon-racine.html
daily/day-29.html,places/musee-du-luxembourg.html,../places/musee-du-luxembourg.html
daily/day-29.html,places/latin-quarter.html,../places/latin-quarter.html
daily/day-29.html,places/latin-quarter.html,../places/latin-quarter.html
daily/day-29.html,places/notre-dame-de-paris.html,../places/notre-dame-de-paris.html
daily/day-29.html,places/bouillon-racine.html,../places/bouillon-racine.html
daily/day-29.html,daily/day-28.html,../daily/day-28.html
daily/day-29.html,daily/day-30.html,../daily/day-30.html
daily/day-30.html,places/musee-de-l-orangerie.html,../places/musee-de-l-orangerie.html
daily/day-30.html,places/musee-de-l-orangerie.html,../places/musee-de-l-orangerie.html
daily/day-30.html,places/marche-convention.html,../places/marche-convention.html
daily/day-30.html,places/boulangerie-pichard.html,../places/boulangerie-pichard.html
daily/day-30.html,places/marche-convention.html,../places/marche-convention.html
daily/day-30.html,places/musee-de-l-orangerie.html,../places/musee-de-l-orangerie.html
daily/day-30.html,places/musee-de-l-orangerie.html,../places/musee-de-l-orangerie.html
daily/day-30.html,places/bouillon-chartier-montparnasse.html,../places/bouillon-chartier-montparnasse.html
daily/day-30.html,places/bouillon-chartier-montparnasse.html,../places/bouillon-chartier-montparnasse.html
daily/day-30.html,places/musee-de-l-orangerie.html,../places/musee-de-l-orangerie.html
daily/day-30.html,daily/day-29.html,../daily/day-29.html
daily/day-30.html,daily/day-31.html,../daily/day-31.html
daily/day-31.html,places/musee-gustave-moreau.html,../places/musee-gustave-moreau.html
daily/day-31.html,places/musee-gustave-moreau.html,../places/musee-gustave-moreau.html
daily/day-31.html,places/musee-gustave-moreau.html,../places/musee-gustave-moreau.html
daily/day-31.html,places/musee-gustave-moreau.html,../places/musee-gustave-moreau.html
daily/day-31.html,places/au-petit-riche.html,../places/au-petit-riche.html
daily/day-31.html,places/au-petit-riche.html,../places/au-petit-riche.html
daily/day-31.html,places/le-marais.html,../places/le-marais.html
daily/day-31.html,places/le-marais.html,../places/le-marais.html
daily/day-31.html,places/guylas.html,../places/guylas.html
daily/day-31.html,places/guylas.html,../places/guylas.html
daily/day-31.html,places/musee-gustave-moreau.html,../places/musee-gustave-moreau.html
daily/day-31.html,places/au-petit-riche.html,../places/au-petit-riche.html
daily/day-31.html,places/le-marais.html,../places/le-marais.html
daily/day-31.html,daily/day-30.html,../daily/day-30.html
daily/day-31.html,daily/day-32.html,../daily/day-32.html
daily/day-32.html,places/musee-d-orsay.html,../places/musee-d-orsay.html
daily/day-32.html,places/musee-d-orsay.html,../places/musee-d-orsay.html
daily/day-32.html,places/musee-d-orsay.html,../places/musee-d-orsay.html
daily/day-32.html,places/musee-d-orsay.html,../places/musee-d-orsay.html
daily/day-32.html,places/cafe-varenne.html,../places/cafe-varenne.html
daily/day-32.html,places/cafe-varenne.html,../places/cafe-varenne.html
daily/day-32.html,places/musee-rodin.html,../places/musee-rodin.html
daily/day-32.html,places/musee-rodin.html,../places/musee-rodin.html
daily/day-32.html,places/cafe-du-commerce.html,../places/cafe-du-commerce.html
daily/day-32.html,places/cafe-du-commerce.html,../places/cafe-du-commerce.html
daily/day-32.html,places/musee-d-orsay.html,../places/musee-d-orsay.html
daily/day-32.html,places/cafe-varenne.html,../places/cafe-varenne.html
daily/day-32.html,places/musee-rodin.html,../places/musee-rodin.html
daily/day-32.html,daily/day-31.html,../daily/day-31.html
daily/day-32.html,daily/day-33.html,../daily/day-33.html
daily/day-33.html,places/petit-palais.html,../places/petit-palais.html
daily/day-33.html,places/petit-palais.html,../places/petit-palais.html
daily/day-33.html,places/petit-palais.html,../places/petit-palais.html
daily/day-33.html,places/petit-palais.html,../places/petit-palais.html
daily/day-33.html,places/chez-savy.html,../places/chez-savy.html
daily/day-33.html,places/chez-savy.html,../places/chez-savy.html
daily/day-33.html,places/grand-palais.html,../places/grand-palais.html
daily/day-33.html,places/grand-palais.html,../places/grand-palais.html
daily/day-33.html,places/stephane-martin.html,../places/stephane-martin.html
daily/day-33.html,places/stephane-martin.html,../places/stephane-martin.html
daily/day-33.html,places/petit-palais.html,../places/petit-palais.html
daily/day-33.html,places/chez-savy.html,../places/chez-savy.html
daily/day-33.html,places/grand-palais.html,../places/grand-palais.html
daily/day-33.html,daily/day-32.html,../daily/day-32.html
daily/day-33.html,daily/day-34.html,../daily/day-34.html
daily/day-34.html,places/versailles.html,../places/versailles.html
daily/day-34.html,places/versailles.html,../places/versailles.html
daily/day-34.html,places/versailles.html,../places/versailles.html
daily/day-34.html,places/versailles.html,../places/versailles.html
daily/day-34.html,places/versailles.html,../places/versailles.html
daily/day-34.html,places/versailles.html,../places/versailles.html
daily/day-34.html,places/la-flottille.html,../places/la-flottille.html
daily/day-34.html,places/la-flottille.html,../places/la-flottille.html
daily/day-34.html,places/versailles.html,../places/versailles.html
daily/day-34.html,places/versailles.html,../places/versailles.html
daily/day-34.html,places/versailles.html,../places/versailles.html
daily/day-34.html,places/versailles.html,../places/versailles.html
daily/day-34.html,places/le-grand-pan.html,../places/le-grand-pan.html
daily/day-34.html,places/le-grand-pan.html,../places/le-grand-pan.html
daily/day-34.html,places/versailles.html,../places/versailles.html
daily/day-34.html,places/versailles.html,../places/versailles.html
daily/day-34.html,places/la-flottille.html,../places/la-flottille.html
daily/day-34.html,places/versailles.html,../places/versailles.html
daily/day-34.html,places/versailles.html,../places/versailles.html
daily/day-34.html,daily/day-33.html,../daily/day-33.html
daily/day-34.html,daily/day-35.html,../daily/day-35.html
daily/day-35.html,places/musee-du-louvre.html,../places/musee-du-louvre.html
daily/day-35.html,places/musee-du-louvre.html,../places/musee-du-louvre.html
daily/day-35.html,places/boulangerie-pichard.html,../places/boulangerie-pichard.html
daily/day-35.html,places/boulangerie-pichard.html,../places/boulangerie-pichard.html
daily/day-35.html,places/musee-du-louvre.html,../places/musee-du-louvre.html
daily/day-35.html,places/musee-du-louvre.html,../places/musee-du-louvre.html
daily/day-35.html,places/sawadee-paris.html,../places/sawadee-paris.html
daily/day-35.html,places/sawadee-paris.html,../places/sawadee-paris.html
daily/day-35.html,places/musee-du-louvre.html,../places/musee-du-louvre.html
daily/day-35.html,daily/day-34.html,../daily/day-34.html
daily/day-35.html,daily/day-36.html,../daily/day-36.html
daily/day-36.html,places/musee-marmottan-monet.html,../places/musee-marmottan-monet.html
daily/day-36.html,places/musee-marmottan-monet.html,../places/musee-marmottan-monet.html
daily/day-36.html,places/boulangerie-pichard.html,../places/boulangerie-pichard.html
daily/day-36.html,places/boulangerie-pichard.html,../places/boulangerie-pichard.html
daily/day-36.html,places/musee-marmottan-monet.html,../places/musee-marmottan-monet.html
daily/day-36.html,places/musee-marmottan-monet.html,../places/musee-marmottan-monet.html
daily/day-36.html,places/le-relais-du-15eme.html,../places/le-relais-du-15eme.html
daily/day-36.html,places/le-relais-du-15eme.html,../places/le-relais-du-15eme.html
daily/day-36.html,places/musee-marmottan-monet.html,../places/musee-marmottan-monet.html
daily/day-36.html,daily/day-35.html,../daily/day-35.html
daily/day-36.html,daily/day-37.html,../daily/day-37.html
daily/day-37.html,places/breizh-cafe-charles-michels.html,../places/breizh-cafe-charles-michels.html
daily/day-37.html,places/breizh-cafe-charles-michels.html,../places/breizh-cafe-charles-michels.html
daily/day-37.html,daily/day-36.html,../daily/day-36.html
daily/day-37.html,daily/day-38.html,../daily/day-38.html
daily/day-38.html,places/musee-jacquemart-andre.html,../places/musee-jacquemart-andre.html
daily/day-38.html,places/musee-jacquemart-andre.html,../places/musee-jacquemart-andre.html
daily/day-38.html,places/musee-jacquemart-andre.html,../places/musee-jacquemart-andre.html
daily/day-38.html,places/musee-jacquemart-andre.html,../places/musee-jacquemart-andre.html
daily/day-38.html,places/le-volant-basque.html,../places/le-volant-basque.html
daily/day-38.html,places/le-volant-basque.html,../places/le-volant-basque.html
daily/day-38.html,places/musee-jacquemart-andre.html,../places/musee-jacquemart-andre.html
daily/day-38.html,daily/day-37.html,../daily/day-37.html
daily/day-38.html,daily/day-39.html,../daily/day-39.html
daily/day-39.html,places/musee-d-orsay.html,../places/musee-d-orsay.html
daily/day-39.html,places/musee-d-orsay.html,../places/musee-d-orsay.html
daily/day-39.html,places/marche-convention.html,../places/marche-convention.html
daily/day-39.html,places/marche-convention.html,../places/marche-convention.html
daily/day-39.html,places/musee-d-orsay.html,../places/musee-d-orsay.html
daily/day-39.html,places/musee-d-orsay.html,../places/musee-d-orsay.html
daily/day-39.html,places/musee-picasso-paris.html,../places/musee-picasso-paris.html
daily/day-39.html,places/musee-picasso-paris.html,../places/musee-picasso-paris.html
daily/day-39.html,places/musee-carnavalet.html,../places/musee-carnavalet.html
daily/day-39.html,places/musee-carnavalet.html,../places/musee-carnavalet.html
daily/day-39.html,places/chez-janou.html,../places/chez-janou.html
daily/day-39.html,places/chez-janou.html,../places/chez-janou.html
daily/day-39.html,places/musee-d-orsay.html,../places/musee-d-orsay.html
daily/day-39.html,places/musee-picasso-paris.html,../places/musee-picasso-paris.html
daily/day-39.html,places/musee-carnavalet.html,../places/musee-carnavalet.html
daily/day-39.html,places/chez-janou.html,../places/chez-janou.html
daily/day-39.html,daily/day-38.html,../daily/day-38.html
daily/day-39.html,daily/day-40.html,../daily/day-40.html
daily/day-40.html,places/bourse-de-commerce-pinault-collection.html,../places/bourse-de-commerce-pinault-collection.html
daily/day-40.html,places/bourse-de-commerce-pinault-collection.html,../places/bourse-de-commerce-pinault-collection.html
daily/day-40.html,places/bourse-de-commerce-pinault-collection.html,../places/bourse-de-commerce-pinault-collection.html
daily/day-40.html,places/bourse-de-commerce-pinault-collection.html,../places/bourse-de-commerce-pinault-collection.html
daily/day-40.html,places/aux-crus-de-bourgogne.html,../places/aux-crus-de-bourgogne.html
daily/day-40.html,places/aux-crus-de-bourgogne.html,../places/aux-crus-de-bourgogne.html
daily/day-40.html,places/montmartre-south-pigalle.html,../places/montmartre-south-pigalle.html
daily/day-40.html,places/montmartre-south-pigalle.html,../places/montmartre-south-pigalle.html
daily/day-40.html,places/le-progres-montmartre.html,../places/le-progres-montmartre.html
daily/day-40.html,places/le-progres-montmartre.html,../places/le-progres-montmartre.html
daily/day-40.html,places/bourse-de-commerce-pinault-collection.html,../places/bourse-de-commerce-pinault-collection.html
daily/day-40.html,places/aux-crus-de-bourgogne.html,../places/aux-crus-de-bourgogne.html
daily/day-40.html,places/montmartre-south-pigalle.html,../places/montmartre-south-pigalle.html
daily/day-40.html,places/le-progres-montmartre.html,../places/le-progres-montmartre.html
daily/day-40.html,daily/day-39.html,../daily/day-39.html
daily/day-40.html,daily/day-41.html,../daily/day-41.html
daily/day-41.html,places/musee-guimet.html,../places/musee-guimet.html
daily/day-41.html,places/musee-guimet.html,../places/musee-guimet.html
daily/day-41.html,places/musee-guimet.html,../places/musee-guimet.html
daily/day-41.html,places/musee-guimet.html,../places/musee-guimet.html
daily/day-41.html,places/les-marches.html,../places/les-marches.html
daily/day-41.html,places/les-marches.html,../places/les-marches.html
daily/day-41.html,places/musee-d-art-moderne-de-paris.html,../places/musee-d-art-moderne-de-paris.html
daily/day-41.html,places/musee-d-art-moderne-de-paris.html,../places/musee-d-art-moderne-de-paris.html
daily/day-41.html,places/le-grand-pan.html,../places/le-grand-pan.html
daily/day-41.html,places/le-grand-pan.html,../places/le-grand-pan.html
daily/day-41.html,places/musee-guimet.html,../places/musee-guimet.html
daily/day-41.html,places/les-marches.html,../places/les-marches.html
daily/day-41.html,places/musee-d-art-moderne-de-paris.html,../places/musee-d-art-moderne-de-paris.html
daily/day-41.html,places/le-grand-pan.html,../places/le-grand-pan.html
daily/day-41.html,daily/day-40.html,../daily/day-40.html
daily/day-41.html,daily/day-42.html,../daily/day-42.html
daily/day-42.html,places/cafe-du-commerce.html,../places/cafe-du-commerce.html
daily/day-42.html,places/cafe-du-commerce.html,../places/cafe-du-commerce.html
daily/day-42.html,places/cafe-du-commerce.html,../places/cafe-du-commerce.html
daily/day-42.html,places/cafe-du-commerce.html,../places/cafe-du-commerce.html
daily/day-42.html,places/cafe-du-commerce.html,../places/cafe-du-commerce.html
daily/day-42.html,daily/day-41.html,../daily/day-41.html
daily/day-42.html,daily/day-43.html,../daily/day-43.html
daily/day-43.html,daily/day-42.html,../daily/day-42.html
guide/aix.html,map/aix.html,../map/aix.html
guide/aix.html,daily/day-12.html,../daily/day-12.html
guide/aix.html,daily/day-12.html,../daily/day-12.html
guide/aix.html,daily/day-13.html,../daily/day-13.html
guide/aix.html,daily/day-14.html,../daily/day-14.html
guide/aix.html,daily/day-15.html,../daily/day-15.html
guide/aix.html,daily/day-16.html,../daily/day-16.html
guide/aix.html,daily/day-13.html,../daily/day-13.html
guide/aix.html,places/atelier-des-lauves.html,../places/atelier-des-lauves.html
guide/aix.html,daily/day-14.html,../daily/day-14.html
guide/aix.html,places/calanques.html,../places/calanques.html
guide/aix.html,daily/day-14.html,../daily/day-14.html
guide/aix.html,daily/day-14.html,../daily/day-14.html
guide/aix.html,daily/day-14.html,../daily/day-14.html
guide/aix.html,places/cassis.html,../places/cassis.html
guide/aix.html,daily/day-13.html,../daily/day-13.html
guide/aix.html,places/cours-mirabeau.html,../places/cours-mirabeau.html
guide/aix.html,daily/day-13.html,../daily/day-13.html
guide/aix.html,places/place-richelme-place-des-precheurs.html,../places/place-richelme-place-des-precheurs.html
guide/aix.html,daily/day-13.html,../daily/day-13.html
guide/aix.html,daily/day-13.html,../daily/day-13.html
guide/aix.html,places/vieil-aix.html,../places/vieil-aix.html
guide/aix.html,places/bastide-du-jas-de-bouffan.html,../places/bastide-du-jas-de-bouffan.html
guide/aix.html,places/carrieres-de-bibemus.html,../places/carrieres-de-bibemus.html
guide/aix.html,places/grasse.html,../places/grasse.html
guide/aix.html,daily/day-12.html,../daily/day-12.html
guide/aix.html,places/marseille.html,../places/marseille.html
guide/aix.html,daily/day-15.html,../daily/day-15.html
guide/aix.html,places/vieux-port-marseille.html,../places/vieux-port-marseille.html
guide/aix.html,daily/day-15.html,../daily/day-15.html
guide/aix.html,daily/day-15.html,../daily/day-15.html
guide/aix.html,places/le-panier.html,../places/le-panier.html
guide/aix.html,daily/day-15.html,../daily/day-15.html
guide/aix.html,places/mucem.html,../places/mucem.html
guide/aix.html,daily/day-15.html,../daily/day-15.html
guide/aix.html,places/fort-saint-jean.html,../places/fort-saint-jean.html
guide/aix.html,places/notre-dame-de-la-garde.html,../places/notre-dame-de-la-garde.html
guide/aix.html,daily/day-15.html,../daily/day-15.html
guide/aix.html,places/montagne-sainte-victoire-terrain-des-peintres.html,../places/montagne-sainte-victoire-terrain-des-peintres.html
guide/aix.html,places/musee-granet.html,../places/musee-granet.html
guide/aix.html,daily/day-13.html,../daily/day-13.html
guide/aix.html,places/rotonde.html,../places/rotonde.html
guide/aix.html,daily/day-12.html,../daily/day-12.html
guide/aix.html,places/saint-paul-de-vence.html,../places/saint-paul-de-vence.html
guide/aix.html,daily/day-12.html,../daily/day-12.html
guide/aix.html,daily/day-14.html,../daily/day-14.html
guide/aix.html,places/chez-gilbert-cassis.html,../places/chez-gilbert-cassis.html
guide/aix.html,daily/day-13.html,../daily/day-13.html
guide/aix.html,places/patisserie-weibel.html,../places/patisserie-weibel.html
guide/aix.html,places/place-richelme-place-des-precheurs.html,../places/place-richelme-place-des-precheurs.html
guide/aix.html,places/patisserie-weibel.html,../places/patisserie-weibel.html
guide/aix.html,places/chez-gilbert-cassis.html,../places/chez-gilbert-cassis.html
guide/aix.html,daily/day-12.html,../daily/day-12.html
guide/aix.html,daily/day-16.html,../daily/day-16.html
guide/aix.html,daily/day-12.html,../daily/day-12.html
guide/aix.html,daily/day-13.html,../daily/day-13.html
guide/aix.html,daily/day-14.html,../daily/day-14.html
guide/aix.html,daily/day-15.html,../daily/day-15.html
guide/aix.html,daily/day-16.html,../daily/day-16.html
guide/avignon.html,map/avignon.html,../map/avignon.html
guide/avignon.html,daily/day-18.html,../daily/day-18.html
guide/avignon.html,daily/day-18.html,../daily/day-18.html
guide/avignon.html,daily/day-19.html,../daily/day-19.html
guide/avignon.html,daily/day-20.html,../daily/day-20.html
guide/avignon.html,daily/day-21.html,../daily/day-21.html
guide/avignon.html,daily/day-22.html,../daily/day-22.html
guide/avignon.html,daily/day-23.html,../daily/day-23.html
guide/avignon.html,daily/day-19.html,../daily/day-19.html
guide/avignon.html,places/les-baux-de-provence.html,../places/les-baux-de-provence.html
guide/avignon.html,daily/day-22.html,../daily/day-22.html
guide/avignon.html,daily/day-22.html,../daily/day-22.html
guide/avignon.html,places/palais-des-papes.html,../places/palais-des-papes.html
guide/avignon.html,daily/day-22.html,../daily/day-22.html
guide/avignon.html,places/pont-saint-benezet.html,../places/pont-saint-benezet.html
guide/avignon.html,daily/day-20.html,../daily/day-20.html
guide/avignon.html,daily/day-20.html,../daily/day-20.html
guide/avignon.html,places/pont-du-gard.html,../places/pont-du-gard.html
guide/avignon.html,daily/day-22.html,../daily/day-22.html
guide/avignon.html,places/rocher-des-doms.html,../places/rocher-des-doms.html
guide/avignon.html,daily/day-19.html,../daily/day-19.html
guide/avignon.html,places/saint-remy-de-provence.html,../places/saint-remy-de-provence.html
guide/avignon.html,places/uzes.html,../places/uzes.html
guide/avignon.html,daily/day-20.html,../daily/day-20.html
guide/avignon.html,places/arles.html,../places/arles.html
guide/avignon.html,places/arenes-d-arles.html,../places/arenes-d-arles.html
guide/avignon.html,daily/day-21.html,../daily/day-21.html
guide/avignon.html,places/theatre-antique-arles.html,../places/theatre-antique-arles.html
guide/avignon.html,daily/day-21.html,../daily/day-21.html
guide/avignon.html,places/arenes-de-nimes.html,../places/arenes-de-nimes.html
guide/avignon.html,daily/day-20.html,../daily/day-20.html
guide/avignon.html,places/maison-carree.html,../places/maison-carree.html
guide/avignon.html,daily/day-20.html,../daily/day-20.html
guide/avignon.html,places/carrieres-des-lumieres.html,../places/carrieres-des-lumieres.html
guide/avignon.html,places/glanum.html,../places/glanum.html
guide/avignon.html,places/saint-paul-de-mausole.html,../places/saint-paul-de-mausole.html
guide/avignon.html,places/orange.html,../places/orange.html
guide/avignon.html,daily/day-19.html,../daily/day-19.html
guide/avignon.html,places/place-du-forum-arles.html,../places/place-du-forum-arles.html
guide/avignon.html,places/cloitre-saint-trophime.html,../places/cloitre-saint-trophime.html
guide/avignon.html,daily/day-21.html,../daily/day-21.html
guide/avignon.html,places/fondation-vincent-van-gogh-arles.html,../places/fondation-vincent-van-gogh-arles.html
guide/avignon.html,places/la-roquette.html,../places/la-roquette.html
guide/avignon.html,daily/day-21.html,../daily/day-21.html
guide/avignon.html,places/fou-de-fafa-avignon.html,../places/fou-de-fafa-avignon.html
guide/avignon.html,daily/day-21.html,../daily/day-21.html
guide/avignon.html,places/le-gibolin-arles.html,../places/le-gibolin-arles.html
guide/avignon.html,daily/day-22.html,../daily/day-22.html
guide/avignon.html,places/les-cocottes-saint-louis.html,../places/les-cocottes-saint-louis.html
guide/avignon.html,daily/day-22.html,../daily/day-22.html
guide/avignon.html,places/les-halles.html,../places/les-halles.html
guide/avignon.html,places/saint-remy-de-provence.html,../places/saint-remy-de-provence.html
guide/avignon.html,places/les-halles.html,../places/les-halles.html
guide/avignon.html,places/uzes.html,../places/uzes.html
guide/avignon.html,places/fou-de-fafa-avignon.html,../places/fou-de-fafa-avignon.html
guide/avignon.html,places/les-cocottes-saint-louis.html,../places/les-cocottes-saint-louis.html
guide/avignon.html,places/le-gibolin-arles.html,../places/le-gibolin-arles.html
guide/avignon.html,daily/day-18.html,../daily/day-18.html
guide/avignon.html,daily/day-23.html,../daily/day-23.html
guide/avignon.html,daily/day-18.html,../daily/day-18.html
guide/avignon.html,daily/day-19.html,../daily/day-19.html
guide/avignon.html,daily/day-20.html,../daily/day-20.html
guide/avignon.html,daily/day-21.html,../daily/day-21.html
guide/avignon.html,daily/day-22.html,../daily/day-22.html
guide/avignon.html,daily/day-23.html,../daily/day-23.html
guide/barcelona.html,map/barcelona.html,../map/barcelona.html
guide/barcelona.html,daily/day-01.html,../daily/day-01.html
guide/barcelona.html,daily/day-01.html,../daily/day-01.html
guide/barcelona.html,daily/day-02.html,../daily/day-02.html
guide/barcelona.html,daily/day-03.html,../daily/day-03.html
guide/barcelona.html,daily/day-04.html,../daily/day-04.html
guide/barcelona.html,daily/day-03.html,../daily/day-03.html
guide/barcelona.html,places/barri-gotic.html,../places/barri-gotic.html
guide/barcelona.html,daily/day-04.html,../daily/day-04.html
guide/barcelona.html,places/cau-ferrat.html,../places/cau-ferrat.html
guide/barcelona.html,daily/day-02.html,../daily/day-02.html
guide/barcelona.html,places/sagrada-familia.html,../places/sagrada-familia.html
guide/barcelona.html,daily/day-02.html,../daily/day-02.html
guide/barcelona.html,places/sant-pau-recinte-modernista.html,../places/sant-pau-recinte-modernista.html
guide/barcelona.html,places/biblioteca-de-catalunya.html,../places/biblioteca-de-catalunya.html
guide/barcelona.html,daily/day-03.html,../daily/day-03.html
guide/barcelona.html,places/macba.html,../places/macba.html
guide/barcelona.html,daily/day-03.html,../daily/day-03.html
guide/barcelona.html,places/palau-de-maricel.html,../places/palau-de-maricel.html
guide/barcelona.html,daily/day-03.html,../daily/day-03.html
guide/barcelona.html,places/bar-canete.html,../places/bar-canete.html
guide/barcelona.html,daily/day-02.html,../daily/day-02.html
guide/barcelona.html,places/bodega-joan.html,../places/bodega-joan.html
guide/barcelona.html,daily/day-02.html,../daily/day-02.html
guide/barcelona.html,places/puertecillo-sagrada-familia.html,../places/puertecillo-sagrada-familia.html
guide/barcelona.html,daily/day-04.html,../daily/day-04.html
guide/barcelona.html,places/la-zorra.html,../places/la-zorra.html
guide/barcelona.html,daily/day-03.html,../daily/day-03.html
guide/barcelona.html,places/mercat-concepcio.html,../places/mercat-concepcio.html
guide/barcelona.html,daily/day-01.html,../daily/day-01.html
guide/barcelona.html,daily/day-04.html,../daily/day-04.html
guide/barcelona.html,daily/day-01.html,../daily/day-01.html
guide/barcelona.html,daily/day-02.html,../daily/day-02.html
guide/barcelona.html,daily/day-03.html,../daily/day-03.html
guide/barcelona.html,daily/day-04.html,../daily/day-04.html
guide/barcelona.html,assets/transport-guides/barcelona-metro-network-2025-03.pdf,../assets/transport-guides/barcelona-metro-network-2025-03.pdf
guide/barcelona.html,assets/transport-guides/teleferic-de-montjuic-map-2025.pdf,../assets/transport-guides/teleferic-de-montjuic-map-2025.pdf
guide/girona.html,map/girona.html,../map/girona.html
guide/girona.html,daily/day-04.html,../daily/day-04.html
guide/girona.html,daily/day-04.html,../daily/day-04.html
guide/girona.html,daily/day-05.html,../daily/day-05.html
guide/girona.html,daily/day-06.html,../daily/day-06.html
guide/girona.html,daily/day-07.html,../daily/day-07.html
guide/girona.html,daily/day-05.html,../daily/day-05.html
guide/girona.html,daily/day-05.html,../daily/day-05.html
guide/girona.html,places/collioure.html,../places/collioure.html
guide/girona.html,places/girona-cathedral.html,../places/girona-cathedral.html
guide/girona.html,places/passeig-de-la-muralla.html,../places/passeig-de-la-muralla.html
guide/girona.html,places/onyar.html,../places/onyar.html
guide/girona.html,daily/day-06.html,../daily/day-06.html
guide/girona.html,places/peratallada.html,../places/peratallada.html
guide/girona.html,places/calella-de-palafrugell.html,../places/calella-de-palafrugell.html
guide/girona.html,places/pals.html,../places/pals.html
guide/girona.html,daily/day-06.html,../daily/day-06.html
guide/girona.html,places/peralada.html,../places/peralada.html
guide/girona.html,places/casa-marieta.html,../places/casa-marieta.html
guide/girona.html,places/mercat-del-lleo.html,../places/mercat-del-lleo.html
guide/girona.html,places/mercat-del-lleo.html,../places/mercat-del-lleo.html
guide/girona.html,places/casa-marieta.html,../places/casa-marieta.html
guide/girona.html,daily/day-04.html,../daily/day-04.html
guide/girona.html,daily/day-07.html,../daily/day-07.html
guide/girona.html,daily/day-04.html,../daily/day-04.html
guide/girona.html,daily/day-05.html,../daily/day-05.html
guide/girona.html,daily/day-06.html,../daily/day-06.html
guide/girona.html,daily/day-07.html,../daily/day-07.html
guide/index.html,guide/barcelona.html,barcelona.html
guide/index.html,guide/girona.html,girona.html
guide/index.html,guide/nice.html,nice.html
guide/index.html,guide/aix.html,aix.html
guide/index.html,guide/luberon.html,luberon.html
guide/index.html,guide/avignon.html,avignon.html
guide/index.html,guide/lyon.html,lyon.html
guide/index.html,guide/paris.html,paris.html
guide/luberon.html,map/luberon.html,../map/luberon.html
guide/luberon.html,daily/day-16.html,../daily/day-16.html
guide/luberon.html,daily/day-16.html,../daily/day-16.html
guide/luberon.html,daily/day-17.html,../daily/day-17.html
guide/luberon.html,daily/day-18.html,../daily/day-18.html
guide/luberon.html,daily/day-17.html,../daily/day-17.html
guide/luberon.html,places/abbaye-de-senanque.html,../places/abbaye-de-senanque.html
guide/luberon.html,daily/day-16.html,../daily/day-16.html
guide/luberon.html,daily/day-17.html,../daily/day-17.html
guide/luberon.html,places/gordes.html,../places/gordes.html
guide/luberon.html,daily/day-16.html,../daily/day-16.html
guide/luberon.html,places/lourmarin.html,../places/lourmarin.html
guide/luberon.html,daily/day-18.html,../daily/day-18.html
guide/luberon.html,places/l-isle-sur-la-sorgue.html,../places/l-isle-sur-la-sorgue.html
guide/luberon.html,daily/day-17.html,../daily/day-17.html
guide/luberon.html,places/roussillon-sentier-des-ocres.html,../places/roussillon-sentier-des-ocres.html
guide/luberon.html,places/bonnieux.html,../places/bonnieux.html
guide/luberon.html,daily/day-16.html,../daily/day-16.html
guide/luberon.html,places/coustellet.html,../places/coustellet.html
guide/luberon.html,places/goult.html,../places/goult.html
guide/luberon.html,daily/day-17.html,../daily/day-17.html
guide/luberon.html,places/lacoste.html,../places/lacoste.html
guide/luberon.html,daily/day-16.html,../daily/day-16.html
guide/luberon.html,places/fontaine-de-vaucluse.html,../places/fontaine-de-vaucluse.html
guide/luberon.html,daily/day-18.html,../daily/day-18.html
guide/luberon.html,places/menerbes.html,../places/menerbes.html
guide/luberon.html,daily/day-17.html,../daily/day-17.html
guide/luberon.html,places/oppede-le-vieux.html,../places/oppede-le-vieux.html
guide/luberon.html,places/village-des-bories.html,../places/village-des-bories.html
guide/luberon.html,daily/day-16.html,../daily/day-16.html
guide/luberon.html,daily/day-18.html,../daily/day-18.html
guide/luberon.html,daily/day-16.html,../daily/day-16.html
guide/luberon.html,daily/day-17.html,../daily/day-17.html
guide/luberon.html,daily/day-18.html,../daily/day-18.html
guide/lyon.html,map/lyon.html,../map/lyon.html
guide/lyon.html,daily/day-23.html,../daily/day-23.html
guide/lyon.html,daily/day-23.html,../daily/day-23.html
guide/lyon.html,daily/day-24.html,../daily/day-24.html
guide/lyon.html,daily/day-25.html,../daily/day-25.html
guide/lyon.html,daily/day-26.html,../daily/day-26.html
guide/lyon.html,daily/day-27.html,../daily/day-27.html
guide/lyon.html,daily/day-26.html,../daily/day-26.html
guide/lyon.html,daily/day-26.html,../daily/day-26.html
guide/lyon.html,places/annecy.html,../places/annecy.html
guide/lyon.html,daily/day-25.html,../daily/day-25.html
guide/lyon.html,daily/day-25.html,../daily/day-25.html
guide/lyon.html,places/croix-rousse.html,../places/croix-rousse.html
guide/lyon.html,daily/day-24.html,../daily/day-24.html
guide/lyon.html,places/fourviere.html,../places/fourviere.html
guide/lyon.html,daily/day-24.html,../daily/day-24.html
guide/lyon.html,daily/day-24.html,../daily/day-24.html
guide/lyon.html,places/vieux-lyon.html,../places/vieux-lyon.html
guide/lyon.html,places/bellecour.html,../places/bellecour.html
guide/lyon.html,daily/day-23.html,../daily/day-23.html
guide/lyon.html,places/parc-de-la-tete-d-or.html,../places/parc-de-la-tete-d-or.html
guide/lyon.html,daily/day-25.html,../daily/day-25.html
guide/lyon.html,daily/day-23.html,../daily/day-23.html
guide/lyon.html,places/cafe-comptoir-abel.html,../places/cafe-comptoir-abel.html
guide/lyon.html,daily/day-26.html,../daily/day-26.html
guide/lyon.html,places/chez-mamie-lise.html,../places/chez-mamie-lise.html
guide/lyon.html,daily/day-24.html,../daily/day-24.html
guide/lyon.html,places/daniel-et-denise.html,../places/daniel-et-denise.html
guide/lyon.html,daily/day-25.html,../daily/day-25.html
guide/lyon.html,daily/day-25.html,../daily/day-25.html
guide/lyon.html,places/halles-de-lyon-paul-bocuse.html,../places/halles-de-lyon-paul-bocuse.html
guide/lyon.html,places/halles-de-lyon-paul-bocuse.html,../places/halles-de-lyon-paul-bocuse.html
guide/lyon.html,places/croix-rousse.html,../places/croix-rousse.html
guide/lyon.html,places/cafe-comptoir-abel.html,../places/cafe-comptoir-abel.html
guide/lyon.html,places/daniel-et-denise.html,../places/daniel-et-denise.html
guide/lyon.html,places/chez-mamie-lise.html,../places/chez-mamie-lise.html
guide/lyon.html,daily/day-23.html,../daily/day-23.html
guide/lyon.html,daily/day-27.html,../daily/day-27.html
guide/lyon.html,daily/day-23.html,../daily/day-23.html
guide/lyon.html,daily/day-24.html,../daily/day-24.html
guide/lyon.html,daily/day-25.html,../daily/day-25.html
guide/lyon.html,daily/day-26.html,../daily/day-26.html
guide/lyon.html,daily/day-27.html,../daily/day-27.html
guide/nice.html,map/nice.html,../map/nice.html
guide/nice.html,daily/day-07.html,../daily/day-07.html
guide/nice.html,daily/day-07.html,../daily/day-07.html
guide/nice.html,daily/day-08.html,../daily/day-08.html
guide/nice.html,daily/day-09.html,../daily/day-09.html
guide/nice.html,daily/day-10.html,../daily/day-10.html
guide/nice.html,daily/day-11.html,../daily/day-11.html
guide/nice.html,daily/day-12.html,../daily/day-12.html
guide/nice.html,daily/day-08.html,../daily/day-08.html
guide/nice.html,places/colline-du-chateau.html,../places/colline-du-chateau.html
guide/nice.html,daily/day-08.html,../daily/day-08.html
guide/nice.html,places/cours-saleya.html,../places/cours-saleya.html
guide/nice.html,daily/day-10.html,../daily/day-10.html
guide/nice.html,places/le-rocher.html,../places/le-rocher.html
guide/nice.html,daily/day-09.html,../daily/day-09.html
guide/nice.html,places/le-suquet.html,../places/le-suquet.html
guide/nice.html,places/marche-forville.html,../places/marche-forville.html
guide/nice.html,daily/day-10.html,../daily/day-10.html
guide/nice.html,daily/day-10.html,../daily/day-10.html
guide/nice.html,places/menton.html,../places/menton.html
guide/nice.html,places/nice-walk.html,../places/nice-walk.html
guide/nice.html,places/cannes-walk.html,../places/cannes-walk.html
guide/nice.html,places/monaco-walk.html,../places/monaco-walk.html
guide/nice.html,places/promenade-des-anglais.html,../places/promenade-des-anglais.html
guide/nice.html,daily/day-07.html,../daily/day-07.html
guide/nice.html,daily/day-08.html,../daily/day-08.html
guide/nice.html,places/vieux-nice.html,../places/vieux-nice.html
guide/nice.html,daily/day-08.html,../daily/day-08.html
guide/nice.html,daily/day-08.html,../daily/day-08.html
guide/nice.html,places/cannes.html,../places/cannes.html
guide/nice.html,daily/day-09.html,../daily/day-09.html
guide/nice.html,daily/day-09.html,../daily/day-09.html
guide/nice.html,places/marche-de-la-liberation.html,../places/marche-de-la-liberation.html
guide/nice.html,places/monaco.html,../places/monaco.html
guide/nice.html,daily/day-10.html,../daily/day-10.html
guide/nice.html,places/villa-ephrussi-de-rothschild.html,../places/villa-ephrussi-de-rothschild.html
guide/nice.html,daily/day-11.html,../daily/day-11.html
guide/nice.html,daily/day-09.html,../daily/day-09.html
guide/nice.html,places/le-figuier-de-saint-esprit.html,../places/le-figuier-de-saint-esprit.html
guide/nice.html,daily/day-11.html,../daily/day-11.html
guide/nice.html,places/restaurant-beatrice.html,../places/restaurant-beatrice.html
guide/nice.html,daily/day-07.html,../daily/day-07.html
guide/nice.html,daily/day-12.html,../daily/day-12.html
guide/nice.html,daily/day-07.html,../daily/day-07.html
guide/nice.html,daily/day-08.html,../daily/day-08.html
guide/nice.html,daily/day-09.html,../daily/day-09.html
guide/nice.html,daily/day-10.html,../daily/day-10.html
guide/nice.html,daily/day-11.html,../daily/day-11.html
guide/nice.html,daily/day-12.html,../daily/day-12.html
guide/paris.html,map/paris.html,../map/paris.html
guide/paris.html,daily/day-27.html,../daily/day-27.html
guide/paris.html,daily/day-27.html,../daily/day-27.html
guide/paris.html,daily/day-28.html,../daily/day-28.html
guide/paris.html,daily/day-29.html,../daily/day-29.html
guide/paris.html,daily/day-30.html,../daily/day-30.html
guide/paris.html,daily/day-31.html,../daily/day-31.html
guide/paris.html,daily/day-32.html,../daily/day-32.html
guide/paris.html,daily/day-33.html,../daily/day-33.html
guide/paris.html,daily/day-34.html,../daily/day-34.html
guide/paris.html,daily/day-35.html,../daily/day-35.html
guide/paris.html,daily/day-36.html,../daily/day-36.html
guide/paris.html,daily/day-37.html,../daily/day-37.html
guide/paris.html,daily/day-38.html,../daily/day-38.html
guide/paris.html,daily/day-39.html,../daily/day-39.html
guide/paris.html,daily/day-40.html,../daily/day-40.html
guide/paris.html,daily/day-41.html,../daily/day-41.html
guide/paris.html,daily/day-42.html,../daily/day-42.html
guide/paris.html,daily/day-40.html,../daily/day-40.html
guide/paris.html,places/bourse-de-commerce-pinault-collection.html,../places/bourse-de-commerce-pinault-collection.html
guide/paris.html,daily/day-28.html,../daily/day-28.html
guide/paris.html,daily/day-33.html,../daily/day-33.html
guide/paris.html,places/grand-palais.html,../places/grand-palais.html
guide/paris.html,daily/day-29.html,../daily/day-29.html
guide/paris.html,daily/day-29.html,../daily/day-29.html
guide/paris.html,places/latin-quarter.html,../places/latin-quarter.html
guide/paris.html,daily/day-31.html,../daily/day-31.html
guide/paris.html,places/le-marais.html,../places/le-marais.html
guide/paris.html,daily/day-40.html,../daily/day-40.html
guide/paris.html,places/montmartre-south-pigalle.html,../places/montmartre-south-pigalle.html
guide/paris.html,daily/day-39.html,../daily/day-39.html
guide/paris.html,places/musee-carnavalet.html,../places/musee-carnavalet.html
guide/paris.html,places/musee-d-art-moderne-de-paris.html,../places/musee-d-art-moderne-de-paris.html
guide/paris.html,daily/day-41.html,../daily/day-41.html
guide/paris.html,places/musee-d-orsay.html,../places/musee-d-orsay.html
guide/paris.html,daily/day-32.html,../daily/day-32.html
guide/paris.html,daily/day-39.html,../daily/day-39.html
guide/paris.html,places/musee-de-l-orangerie.html,../places/musee-de-l-orangerie.html
guide/paris.html,daily/day-30.html,../daily/day-30.html
guide/paris.html,places/musee-du-louvre.html,../places/musee-du-louvre.html
guide/paris.html,daily/day-35.html,../daily/day-35.html
guide/paris.html,places/musee-du-luxembourg.html,../places/musee-du-luxembourg.html
guide/paris.html,daily/day-29.html,../daily/day-29.html
guide/paris.html,places/musee-guimet.html,../places/musee-guimet.html
guide/paris.html,daily/day-41.html,../daily/day-41.html
guide/paris.html,places/musee-gustave-moreau.html,../places/musee-gustave-moreau.html
guide/paris.html,daily/day-31.html,../daily/day-31.html
guide/paris.html,places/musee-jacquemart-andre.html,../places/musee-jacquemart-andre.html
guide/paris.html,daily/day-38.html,../daily/day-38.html
guide/paris.html,places/musee-marmottan-monet.html,../places/musee-marmottan-monet.html
guide/paris.html,daily/day-36.html,../daily/day-36.html
guide/paris.html,places/musee-picasso-paris.html,../places/musee-picasso-paris.html
guide/paris.html,daily/day-39.html,../daily/day-39.html
guide/paris.html,places/musee-rodin.html,../places/musee-rodin.html
guide/paris.html,daily/day-32.html,../daily/day-32.html
guide/paris.html,places/notre-dame-de-paris.html,../places/notre-dame-de-paris.html
guide/paris.html,daily/day-29.html,../daily/day-29.html
guide/paris.html,places/petit-palais.html,../places/petit-palais.html
guide/paris.html,daily/day-33.html,../daily/day-33.html
guide/paris.html,places/versailles.html,../places/versailles.html
guide/paris.html,daily/day-34.html,../daily/day-34.html
guide/paris.html,daily/day-34.html,../daily/day-34.html
guide/paris.html,daily/day-34.html,../daily/day-34.html
guide/paris.html,places/bnf-richelieu.html,../places/bnf-richelieu.html
guide/paris.html,places/centre-pompidou.html,../places/centre-pompidou.html
guide/paris.html,places/giverny.html,../places/giverny.html
guide/paris.html,places/montorgueil.html,../places/montorgueil.html
guide/paris.html,daily/day-31.html,../daily/day-31.html
guide/paris.html,places/au-petit-riche.html,../places/au-petit-riche.html
guide/paris.html,daily/day-40.html,../daily/day-40.html
guide/paris.html,places/aux-crus-de-bourgogne.html,../places/aux-crus-de-bourgogne.html
guide/paris.html,daily/day-30.html,../daily/day-30.html
guide/paris.html,places/bouillon-chartier-montparnasse.html,../places/bouillon-chartier-montparnasse.html
guide/paris.html,daily/day-32.html,../daily/day-32.html
guide/paris.html,places/cafe-varenne.html,../places/cafe-varenne.html
guide/paris.html,daily/day-28.html,../daily/day-28.html
guide/paris.html,daily/day-32.html,../daily/day-32.html
guide/paris.html,daily/day-42.html,../daily/day-42.html
guide/paris.html,places/cafe-du-commerce.html,../places/cafe-du-commerce.html
guide/paris.html,daily/day-33.html,../daily/day-33.html
guide/paris.html,places/chez-savy.html,../places/chez-savy.html
guide/paris.html,daily/day-34.html,../daily/day-34.html
guide/paris.html,daily/day-41.html,../daily/day-41.html
guide/paris.html,places/le-grand-pan.html,../places/le-grand-pan.html
guide/paris.html,daily/day-41.html,../daily/day-41.html
guide/paris.html,places/les-marches.html,../places/les-marches.html
guide/paris.html,daily/day-29.html,../daily/day-29.html
guide/paris.html,places/bouillon-racine.html,../places/bouillon-racine.html
guide/paris.html,daily/day-37.html,../daily/day-37.html
guide/paris.html,places/breizh-cafe-charles-michels.html,../places/breizh-cafe-charles-michels.html
guide/paris.html,daily/day-39.html,../daily/day-39.html
guide/paris.html,places/chez-janou.html,../places/chez-janou.html
guide/paris.html,daily/day-31.html,../daily/day-31.html
guide/paris.html,places/guylas.html,../places/guylas.html
guide/paris.html,daily/day-34.html,../daily/day-34.html
guide/paris.html,places/la-flottille.html,../places/la-flottille.html
guide/paris.html,daily/day-40.html,../daily/day-40.html
guide/paris.html,places/le-progres-montmartre.html,../places/le-progres-montmartre.html
guide/paris.html,daily/day-38.html,../daily/day-38.html
guide/paris.html,places/le-volant-basque.html,../places/le-volant-basque.html
guide/paris.html,daily/day-33.html,../daily/day-33.html
guide/paris.html,places/stephane-martin.html,../places/stephane-martin.html
guide/paris.html,daily/day-27.html,../daily/day-27.html
guide/paris.html,daily/day-36.html,../daily/day-36.html
guide/paris.html,places/le-relais-du-15eme.html,../places/le-relais-du-15eme.html
guide/paris.html,daily/day-35.html,../daily/day-35.html
guide/paris.html,places/sawadee-paris.html,../places/sawadee-paris.html
guide/paris.html,daily/day-28.html,../daily/day-28.html
guide/paris.html,daily/day-29.html,../daily/day-29.html
guide/paris.html,daily/day-30.html,../daily/day-30.html
guide/paris.html,places/boulangerie-pichard.html,../places/boulangerie-pichard.html
guide/paris.html,daily/day-30.html,../daily/day-30.html
guide/paris.html,daily/day-39.html,../daily/day-39.html
guide/paris.html,places/marche-convention.html,../places/marche-convention.html
guide/paris.html,places/boulangerie-pichard.html,../places/boulangerie-pichard.html
guide/paris.html,places/marche-convention.html,../places/marche-convention.html
guide/paris.html,places/cafe-du-commerce.html,../places/cafe-du-commerce.html
guide/paris.html,places/le-grand-pan.html,../places/le-grand-pan.html
guide/paris.html,places/bouillon-chartier-montparnasse.html,../places/bouillon-chartier-montparnasse.html
guide/paris.html,places/au-petit-riche.html,../places/au-petit-riche.html
guide/paris.html,places/cafe-varenne.html,../places/cafe-varenne.html
guide/paris.html,places/chez-savy.html,../places/chez-savy.html
guide/paris.html,places/la-flottille.html,../places/la-flottille.html
guide/paris.html,places/aux-crus-de-bourgogne.html,../places/aux-crus-de-bourgogne.html
guide/paris.html,places/les-marches.html,../places/les-marches.html
guide/paris.html,places/stephane-martin.html,../places/stephane-martin.html
guide/paris.html,places/le-volant-basque.html,../places/le-volant-basque.html
guide/paris.html,places/guylas.html,../places/guylas.html
guide/paris.html,places/sawadee-paris.html,../places/sawadee-paris.html
guide/paris.html,places/breizh-cafe-charles-michels.html,../places/breizh-cafe-charles-michels.html
guide/paris.html,places/le-relais-du-15eme.html,../places/le-relais-du-15eme.html
guide/paris.html,places/chez-janou.html,../places/chez-janou.html
guide/paris.html,places/le-progres-montmartre.html,../places/le-progres-montmartre.html
guide/paris.html,places/bouillon-racine.html,../places/bouillon-racine.html
guide/paris.html,daily/day-27.html,../daily/day-27.html
guide/paris.html,daily/day-42.html,../daily/day-42.html
guide/paris.html,daily/day-27.html,../daily/day-27.html
guide/paris.html,daily/day-28.html,../daily/day-28.html
guide/paris.html,daily/day-29.html,../daily/day-29.html
guide/paris.html,daily/day-30.html,../daily/day-30.html
guide/paris.html,daily/day-31.html,../daily/day-31.html
guide/paris.html,daily/day-32.html,../daily/day-32.html
guide/paris.html,daily/day-33.html,../daily/day-33.html
guide/paris.html,daily/day-34.html,../daily/day-34.html
guide/paris.html,daily/day-35.html,../daily/day-35.html
guide/paris.html,daily/day-36.html,../daily/day-36.html
guide/paris.html,daily/day-37.html,../daily/day-37.html
guide/paris.html,daily/day-38.html,../daily/day-38.html
guide/paris.html,daily/day-39.html,../daily/day-39.html
guide/paris.html,daily/day-40.html,../daily/day-40.html
guide/paris.html,daily/day-41.html,../daily/day-41.html
guide/paris.html,daily/day-42.html,../daily/day-42.html
map/aix.html,places/saint-paul-de-vence.html,../places/saint-paul-de-vence.html
map/aix.html,places/grasse.html,../places/grasse.html
map/aix.html,places/rotonde.html,../places/rotonde.html
map/aix.html,places/place-richelme-place-des-precheurs.html,../places/place-richelme-place-des-precheurs.html
map/aix.html,places/vieil-aix.html,../places/vieil-aix.html
map/aix.html,places/atelier-des-lauves.html,../places/atelier-des-lauves.html
map/aix.html,places/musee-granet.html,../places/musee-granet.html
map/aix.html,places/cours-mirabeau.html,../places/cours-mirabeau.html
map/aix.html,places/cassis.html,../places/cassis.html
map/aix.html,places/calanques.html,../places/calanques.html
map/aix.html,places/chez-gilbert-cassis.html,../places/chez-gilbert-cassis.html
map/aix.html,places/vieux-port-marseille.html,../places/vieux-port-marseille.html
map/aix.html,places/le-panier.html,../places/le-panier.html
map/aix.html,places/mucem.html,../places/mucem.html
map/aix.html,places/notre-dame-de-la-garde.html,../places/notre-dame-de-la-garde.html
map/aix.html,places/marseille.html,../places/marseille.html
map/aix.html,daily/day-12.html,../daily/day-12.html
map/aix.html,daily/day-13.html,../daily/day-13.html
map/aix.html,daily/day-14.html,../daily/day-14.html
map/aix.html,daily/day-15.html,../daily/day-15.html
map/aix.html,daily/day-16.html,../daily/day-16.html
map/aix.html,guide/aix.html,../guide/aix.html
map/avignon.html,places/saint-remy-de-provence.html,../places/saint-remy-de-provence.html
map/avignon.html,places/les-baux-de-provence.html,../places/les-baux-de-provence.html
map/avignon.html,places/orange.html,../places/orange.html
map/avignon.html,places/uzes.html,../places/uzes.html
map/avignon.html,places/pont-du-gard.html,../places/pont-du-gard.html
map/avignon.html,places/arenes-de-nimes.html,../places/arenes-de-nimes.html
map/avignon.html,places/maison-carree.html,../places/maison-carree.html
map/avignon.html,places/arenes-d-arles.html,../places/arenes-d-arles.html
map/avignon.html,places/theatre-antique-arles.html,../places/theatre-antique-arles.html
map/avignon.html,places/le-gibolin-arles.html,../places/le-gibolin-arles.html
map/avignon.html,places/cloitre-saint-trophime.html,../places/cloitre-saint-trophime.html
map/avignon.html,places/la-roquette.html,../places/la-roquette.html
map/avignon.html,places/les-halles.html,../places/les-halles.html
map/avignon.html,places/palais-des-papes.html,../places/palais-des-papes.html
map/avignon.html,places/rocher-des-doms.html,../places/rocher-des-doms.html
map/avignon.html,places/pont-saint-benezet.html,../places/pont-saint-benezet.html
map/avignon.html,places/les-cocottes-saint-louis.html,../places/les-cocottes-saint-louis.html
map/avignon.html,daily/day-18.html,../daily/day-18.html
map/avignon.html,daily/day-19.html,../daily/day-19.html
map/avignon.html,daily/day-20.html,../daily/day-20.html
map/avignon.html,daily/day-21.html,../daily/day-21.html
map/avignon.html,daily/day-22.html,../daily/day-22.html
map/avignon.html,daily/day-23.html,../daily/day-23.html
map/avignon.html,guide/avignon.html,../guide/avignon.html
map/barcelona.html,places/sant-pau-recinte-modernista.html,../places/sant-pau-recinte-modernista.html
map/barcelona.html,places/puertecillo-sagrada-familia.html,../places/puertecillo-sagrada-familia.html
map/barcelona.html,places/sagrada-familia.html,../places/sagrada-familia.html
map/barcelona.html,places/bodega-joan.html,../places/bodega-joan.html
map/barcelona.html,places/mercat-concepcio.html,../places/mercat-concepcio.html
map/barcelona.html,places/barri-gotic.html,../places/barri-gotic.html
map/barcelona.html,places/biblioteca-de-catalunya.html,../places/biblioteca-de-catalunya.html
map/barcelona.html,places/bar-canete.html,../places/bar-canete.html
map/barcelona.html,places/macba.html,../places/macba.html
map/barcelona.html,places/barcelona-sants.html,../places/barcelona-sants.html
map/barcelona.html,places/cau-ferrat.html,../places/cau-ferrat.html
map/barcelona.html,places/la-zorra.html,../places/la-zorra.html
map/barcelona.html,daily/day-01.html,../daily/day-01.html
map/barcelona.html,daily/day-02.html,../daily/day-02.html
map/barcelona.html,daily/day-03.html,../daily/day-03.html
map/barcelona.html,daily/day-04.html,../daily/day-04.html
map/barcelona.html,guide/barcelona.html,../guide/barcelona.html
map/girona.html,places/collioure.html,../places/collioure.html
map/girona.html,places/pals.html,../places/pals.html
map/girona.html,places/peratallada.html,../places/peratallada.html
map/girona.html,daily/day-04.html,../daily/day-04.html
map/girona.html,daily/day-05.html,../daily/day-05.html
map/girona.html,daily/day-06.html,../daily/day-06.html
map/girona.html,daily/day-07.html,../daily/day-07.html
map/girona.html,guide/girona.html,../guide/girona.html
map/index.html,places/sant-pau-recinte-modernista.html,../places/sant-pau-recinte-modernista.html
map/index.html,places/puertecillo-sagrada-familia.html,../places/puertecillo-sagrada-familia.html
map/index.html,places/sagrada-familia.html,../places/sagrada-familia.html
map/index.html,places/bodega-joan.html,../places/bodega-joan.html
map/index.html,places/mercat-concepcio.html,../places/mercat-concepcio.html
map/index.html,places/barri-gotic.html,../places/barri-gotic.html
map/index.html,places/biblioteca-de-catalunya.html,../places/biblioteca-de-catalunya.html
map/index.html,places/bar-canete.html,../places/bar-canete.html
map/index.html,places/macba.html,../places/macba.html
map/index.html,places/barcelona-sants.html,../places/barcelona-sants.html
map/index.html,places/cau-ferrat.html,../places/cau-ferrat.html
map/index.html,places/la-zorra.html,../places/la-zorra.html
map/index.html,places/collioure.html,../places/collioure.html
map/index.html,places/pals.html,../places/pals.html
map/index.html,places/peratallada.html,../places/peratallada.html
map/index.html,places/nce-airport-tram.html,../places/nce-airport-tram.html
map/index.html,places/promenade-des-anglais.html,../places/promenade-des-anglais.html
map/index.html,places/cours-saleya.html,../places/cours-saleya.html
map/index.html,places/vieux-nice.html,../places/vieux-nice.html
map/index.html,places/colline-du-chateau.html,../places/colline-du-chateau.html
map/index.html,places/nice-ville.html,../places/nice-ville.html
map/index.html,places/le-figuier-de-saint-esprit.html,../places/le-figuier-de-saint-esprit.html
map/index.html,places/cannes.html,../places/cannes.html
map/index.html,places/le-suquet.html,../places/le-suquet.html
map/index.html,places/le-rocher.html,../places/le-rocher.html
map/index.html,places/monaco.html,../places/monaco.html
map/index.html,places/menton.html,../places/menton.html
map/index.html,places/villa-ephrussi-de-rothschild.html,../places/villa-ephrussi-de-rothschild.html
map/index.html,places/restaurant-beatrice.html,../places/restaurant-beatrice.html
map/index.html,places/saint-paul-de-vence.html,../places/saint-paul-de-vence.html
map/index.html,places/grasse.html,../places/grasse.html
map/index.html,places/rotonde.html,../places/rotonde.html
map/index.html,places/place-richelme-place-des-precheurs.html,../places/place-richelme-place-des-precheurs.html
map/index.html,places/vieil-aix.html,../places/vieil-aix.html
map/index.html,places/atelier-des-lauves.html,../places/atelier-des-lauves.html
map/index.html,places/musee-granet.html,../places/musee-granet.html
map/index.html,places/cours-mirabeau.html,../places/cours-mirabeau.html
map/index.html,places/cassis.html,../places/cassis.html
map/index.html,places/calanques.html,../places/calanques.html
map/index.html,places/chez-gilbert-cassis.html,../places/chez-gilbert-cassis.html
map/index.html,places/vieux-port-marseille.html,../places/vieux-port-marseille.html
map/index.html,places/le-panier.html,../places/le-panier.html
map/index.html,places/mucem.html,../places/mucem.html
map/index.html,places/notre-dame-de-la-garde.html,../places/notre-dame-de-la-garde.html
map/index.html,places/marseille.html,../places/marseille.html
map/index.html,places/lourmarin.html,../places/lourmarin.html
map/index.html,places/bonnieux.html,../places/bonnieux.html
map/index.html,places/lacoste.html,../places/lacoste.html
map/index.html,places/gordes.html,../places/gordes.html
map/index.html,places/roussillon-sentier-des-ocres.html,../places/roussillon-sentier-des-ocres.html
map/index.html,places/menerbes.html,../places/menerbes.html
map/index.html,places/goult.html,../places/goult.html
map/index.html,places/abbaye-de-senanque.html,../places/abbaye-de-senanque.html
map/index.html,places/l-isle-sur-la-sorgue.html,../places/l-isle-sur-la-sorgue.html
map/index.html,places/fontaine-de-vaucluse.html,../places/fontaine-de-vaucluse.html
map/index.html,places/saint-remy-de-provence.html,../places/saint-remy-de-provence.html
map/index.html,places/les-baux-de-provence.html,../places/les-baux-de-provence.html
map/index.html,places/orange.html,../places/orange.html
map/index.html,places/uzes.html,../places/uzes.html
map/index.html,places/pont-du-gard.html,../places/pont-du-gard.html
map/index.html,places/arenes-de-nimes.html,../places/arenes-de-nimes.html
map/index.html,places/maison-carree.html,../places/maison-carree.html
map/index.html,places/arenes-d-arles.html,../places/arenes-d-arles.html
map/index.html,places/theatre-antique-arles.html,../places/theatre-antique-arles.html
map/index.html,places/le-gibolin-arles.html,../places/le-gibolin-arles.html
map/index.html,places/cloitre-saint-trophime.html,../places/cloitre-saint-trophime.html
map/index.html,places/la-roquette.html,../places/la-roquette.html
map/index.html,places/les-halles.html,../places/les-halles.html
map/index.html,places/palais-des-papes.html,../places/palais-des-papes.html
map/index.html,places/rocher-des-doms.html,../places/rocher-des-doms.html
map/index.html,places/pont-saint-benezet.html,../places/pont-saint-benezet.html
map/index.html,places/les-cocottes-saint-louis.html,../places/les-cocottes-saint-louis.html
map/index.html,places/bellecour.html,../places/bellecour.html
map/index.html,places/cafe-comptoir-abel.html,../places/cafe-comptoir-abel.html
map/index.html,places/fourviere.html,../places/fourviere.html
map/index.html,places/vieux-lyon.html,../places/vieux-lyon.html
map/index.html,places/daniel-et-denise.html,../places/daniel-et-denise.html
map/index.html,places/croix-rousse.html,../places/croix-rousse.html
map/index.html,places/halles-de-lyon-paul-bocuse.html,../places/halles-de-lyon-paul-bocuse.html
map/index.html,places/parc-de-la-tete-d-or.html,../places/parc-de-la-tete-d-or.html
map/index.html,places/annecy.html,../places/annecy.html
map/index.html,places/chez-mamie-lise.html,../places/chez-mamie-lise.html
map/index.html,places/grand-palais.html,../places/grand-palais.html
map/index.html,places/musee-du-luxembourg.html,../places/musee-du-luxembourg.html
map/index.html,places/latin-quarter.html,../places/latin-quarter.html
map/index.html,places/notre-dame-de-paris.html,../places/notre-dame-de-paris.html
map/index.html,places/bouillon-racine.html,../places/bouillon-racine.html
map/index.html,places/musee-de-l-orangerie.html,../places/musee-de-l-orangerie.html
map/index.html,places/musee-gustave-moreau.html,../places/musee-gustave-moreau.html
map/index.html,places/au-petit-riche.html,../places/au-petit-riche.html
map/index.html,places/le-marais.html,../places/le-marais.html
map/index.html,places/musee-d-orsay.html,../places/musee-d-orsay.html
map/index.html,places/cafe-varenne.html,../places/cafe-varenne.html
map/index.html,places/musee-rodin.html,../places/musee-rodin.html
map/index.html,places/petit-palais.html,../places/petit-palais.html
map/index.html,places/chez-savy.html,../places/chez-savy.html
map/index.html,places/versailles.html,../places/versailles.html
map/index.html,places/la-flottille.html,../places/la-flottille.html
map/index.html,places/musee-du-louvre.html,../places/musee-du-louvre.html
map/index.html,places/musee-marmottan-monet.html,../places/musee-marmottan-monet.html
map/index.html,places/musee-jacquemart-andre.html,../places/musee-jacquemart-andre.html
map/index.html,places/musee-picasso-paris.html,../places/musee-picasso-paris.html
map/index.html,places/musee-carnavalet.html,../places/musee-carnavalet.html
map/index.html,places/chez-janou.html,../places/chez-janou.html
map/index.html,places/bourse-de-commerce-pinault-collection.html,../places/bourse-de-commerce-pinault-collection.html
map/index.html,places/aux-crus-de-bourgogne.html,../places/aux-crus-de-bourgogne.html
map/index.html,places/montmartre-south-pigalle.html,../places/montmartre-south-pigalle.html
map/index.html,places/le-progres-montmartre.html,../places/le-progres-montmartre.html
map/index.html,places/musee-guimet.html,../places/musee-guimet.html
map/index.html,places/les-marches.html,../places/les-marches.html
map/index.html,places/musee-d-art-moderne-de-paris.html,../places/musee-d-art-moderne-de-paris.html
map/index.html,places/le-grand-pan.html,../places/le-grand-pan.html
map/index.html,places/cafe-du-commerce.html,../places/cafe-du-commerce.html
map/luberon.html,places/lourmarin.html,../places/lourmarin.html
map/luberon.html,places/bonnieux.html,../places/bonnieux.html
map/luberon.html,places/lacoste.html,../places/lacoste.html
map/luberon.html,places/gordes.html,../places/gordes.html
map/luberon.html,places/roussillon-sentier-des-ocres.html,../places/roussillon-sentier-des-ocres.html
map/luberon.html,places/menerbes.html,../places/menerbes.html
map/luberon.html,places/goult.html,../places/goult.html
map/luberon.html,places/abbaye-de-senanque.html,../places/abbaye-de-senanque.html
map/luberon.html,places/l-isle-sur-la-sorgue.html,../places/l-isle-sur-la-sorgue.html
map/luberon.html,places/fontaine-de-vaucluse.html,../places/fontaine-de-vaucluse.html
map/luberon.html,daily/day-16.html,../daily/day-16.html
map/luberon.html,daily/day-17.html,../daily/day-17.html
map/luberon.html,daily/day-18.html,../daily/day-18.html
map/luberon.html,guide/luberon.html,../guide/luberon.html
map/lyon.html,places/bellecour.html,../places/bellecour.html
map/lyon.html,places/cafe-comptoir-abel.html,../places/cafe-comptoir-abel.html
map/lyon.html,places/fourviere.html,../places/fourviere.html
map/lyon.html,places/vieux-lyon.html,../places/vieux-lyon.html
map/lyon.html,places/daniel-et-denise.html,../places/daniel-et-denise.html
map/lyon.html,places/croix-rousse.html,../places/croix-rousse.html
map/lyon.html,places/halles-de-lyon-paul-bocuse.html,../places/halles-de-lyon-paul-bocuse.html
map/lyon.html,places/parc-de-la-tete-d-or.html,../places/parc-de-la-tete-d-or.html
map/lyon.html,places/annecy.html,../places/annecy.html
map/lyon.html,places/chez-mamie-lise.html,../places/chez-mamie-lise.html
map/lyon.html,daily/day-23.html,../daily/day-23.html
map/lyon.html,daily/day-24.html,../daily/day-24.html
map/lyon.html,daily/day-25.html,../daily/day-25.html
map/lyon.html,daily/day-26.html,../daily/day-26.html
map/lyon.html,daily/day-27.html,../daily/day-27.html
map/lyon.html,guide/lyon.html,../guide/lyon.html
map/nice.html,places/nce-airport-tram.html,../places/nce-airport-tram.html
map/nice.html,places/promenade-des-anglais.html,../places/promenade-des-anglais.html
map/nice.html,places/cours-saleya.html,../places/cours-saleya.html
map/nice.html,places/vieux-nice.html,../places/vieux-nice.html
map/nice.html,places/colline-du-chateau.html,../places/colline-du-chateau.html
map/nice.html,places/nice-ville.html,../places/nice-ville.html
map/nice.html,places/le-figuier-de-saint-esprit.html,../places/le-figuier-de-saint-esprit.html
map/nice.html,places/cannes.html,../places/cannes.html
map/nice.html,places/le-suquet.html,../places/le-suquet.html
map/nice.html,places/le-rocher.html,../places/le-rocher.html
map/nice.html,places/monaco.html,../places/monaco.html
map/nice.html,places/menton.html,../places/menton.html
map/nice.html,places/villa-ephrussi-de-rothschild.html,../places/villa-ephrussi-de-rothschild.html
map/nice.html,places/restaurant-beatrice.html,../places/restaurant-beatrice.html
map/nice.html,daily/day-07.html,../daily/day-07.html
map/nice.html,daily/day-08.html,../daily/day-08.html
map/nice.html,daily/day-09.html,../daily/day-09.html
map/nice.html,daily/day-10.html,../daily/day-10.html
map/nice.html,daily/day-11.html,../daily/day-11.html
map/nice.html,daily/day-12.html,../daily/day-12.html
map/nice.html,guide/nice.html,../guide/nice.html
map/paris.html,places/grand-palais.html,../places/grand-palais.html
map/paris.html,places/musee-du-luxembourg.html,../places/musee-du-luxembourg.html
map/paris.html,places/latin-quarter.html,../places/latin-quarter.html
map/paris.html,places/notre-dame-de-paris.html,../places/notre-dame-de-paris.html
map/paris.html,places/bouillon-racine.html,../places/bouillon-racine.html
map/paris.html,places/musee-de-l-orangerie.html,../places/musee-de-l-orangerie.html
map/paris.html,places/musee-gustave-moreau.html,../places/musee-gustave-moreau.html
map/paris.html,places/au-petit-riche.html,../places/au-petit-riche.html
map/paris.html,places/le-marais.html,../places/le-marais.html
map/paris.html,places/musee-d-orsay.html,../places/musee-d-orsay.html
map/paris.html,places/cafe-varenne.html,../places/cafe-varenne.html
map/paris.html,places/musee-rodin.html,../places/musee-rodin.html
map/paris.html,places/petit-palais.html,../places/petit-palais.html
map/paris.html,places/chez-savy.html,../places/chez-savy.html
map/paris.html,places/versailles.html,../places/versailles.html
map/paris.html,places/la-flottille.html,../places/la-flottille.html
map/paris.html,places/musee-du-louvre.html,../places/musee-du-louvre.html
map/paris.html,places/musee-marmottan-monet.html,../places/musee-marmottan-monet.html
map/paris.html,places/musee-jacquemart-andre.html,../places/musee-jacquemart-andre.html
map/paris.html,places/musee-picasso-paris.html,../places/musee-picasso-paris.html
map/paris.html,places/musee-carnavalet.html,../places/musee-carnavalet.html
map/paris.html,places/chez-janou.html,../places/chez-janou.html
map/paris.html,places/bourse-de-commerce-pinault-collection.html,../places/bourse-de-commerce-pinault-collection.html
map/paris.html,places/aux-crus-de-bourgogne.html,../places/aux-crus-de-bourgogne.html
map/paris.html,places/montmartre-south-pigalle.html,../places/montmartre-south-pigalle.html
map/paris.html,places/le-progres-montmartre.html,../places/le-progres-montmartre.html
map/paris.html,places/musee-guimet.html,../places/musee-guimet.html
map/paris.html,places/les-marches.html,../places/les-marches.html
map/paris.html,places/musee-d-art-moderne-de-paris.html,../places/musee-d-art-moderne-de-paris.html
map/paris.html,places/le-grand-pan.html,../places/le-grand-pan.html
map/paris.html,places/cafe-du-commerce.html,../places/cafe-du-commerce.html
map/paris.html,daily/day-27.html,../daily/day-27.html
map/paris.html,daily/day-28.html,../daily/day-28.html
map/paris.html,daily/day-29.html,../daily/day-29.html
map/paris.html,daily/day-30.html,../daily/day-30.html
map/paris.html,daily/day-31.html,../daily/day-31.html
map/paris.html,daily/day-32.html,../daily/day-32.html
map/paris.html,daily/day-33.html,../daily/day-33.html
map/paris.html,daily/day-34.html,../daily/day-34.html
map/paris.html,daily/day-35.html,../daily/day-35.html
map/paris.html,daily/day-36.html,../daily/day-36.html
map/paris.html,daily/day-37.html,../daily/day-37.html
map/paris.html,daily/day-38.html,../daily/day-38.html
map/paris.html,daily/day-39.html,../daily/day-39.html
map/paris.html,daily/day-40.html,../daily/day-40.html
map/paris.html,daily/day-41.html,../daily/day-41.html
map/paris.html,daily/day-42.html,../daily/day-42.html
map/paris.html,guide/paris.html,../guide/paris.html
places/abbaye-de-senanque.html,daily/day-17.html,../daily/day-17.html
places/abbaye-de-senanque.html,guide/luberon.html,../guide/luberon.html
places/abbaye-de-senanque.html,places/bonnieux.html,../places/bonnieux.html
places/abbaye-de-senanque.html,places/coustellet.html,../places/coustellet.html
places/abbaye-de-senanque.html,places/gordes.html,../places/gordes.html
places/abbaye-de-senanque.html,places/goult.html,../places/goult.html
places/abbaye-de-senanque.html,places/lacoste.html,../places/lacoste.html
places/abbaye-de-senanque.html,places/lourmarin.html,../places/lourmarin.html
places/annecy.html,daily/day-26.html,../daily/day-26.html
places/annecy.html,guide/lyon.html,../guide/lyon.html
places/annecy.html,places/bellecour.html,../places/bellecour.html
places/annecy.html,places/croix-rousse.html,../places/croix-rousse.html
places/annecy.html,places/fourviere.html,../places/fourviere.html
places/annecy.html,places/halles-de-lyon-paul-bocuse.html,../places/halles-de-lyon-paul-bocuse.html
places/annecy.html,places/parc-de-la-tete-d-or.html,../places/parc-de-la-tete-d-or.html
places/annecy.html,places/vieux-lyon.html,../places/vieux-lyon.html
places/arenes-d-arles.html,daily/day-21.html,../daily/day-21.html
places/arenes-d-arles.html,guide/avignon.html,../guide/avignon.html
places/arenes-d-arles.html,places/carrieres-des-lumieres.html,../places/carrieres-des-lumieres.html
places/arenes-d-arles.html,places/glanum.html,../places/glanum.html
places/arenes-d-arles.html,places/les-baux-de-provence.html,../places/les-baux-de-provence.html
places/arenes-d-arles.html,places/les-halles.html,../places/les-halles.html
places/arenes-d-arles.html,places/palais-des-papes.html,../places/palais-des-papes.html
places/arenes-d-arles.html,places/pont-saint-benezet.html,../places/pont-saint-benezet.html
places/arenes-de-nimes.html,daily/day-20.html,../daily/day-20.html
places/arenes-de-nimes.html,guide/avignon.html,../guide/avignon.html
places/arenes-de-nimes.html,places/carrieres-des-lumieres.html,../places/carrieres-des-lumieres.html
places/arenes-de-nimes.html,places/glanum.html,../places/glanum.html
places/arenes-de-nimes.html,places/les-baux-de-provence.html,../places/les-baux-de-provence.html
places/arenes-de-nimes.html,places/les-halles.html,../places/les-halles.html
places/arenes-de-nimes.html,places/palais-des-papes.html,../places/palais-des-papes.html
places/arenes-de-nimes.html,places/pont-saint-benezet.html,../places/pont-saint-benezet.html
places/arles.html,guide/avignon.html,../guide/avignon.html
places/arles.html,places/carrieres-des-lumieres.html,../places/carrieres-des-lumieres.html
places/arles.html,places/glanum.html,../places/glanum.html
places/arles.html,places/les-baux-de-provence.html,../places/les-baux-de-provence.html
places/arles.html,places/les-halles.html,../places/les-halles.html
places/arles.html,places/palais-des-papes.html,../places/palais-des-papes.html
places/arles.html,places/pont-saint-benezet.html,../places/pont-saint-benezet.html
places/atelier-des-lauves.html,daily/day-13.html,../daily/day-13.html
places/atelier-des-lauves.html,guide/aix.html,../guide/aix.html
places/atelier-des-lauves.html,places/bastide-du-jas-de-bouffan.html,../places/bastide-du-jas-de-bouffan.html
places/atelier-des-lauves.html,places/calanques.html,../places/calanques.html
places/atelier-des-lauves.html,places/carrieres-de-bibemus.html,../places/carrieres-de-bibemus.html
places/atelier-des-lauves.html,places/cassis.html,../places/cassis.html
places/atelier-des-lauves.html,places/cours-mirabeau.html,../places/cours-mirabeau.html
places/atelier-des-lauves.html,places/grasse.html,../places/grasse.html
places/au-petit-riche.html,daily/day-31.html,../daily/day-31.html
places/au-petit-riche.html,guide/paris.html,../guide/paris.html
places/au-petit-riche.html,places/bnf-richelieu.html,../places/bnf-richelieu.html
places/au-petit-riche.html,places/bourse-de-commerce-pinault-collection.html,../places/bourse-de-commerce-pinault-collection.html
places/au-petit-riche.html,places/centre-pompidou.html,../places/centre-pompidou.html
places/au-petit-riche.html,places/giverny.html,../places/giverny.html
places/au-petit-riche.html,places/grand-palais.html,../places/grand-palais.html
places/au-petit-riche.html,places/latin-quarter.html,../places/latin-quarter.html
places/aux-crus-de-bourgogne.html,daily/day-40.html,../daily/day-40.html
places/aux-crus-de-bourgogne.html,guide/paris.html,../guide/paris.html
places/aux-crus-de-bourgogne.html,places/bnf-richelieu.html,../places/bnf-richelieu.html
places/aux-crus-de-bourgogne.html,places/bourse-de-commerce-pinault-collection.html,../places/bourse-de-commerce-pinault-collection.html
places/aux-crus-de-bourgogne.html,places/centre-pompidou.html,../places/centre-pompidou.html
places/aux-crus-de-bourgogne.html,places/giverny.html,../places/giverny.html
places/aux-crus-de-bourgogne.html,places/grand-palais.html,../places/grand-palais.html
places/aux-crus-de-bourgogne.html,places/latin-quarter.html,../places/latin-quarter.html
places/bar-canete.html,daily/day-03.html,../daily/day-03.html
places/bar-canete.html,guide/barcelona.html,../guide/barcelona.html
places/bar-canete.html,places/barcelona-sants.html,../places/barcelona-sants.html
places/bar-canete.html,places/barri-gotic.html,../places/barri-gotic.html
places/bar-canete.html,places/biblioteca-de-catalunya.html,../places/biblioteca-de-catalunya.html
places/bar-canete.html,places/cau-ferrat.html,../places/cau-ferrat.html
places/bar-canete.html,places/macba.html,../places/macba.html
places/bar-canete.html,places/palau-de-maricel.html,../places/palau-de-maricel.html
places/barcelona-historic-walk.html,guide/barcelona.html,../guide/barcelona.html
places/barcelona-historic-walk.html,places/barcelona-sants.html,../places/barcelona-sants.html
places/barcelona-historic-walk.html,places/barri-gotic.html,../places/barri-gotic.html
places/barcelona-historic-walk.html,places/biblioteca-de-catalunya.html,../places/biblioteca-de-catalunya.html
places/barcelona-historic-walk.html,places/cau-ferrat.html,../places/cau-ferrat.html
places/barcelona-historic-walk.html,places/macba.html,../places/macba.html
places/barcelona-historic-walk.html,places/palau-de-maricel.html,../places/palau-de-maricel.html
places/barcelona-modernisme-walk.html,guide/barcelona.html,../guide/barcelona.html
places/barcelona-modernisme-walk.html,places/barcelona-sants.html,../places/barcelona-sants.html
places/barcelona-modernisme-walk.html,places/barri-gotic.html,../places/barri-gotic.html
places/barcelona-modernisme-walk.html,places/biblioteca-de-catalunya.html,../places/biblioteca-de-catalunya.html
places/barcelona-modernisme-walk.html,places/cau-ferrat.html,../places/cau-ferrat.html
places/barcelona-modernisme-walk.html,places/macba.html,../places/macba.html
places/barcelona-modernisme-walk.html,places/palau-de-maricel.html,../places/palau-de-maricel.html
places/barcelona-sants.html,daily/day-04.html,../daily/day-04.html
places/barcelona-sants.html,guide/barcelona.html,../guide/barcelona.html
places/barcelona-sants.html,places/barri-gotic.html,../places/barri-gotic.html
places/barcelona-sants.html,places/biblioteca-de-catalunya.html,../places/biblioteca-de-catalunya.html
places/barcelona-sants.html,places/cau-ferrat.html,../places/cau-ferrat.html
places/barcelona-sants.html,places/macba.html,../places/macba.html
places/barcelona-sants.html,places/palau-de-maricel.html,../places/palau-de-maricel.html
places/barcelona-sants.html,places/sagrada-familia.html,../places/sagrada-familia.html
places/barri-gotic.html,daily/day-03.html,../daily/day-03.html
places/barri-gotic.html,guide/barcelona.html,../guide/barcelona.html
places/barri-gotic.html,places/barcelona-sants.html,../places/barcelona-sants.html
places/barri-gotic.html,places/biblioteca-de-catalunya.html,../places/biblioteca-de-catalunya.html
places/barri-gotic.html,places/cau-ferrat.html,../places/cau-ferrat.html
places/barri-gotic.html,places/macba.html,../places/macba.html
places/barri-gotic.html,places/palau-de-maricel.html,../places/palau-de-maricel.html
places/barri-gotic.html,places/sagrada-familia.html,../places/sagrada-familia.html
places/bastide-du-jas-de-bouffan.html,guide/aix.html,../guide/aix.html
places/bastide-du-jas-de-bouffan.html,places/atelier-des-lauves.html,../places/atelier-des-lauves.html
places/bastide-du-jas-de-bouffan.html,places/calanques.html,../places/calanques.html
places/bastide-du-jas-de-bouffan.html,places/carrieres-de-bibemus.html,../places/carrieres-de-bibemus.html
places/bastide-du-jas-de-bouffan.html,places/cassis.html,../places/cassis.html
places/bastide-du-jas-de-bouffan.html,places/cours-mirabeau.html,../places/cours-mirabeau.html
places/bastide-du-jas-de-bouffan.html,places/grasse.html,../places/grasse.html
places/bellecour.html,daily/day-23.html,../daily/day-23.html
places/bellecour.html,guide/lyon.html,../guide/lyon.html
places/bellecour.html,places/annecy.html,../places/annecy.html
places/bellecour.html,places/croix-rousse.html,../places/croix-rousse.html
places/bellecour.html,places/fourviere.html,../places/fourviere.html
places/bellecour.html,places/halles-de-lyon-paul-bocuse.html,../places/halles-de-lyon-paul-bocuse.html
places/bellecour.html,places/parc-de-la-tete-d-or.html,../places/parc-de-la-tete-d-or.html
places/bellecour.html,places/vieux-lyon.html,../places/vieux-lyon.html
places/biblioteca-de-catalunya.html,daily/day-03.html,../daily/day-03.html
places/biblioteca-de-catalunya.html,guide/barcelona.html,../guide/barcelona.html
places/biblioteca-de-catalunya.html,places/barcelona-sants.html,../places/barcelona-sants.html
places/biblioteca-de-catalunya.html,places/barri-gotic.html,../places/barri-gotic.html
places/biblioteca-de-catalunya.html,places/cau-ferrat.html,../places/cau-ferrat.html
places/biblioteca-de-catalunya.html,places/macba.html,../places/macba.html
places/biblioteca-de-catalunya.html,places/palau-de-maricel.html,../places/palau-de-maricel.html
places/biblioteca-de-catalunya.html,places/sagrada-familia.html,../places/sagrada-familia.html
places/bnf-richelieu.html,guide/paris.html,../guide/paris.html
places/bnf-richelieu.html,places/bourse-de-commerce-pinault-collection.html,../places/bourse-de-commerce-pinault-collection.html
places/bnf-richelieu.html,places/centre-pompidou.html,../places/centre-pompidou.html
places/bnf-richelieu.html,places/giverny.html,../places/giverny.html
places/bnf-richelieu.html,places/grand-palais.html,../places/grand-palais.html
places/bnf-richelieu.html,places/latin-quarter.html,../places/latin-quarter.html
places/bnf-richelieu.html,places/le-marais.html,../places/le-marais.html
places/bodega-joan.html,daily/day-02.html,../daily/day-02.html
places/bodega-joan.html,guide/barcelona.html,../guide/barcelona.html
places/bodega-joan.html,places/barcelona-sants.html,../places/barcelona-sants.html
places/bodega-joan.html,places/barri-gotic.html,../places/barri-gotic.html
places/bodega-joan.html,places/biblioteca-de-catalunya.html,../places/biblioteca-de-catalunya.html
places/bodega-joan.html,places/cau-ferrat.html,../places/cau-ferrat.html
places/bodega-joan.html,places/macba.html,../places/macba.html
places/bodega-joan.html,places/palau-de-maricel.html,../places/palau-de-maricel.html
places/bonnieux.html,daily/day-16.html,../daily/day-16.html
places/bonnieux.html,guide/luberon.html,../guide/luberon.html
places/bonnieux.html,places/abbaye-de-senanque.html,../places/abbaye-de-senanque.html
places/bonnieux.html,places/coustellet.html,../places/coustellet.html
places/bonnieux.html,places/gordes.html,../places/gordes.html
places/bonnieux.html,places/goult.html,../places/goult.html
places/bonnieux.html,places/lacoste.html,../places/lacoste.html
places/bonnieux.html,places/lourmarin.html,../places/lourmarin.html
places/bouillon-chartier-montparnasse.html,daily/day-30.html,../daily/day-30.html
places/bouillon-chartier-montparnasse.html,guide/paris.html,../guide/paris.html
places/bouillon-chartier-montparnasse.html,places/bnf-richelieu.html,../places/bnf-richelieu.html
places/bouillon-chartier-montparnasse.html,places/bourse-de-commerce-pinault-collection.html,../places/bourse-de-commerce-pinault-collection.html
places/bouillon-chartier-montparnasse.html,places/centre-pompidou.html,../places/centre-pompidou.html
places/bouillon-chartier-montparnasse.html,places/giverny.html,../places/giverny.html
places/bouillon-chartier-montparnasse.html,places/grand-palais.html,../places/grand-palais.html
places/bouillon-chartier-montparnasse.html,places/latin-quarter.html,../places/latin-quarter.html
places/bouillon-racine.html,daily/day-29.html,../daily/day-29.html
places/bouillon-racine.html,guide/paris.html,../guide/paris.html
places/bouillon-racine.html,places/bnf-richelieu.html,../places/bnf-richelieu.html
places/bouillon-racine.html,places/bourse-de-commerce-pinault-collection.html,../places/bourse-de-commerce-pinault-collection.html
places/bouillon-racine.html,places/centre-pompidou.html,../places/centre-pompidou.html
places/bouillon-racine.html,places/giverny.html,../places/giverny.html
places/bouillon-racine.html,places/grand-palais.html,../places/grand-palais.html
places/bouillon-racine.html,places/latin-quarter.html,../places/latin-quarter.html
places/boulangerie-pichard.html,daily/day-28.html,../daily/day-28.html
places/boulangerie-pichard.html,daily/day-29.html,../daily/day-29.html
places/boulangerie-pichard.html,daily/day-30.html,../daily/day-30.html
places/boulangerie-pichard.html,daily/day-35.html,../daily/day-35.html
places/boulangerie-pichard.html,daily/day-36.html,../daily/day-36.html
places/boulangerie-pichard.html,guide/paris.html,../guide/paris.html
places/boulangerie-pichard.html,places/bnf-richelieu.html,../places/bnf-richelieu.html
places/boulangerie-pichard.html,places/bourse-de-commerce-pinault-collection.html,../places/bourse-de-commerce-pinault-collection.html
places/boulangerie-pichard.html,places/centre-pompidou.html,../places/centre-pompidou.html
places/boulangerie-pichard.html,places/giverny.html,../places/giverny.html
places/boulangerie-pichard.html,places/grand-palais.html,../places/grand-palais.html
places/boulangerie-pichard.html,places/latin-quarter.html,../places/latin-quarter.html
places/bourse-de-commerce-pinault-collection.html,daily/day-40.html,../daily/day-40.html
places/bourse-de-commerce-pinault-collection.html,guide/paris.html,../guide/paris.html
places/bourse-de-commerce-pinault-collection.html,places/bnf-richelieu.html,../places/bnf-richelieu.html
places/bourse-de-commerce-pinault-collection.html,places/centre-pompidou.html,../places/centre-pompidou.html
places/bourse-de-commerce-pinault-collection.html,places/giverny.html,../places/giverny.html
places/bourse-de-commerce-pinault-collection.html,places/grand-palais.html,../places/grand-palais.html
places/bourse-de-commerce-pinault-collection.html,places/latin-quarter.html,../places/latin-quarter.html
places/bourse-de-commerce-pinault-collection.html,places/le-marais.html,../places/le-marais.html
places/breizh-cafe-charles-michels.html,daily/day-37.html,../daily/day-37.html
places/breizh-cafe-charles-michels.html,guide/paris.html,../guide/paris.html
places/breizh-cafe-charles-michels.html,places/bnf-richelieu.html,../places/bnf-richelieu.html
places/breizh-cafe-charles-michels.html,places/bourse-de-commerce-pinault-collection.html,../places/bourse-de-commerce-pinault-collection.html
places/breizh-cafe-charles-michels.html,places/centre-pompidou.html,../places/centre-pompidou.html
places/breizh-cafe-charles-michels.html,places/giverny.html,../places/giverny.html
places/breizh-cafe-charles-michels.html,places/grand-palais.html,../places/grand-palais.html
places/breizh-cafe-charles-michels.html,places/latin-quarter.html,../places/latin-quarter.html
places/cafe-comptoir-abel.html,daily/day-23.html,../daily/day-23.html
places/cafe-comptoir-abel.html,guide/lyon.html,../guide/lyon.html
places/cafe-comptoir-abel.html,places/annecy.html,../places/annecy.html
places/cafe-comptoir-abel.html,places/bellecour.html,../places/bellecour.html
places/cafe-comptoir-abel.html,places/croix-rousse.html,../places/croix-rousse.html
places/cafe-comptoir-abel.html,places/fourviere.html,../places/fourviere.html
places/cafe-comptoir-abel.html,places/halles-de-lyon-paul-bocuse.html,../places/halles-de-lyon-paul-bocuse.html
places/cafe-comptoir-abel.html,places/parc-de-la-tete-d-or.html,../places/parc-de-la-tete-d-or.html
places/cafe-du-commerce.html,daily/day-28.html,../daily/day-28.html
places/cafe-du-commerce.html,daily/day-32.html,../daily/day-32.html
places/cafe-du-commerce.html,daily/day-42.html,../daily/day-42.html
places/cafe-du-commerce.html,guide/paris.html,../guide/paris.html
places/cafe-du-commerce.html,places/bnf-richelieu.html,../places/bnf-richelieu.html
places/cafe-du-commerce.html,places/bourse-de-commerce-pinault-collection.html,../places/bourse-de-commerce-pinault-collection.html
places/cafe-du-commerce.html,places/centre-pompidou.html,../places/centre-pompidou.html
places/cafe-du-commerce.html,places/giverny.html,../places/giverny.html
places/cafe-du-commerce.html,places/grand-palais.html,../places/grand-palais.html
places/cafe-du-commerce.html,places/latin-quarter.html,../places/latin-quarter.html
places/cafe-varenne.html,daily/day-32.html,../daily/day-32.html
places/cafe-varenne.html,guide/paris.html,../guide/paris.html
places/cafe-varenne.html,places/bnf-richelieu.html,../places/bnf-richelieu.html
places/cafe-varenne.html,places/bourse-de-commerce-pinault-collection.html,../places/bourse-de-commerce-pinault-collection.html
places/cafe-varenne.html,places/centre-pompidou.html,../places/centre-pompidou.html
places/cafe-varenne.html,places/giverny.html,../places/giverny.html
places/cafe-varenne.html,places/grand-palais.html,../places/grand-palais.html
places/cafe-varenne.html,places/latin-quarter.html,../places/latin-quarter.html
places/calanques.html,daily/day-14.html,../daily/day-14.html
places/calanques.html,guide/aix.html,../guide/aix.html
places/calanques.html,places/atelier-des-lauves.html,../places/atelier-des-lauves.html
places/calanques.html,places/bastide-du-jas-de-bouffan.html,../places/bastide-du-jas-de-bouffan.html
places/calanques.html,places/carrieres-de-bibemus.html,../places/carrieres-de-bibemus.html
places/calanques.html,places/cassis.html,../places/cassis.html
places/calanques.html,places/cours-mirabeau.html,../places/cours-mirabeau.html
places/calanques.html,places/grasse.html,../places/grasse.html
places/calella-de-palafrugell.html,guide/girona.html,../guide/girona.html
places/calella-de-palafrugell.html,places/collioure.html,../places/collioure.html
places/calella-de-palafrugell.html,places/girona-cathedral.html,../places/girona-cathedral.html
places/calella-de-palafrugell.html,places/passeig-de-la-muralla.html,../places/passeig-de-la-muralla.html
places/calella-de-palafrugell.html,places/onyar.html,../places/onyar.html
places/calella-de-palafrugell.html,places/pals.html,../places/pals.html
places/calella-de-palafrugell.html,places/peralada.html,../places/peralada.html
places/cannes-walk.html,guide/nice.html,../guide/nice.html
places/cannes-walk.html,places/cannes.html,../places/cannes.html
places/cannes-walk.html,places/colline-du-chateau.html,../places/colline-du-chateau.html
places/cannes-walk.html,places/cours-saleya.html,../places/cours-saleya.html
places/cannes-walk.html,places/le-rocher.html,../places/le-rocher.html
places/cannes-walk.html,places/le-suquet.html,../places/le-suquet.html
places/cannes-walk.html,places/marche-forville.html,../places/marche-forville.html
places/cannes.html,daily/day-09.html,../daily/day-09.html
places/cannes.html,guide/nice.html,../guide/nice.html
places/cannes.html,places/colline-du-chateau.html,../places/colline-du-chateau.html
places/cannes.html,places/cours-saleya.html,../places/cours-saleya.html
places/cannes.html,places/le-rocher.html,../places/le-rocher.html
places/cannes.html,places/le-suquet.html,../places/le-suquet.html
places/cannes.html,places/marche-forville.html,../places/marche-forville.html
places/cannes.html,places/marche-de-la-liberation.html,../places/marche-de-la-liberation.html
places/carrieres-de-bibemus.html,guide/aix.html,../guide/aix.html
places/carrieres-de-bibemus.html,places/atelier-des-lauves.html,../places/atelier-des-lauves.html
places/carrieres-de-bibemus.html,places/bastide-du-jas-de-bouffan.html,../places/bastide-du-jas-de-bouffan.html
places/carrieres-de-bibemus.html,places/calanques.html,../places/calanques.html
places/carrieres-de-bibemus.html,places/cassis.html,../places/cassis.html
places/carrieres-de-bibemus.html,places/cours-mirabeau.html,../places/cours-mirabeau.html
places/carrieres-de-bibemus.html,places/grasse.html,../places/grasse.html
places/carrieres-des-lumieres.html,guide/avignon.html,../guide/avignon.html
places/carrieres-des-lumieres.html,places/glanum.html,../places/glanum.html
places/carrieres-des-lumieres.html,places/les-baux-de-provence.html,../places/les-baux-de-provence.html
places/carrieres-des-lumieres.html,places/les-halles.html,../places/les-halles.html
places/carrieres-des-lumieres.html,places/palais-des-papes.html,../places/palais-des-papes.html
places/carrieres-des-lumieres.html,places/pont-saint-benezet.html,../places/pont-saint-benezet.html
places/carrieres-des-lumieres.html,places/pont-du-gard.html,../places/pont-du-gard.html
places/casa-marieta.html,guide/girona.html,../guide/girona.html
places/casa-marieta.html,places/calella-de-palafrugell.html,../places/calella-de-palafrugell.html
places/casa-marieta.html,places/collioure.html,../places/collioure.html
places/casa-marieta.html,places/girona-cathedral.html,../places/girona-cathedral.html
places/casa-marieta.html,places/passeig-de-la-muralla.html,../places/passeig-de-la-muralla.html
places/casa-marieta.html,places/onyar.html,../places/onyar.html
places/casa-marieta.html,places/pals.html,../places/pals.html
places/cassis.html,daily/day-14.html,../daily/day-14.html
places/cassis.html,guide/aix.html,../guide/aix.html
places/cassis.html,places/atelier-des-lauves.html,../places/atelier-des-lauves.html
places/cassis.html,places/bastide-du-jas-de-bouffan.html,../places/bastide-du-jas-de-bouffan.html
places/cassis.html,places/calanques.html,../places/calanques.html
places/cassis.html,places/carrieres-de-bibemus.html,../places/carrieres-de-bibemus.html
places/cassis.html,places/cours-mirabeau.html,../places/cours-mirabeau.html
places/cassis.html,places/grasse.html,../places/grasse.html
places/cau-ferrat.html,daily/day-04.html,../daily/day-04.html
places/cau-ferrat.html,guide/barcelona.html,../guide/barcelona.html
places/cau-ferrat.html,places/barcelona-sants.html,../places/barcelona-sants.html
places/cau-ferrat.html,places/barri-gotic.html,../places/barri-gotic.html
places/cau-ferrat.html,places/biblioteca-de-catalunya.html,../places/biblioteca-de-catalunya.html
places/cau-ferrat.html,places/macba.html,../places/macba.html
places/cau-ferrat.html,places/palau-de-maricel.html,../places/palau-de-maricel.html
places/cau-ferrat.html,places/sagrada-familia.html,../places/sagrada-familia.html
places/centre-pompidou.html,guide/paris.html,../guide/paris.html
places/centre-pompidou.html,places/bnf-richelieu.html,../places/bnf-richelieu.html
places/centre-pompidou.html,places/bourse-de-commerce-pinault-collection.html,../places/bourse-de-commerce-pinault-collection.html
places/centre-pompidou.html,places/giverny.html,../places/giverny.html
places/centre-pompidou.html,places/grand-palais.html,../places/grand-palais.html
places/centre-pompidou.html,places/latin-quarter.html,../places/latin-quarter.html
places/centre-pompidou.html,places/le-marais.html,../places/le-marais.html
places/chez-gilbert-cassis.html,daily/day-14.html,../daily/day-14.html
places/chez-gilbert-cassis.html,guide/aix.html,../guide/aix.html
places/chez-gilbert-cassis.html,places/atelier-des-lauves.html,../places/atelier-des-lauves.html
places/chez-gilbert-cassis.html,places/bastide-du-jas-de-bouffan.html,../places/bastide-du-jas-de-bouffan.html
places/chez-gilbert-cassis.html,places/calanques.html,../places/calanques.html
places/chez-gilbert-cassis.html,places/carrieres-de-bibemus.html,../places/carrieres-de-bibemus.html
places/chez-gilbert-cassis.html,places/cassis.html,../places/cassis.html
places/chez-gilbert-cassis.html,places/cours-mirabeau.html,../places/cours-mirabeau.html
places/chez-janou.html,daily/day-39.html,../daily/day-39.html
places/chez-janou.html,guide/paris.html,../guide/paris.html
places/chez-janou.html,places/bnf-richelieu.html,../places/bnf-richelieu.html
places/chez-janou.html,places/bourse-de-commerce-pinault-collection.html,../places/bourse-de-commerce-pinault-collection.html
places/chez-janou.html,places/centre-pompidou.html,../places/centre-pompidou.html
places/chez-janou.html,places/giverny.html,../places/giverny.html
places/chez-janou.html,places/grand-palais.html,../places/grand-palais.html
places/chez-janou.html,places/latin-quarter.html,../places/latin-quarter.html
places/chez-mamie-lise.html,daily/day-26.html,../daily/day-26.html
places/chez-mamie-lise.html,guide/lyon.html,../guide/lyon.html
places/chez-mamie-lise.html,places/annecy.html,../places/annecy.html
places/chez-mamie-lise.html,places/bellecour.html,../places/bellecour.html
places/chez-mamie-lise.html,places/croix-rousse.html,../places/croix-rousse.html
places/chez-mamie-lise.html,places/fourviere.html,../places/fourviere.html
places/chez-mamie-lise.html,places/halles-de-lyon-paul-bocuse.html,../places/halles-de-lyon-paul-bocuse.html
places/chez-mamie-lise.html,places/parc-de-la-tete-d-or.html,../places/parc-de-la-tete-d-or.html
places/chez-savy.html,daily/day-33.html,../daily/day-33.html
places/chez-savy.html,guide/paris.html,../guide/paris.html
places/chez-savy.html,places/bnf-richelieu.html,../places/bnf-richelieu.html
places/chez-savy.html,places/bourse-de-commerce-pinault-collection.html,../places/bourse-de-commerce-pinault-collection.html
places/chez-savy.html,places/centre-pompidou.html,../places/centre-pompidou.html
places/chez-savy.html,places/giverny.html,../places/giverny.html
places/chez-savy.html,places/grand-palais.html,../places/grand-palais.html
places/chez-savy.html,places/latin-quarter.html,../places/latin-quarter.html
places/cloitre-saint-trophime.html,daily/day-21.html,../daily/day-21.html
places/cloitre-saint-trophime.html,guide/avignon.html,../guide/avignon.html
places/cloitre-saint-trophime.html,places/carrieres-des-lumieres.html,../places/carrieres-des-lumieres.html
places/cloitre-saint-trophime.html,places/glanum.html,../places/glanum.html
places/cloitre-saint-trophime.html,places/les-baux-de-provence.html,../places/les-baux-de-provence.html
places/cloitre-saint-trophime.html,places/les-halles.html,../places/les-halles.html
places/cloitre-saint-trophime.html,places/palais-des-papes.html,../places/palais-des-papes.html
places/cloitre-saint-trophime.html,places/pont-saint-benezet.html,../places/pont-saint-benezet.html
places/colline-du-chateau.html,daily/day-08.html,../daily/day-08.html
places/colline-du-chateau.html,guide/nice.html,../guide/nice.html
places/colline-du-chateau.html,places/cannes.html,../places/cannes.html
places/colline-du-chateau.html,places/cours-saleya.html,../places/cours-saleya.html
places/colline-du-chateau.html,places/le-rocher.html,../places/le-rocher.html
places/colline-du-chateau.html,places/le-suquet.html,../places/le-suquet.html
places/colline-du-chateau.html,places/marche-forville.html,../places/marche-forville.html
places/colline-du-chateau.html,places/marche-de-la-liberation.html,../places/marche-de-la-liberation.html
places/collioure.html,daily/day-05.html,../daily/day-05.html
places/collioure.html,guide/girona.html,../guide/girona.html
places/collioure.html,places/calella-de-palafrugell.html,../places/calella-de-palafrugell.html
places/collioure.html,places/girona-cathedral.html,../places/girona-cathedral.html
places/collioure.html,places/passeig-de-la-muralla.html,../places/passeig-de-la-muralla.html
places/collioure.html,places/onyar.html,../places/onyar.html
places/collioure.html,places/pals.html,../places/pals.html
places/collioure.html,places/peralada.html,../places/peralada.html
places/cours-mirabeau.html,daily/day-13.html,../daily/day-13.html
places/cours-mirabeau.html,guide/aix.html,../guide/aix.html
places/cours-mirabeau.html,places/atelier-des-lauves.html,../places/atelier-des-lauves.html
places/cours-mirabeau.html,places/bastide-du-jas-de-bouffan.html,../places/bastide-du-jas-de-bouffan.html
places/cours-mirabeau.html,places/calanques.html,../places/calanques.html
places/cours-mirabeau.html,places/carrieres-de-bibemus.html,../places/carrieres-de-bibemus.html
places/cours-mirabeau.html,places/cassis.html,../places/cassis.html
places/cours-mirabeau.html,places/grasse.html,../places/grasse.html
places/cours-saleya.html,daily/day-08.html,../daily/day-08.html
places/cours-saleya.html,guide/nice.html,../guide/nice.html
places/cours-saleya.html,places/cannes.html,../places/cannes.html
places/cours-saleya.html,places/colline-du-chateau.html,../places/colline-du-chateau.html
places/cours-saleya.html,places/le-rocher.html,../places/le-rocher.html
places/cours-saleya.html,places/le-suquet.html,../places/le-suquet.html
places/cours-saleya.html,places/marche-forville.html,../places/marche-forville.html
places/cours-saleya.html,places/marche-de-la-liberation.html,../places/marche-de-la-liberation.html
places/coustellet.html,guide/luberon.html,../guide/luberon.html
places/coustellet.html,places/abbaye-de-senanque.html,../places/abbaye-de-senanque.html
places/coustellet.html,places/bonnieux.html,../places/bonnieux.html
places/coustellet.html,places/gordes.html,../places/gordes.html
places/coustellet.html,places/goult.html,../places/goult.html
places/coustellet.html,places/lacoste.html,../places/lacoste.html
places/coustellet.html,places/lourmarin.html,../places/lourmarin.html
places/croix-rousse.html,daily/day-25.html,../daily/day-25.html
places/croix-rousse.html,guide/lyon.html,../guide/lyon.html
places/croix-rousse.html,places/annecy.html,../places/annecy.html
places/croix-rousse.html,places/bellecour.html,../places/bellecour.html
places/croix-rousse.html,places/fourviere.html,../places/fourviere.html
places/croix-rousse.html,places/halles-de-lyon-paul-bocuse.html,../places/halles-de-lyon-paul-bocuse.html
places/croix-rousse.html,places/parc-de-la-tete-d-or.html,../places/parc-de-la-tete-d-or.html
places/croix-rousse.html,places/vieux-lyon.html,../places/vieux-lyon.html
places/daniel-et-denise.html,daily/day-24.html,../daily/day-24.html
places/daniel-et-denise.html,guide/lyon.html,../guide/lyon.html
places/daniel-et-denise.html,places/annecy.html,../places/annecy.html
places/daniel-et-denise.html,places/bellecour.html,../places/bellecour.html
places/daniel-et-denise.html,places/croix-rousse.html,../places/croix-rousse.html
places/daniel-et-denise.html,places/fourviere.html,../places/fourviere.html
places/daniel-et-denise.html,places/halles-de-lyon-paul-bocuse.html,../places/halles-de-lyon-paul-bocuse.html
places/daniel-et-denise.html,places/parc-de-la-tete-d-or.html,../places/parc-de-la-tete-d-or.html
places/fondation-vincent-van-gogh-arles.html,guide/avignon.html,../guide/avignon.html
places/fondation-vincent-van-gogh-arles.html,places/carrieres-des-lumieres.html,../places/carrieres-des-lumieres.html
places/fondation-vincent-van-gogh-arles.html,places/glanum.html,../places/glanum.html
places/fondation-vincent-van-gogh-arles.html,places/les-baux-de-provence.html,../places/les-baux-de-provence.html
places/fondation-vincent-van-gogh-arles.html,places/les-halles.html,../places/les-halles.html
places/fondation-vincent-van-gogh-arles.html,places/palais-des-papes.html,../places/palais-des-papes.html
places/fondation-vincent-van-gogh-arles.html,places/pont-saint-benezet.html,../places/pont-saint-benezet.html
places/fontaine-de-vaucluse.html,daily/day-18.html,../daily/day-18.html
places/fontaine-de-vaucluse.html,guide/luberon.html,../guide/luberon.html
places/fontaine-de-vaucluse.html,places/abbaye-de-senanque.html,../places/abbaye-de-senanque.html
places/fontaine-de-vaucluse.html,places/bonnieux.html,../places/bonnieux.html
places/fontaine-de-vaucluse.html,places/coustellet.html,../places/coustellet.html
places/fontaine-de-vaucluse.html,places/gordes.html,../places/gordes.html
places/fontaine-de-vaucluse.html,places/goult.html,../places/goult.html
places/fontaine-de-vaucluse.html,places/lacoste.html,../places/lacoste.html
places/fort-saint-jean.html,guide/aix.html,../guide/aix.html
places/fort-saint-jean.html,places/atelier-des-lauves.html,../places/atelier-des-lauves.html
places/fort-saint-jean.html,places/bastide-du-jas-de-bouffan.html,../places/bastide-du-jas-de-bouffan.html
places/fort-saint-jean.html,places/calanques.html,../places/calanques.html
places/fort-saint-jean.html,places/carrieres-de-bibemus.html,../places/carrieres-de-bibemus.html
places/fort-saint-jean.html,places/cassis.html,../places/cassis.html
places/fort-saint-jean.html,places/cours-mirabeau.html,../places/cours-mirabeau.html
places/fou-de-fafa-avignon.html,guide/avignon.html,../guide/avignon.html
places/fou-de-fafa-avignon.html,places/carrieres-des-lumieres.html,../places/carrieres-des-lumieres.html
places/fou-de-fafa-avignon.html,places/glanum.html,../places/glanum.html
places/fou-de-fafa-avignon.html,places/les-baux-de-provence.html,../places/les-baux-de-provence.html
places/fou-de-fafa-avignon.html,places/les-halles.html,../places/les-halles.html
places/fou-de-fafa-avignon.html,places/palais-des-papes.html,../places/palais-des-papes.html
places/fou-de-fafa-avignon.html,places/pont-saint-benezet.html,../places/pont-saint-benezet.html
places/fourviere.html,daily/day-24.html,../daily/day-24.html
places/fourviere.html,guide/lyon.html,../guide/lyon.html
places/fourviere.html,places/annecy.html,../places/annecy.html
places/fourviere.html,places/bellecour.html,../places/bellecour.html
places/fourviere.html,places/croix-rousse.html,../places/croix-rousse.html
places/fourviere.html,places/halles-de-lyon-paul-bocuse.html,../places/halles-de-lyon-paul-bocuse.html
places/fourviere.html,places/parc-de-la-tete-d-or.html,../places/parc-de-la-tete-d-or.html
places/fourviere.html,places/vieux-lyon.html,../places/vieux-lyon.html
places/girona-cathedral.html,guide/girona.html,../guide/girona.html
places/girona-cathedral.html,places/calella-de-palafrugell.html,../places/calella-de-palafrugell.html
places/girona-cathedral.html,places/collioure.html,../places/collioure.html
places/girona-cathedral.html,places/passeig-de-la-muralla.html,../places/passeig-de-la-muralla.html
places/girona-cathedral.html,places/onyar.html,../places/onyar.html
places/girona-cathedral.html,places/pals.html,../places/pals.html
places/girona-cathedral.html,places/peralada.html,../places/peralada.html
places/girona-old-town-walk.html,guide/girona.html,../guide/girona.html
places/girona-old-town-walk.html,places/calella-de-palafrugell.html,../places/calella-de-palafrugell.html
places/girona-old-town-walk.html,places/collioure.html,../places/collioure.html
places/girona-old-town-walk.html,places/girona-cathedral.html,../places/girona-cathedral.html
places/girona-old-town-walk.html,places/passeig-de-la-muralla.html,../places/passeig-de-la-muralla.html
places/girona-old-town-walk.html,places/onyar.html,../places/onyar.html
places/girona-old-town-walk.html,places/pals.html,../places/pals.html
places/giverny.html,guide/paris.html,../guide/paris.html
places/giverny.html,places/bnf-richelieu.html,../places/bnf-richelieu.html
places/giverny.html,places/bourse-de-commerce-pinault-collection.html,../places/bourse-de-commerce-pinault-collection.html
places/giverny.html,places/centre-pompidou.html,../places/centre-pompidou.html
places/giverny.html,places/grand-palais.html,../places/grand-palais.html
places/giverny.html,places/latin-quarter.html,../places/latin-quarter.html
places/giverny.html,places/le-marais.html,../places/le-marais.html
places/glanum.html,guide/avignon.html,../guide/avignon.html
places/glanum.html,places/carrieres-des-lumieres.html,../places/carrieres-des-lumieres.html
places/glanum.html,places/les-baux-de-provence.html,../places/les-baux-de-provence.html
places/glanum.html,places/les-halles.html,../places/les-halles.html
places/glanum.html,places/palais-des-papes.html,../places/palais-des-papes.html
places/glanum.html,places/pont-saint-benezet.html,../places/pont-saint-benezet.html
places/glanum.html,places/pont-du-gard.html,../places/pont-du-gard.html
places/gordes.html,daily/day-16.html,../daily/day-16.html
places/gordes.html,daily/day-17.html,../daily/day-17.html
places/gordes.html,guide/luberon.html,../guide/luberon.html
places/gordes.html,places/abbaye-de-senanque.html,../places/abbaye-de-senanque.html
places/gordes.html,places/bonnieux.html,../places/bonnieux.html
places/gordes.html,places/coustellet.html,../places/coustellet.html
places/gordes.html,places/goult.html,../places/goult.html
places/gordes.html,places/lacoste.html,../places/lacoste.html
places/gordes.html,places/lourmarin.html,../places/lourmarin.html
places/goult.html,daily/day-17.html,../daily/day-17.html
places/goult.html,guide/luberon.html,../guide/luberon.html
places/goult.html,places/abbaye-de-senanque.html,../places/abbaye-de-senanque.html
places/goult.html,places/bonnieux.html,../places/bonnieux.html
places/goult.html,places/coustellet.html,../places/coustellet.html
places/goult.html,places/gordes.html,../places/gordes.html
places/goult.html,places/lacoste.html,../places/lacoste.html
places/goult.html,places/lourmarin.html,../places/lourmarin.html
places/grand-palais.html,daily/day-28.html,../daily/day-28.html
places/grand-palais.html,daily/day-33.html,../daily/day-33.html
places/grand-palais.html,guide/paris.html,../guide/paris.html
places/grand-palais.html,places/bnf-richelieu.html,../places/bnf-richelieu.html
places/grand-palais.html,places/bourse-de-commerce-pinault-collection.html,../places/bourse-de-commerce-pinault-collection.html
places/grand-palais.html,places/centre-pompidou.html,../places/centre-pompidou.html
places/grand-palais.html,places/giverny.html,../places/giverny.html
places/grand-palais.html,places/latin-quarter.html,../places/latin-quarter.html
places/grand-palais.html,places/le-marais.html,../places/le-marais.html
places/grasse.html,daily/day-12.html,../daily/day-12.html
places/grasse.html,guide/aix.html,../guide/aix.html
places/grasse.html,places/atelier-des-lauves.html,../places/atelier-des-lauves.html
places/grasse.html,places/bastide-du-jas-de-bouffan.html,../places/bastide-du-jas-de-bouffan.html
places/grasse.html,places/calanques.html,../places/calanques.html
places/grasse.html,places/carrieres-de-bibemus.html,../places/carrieres-de-bibemus.html
places/grasse.html,places/cassis.html,../places/cassis.html
places/grasse.html,places/cours-mirabeau.html,../places/cours-mirabeau.html
places/guylas.html,daily/day-31.html,../daily/day-31.html
places/guylas.html,guide/paris.html,../guide/paris.html
places/guylas.html,places/bnf-richelieu.html,../places/bnf-richelieu.html
places/guylas.html,places/bourse-de-commerce-pinault-collection.html,../places/bourse-de-commerce-pinault-collection.html
places/guylas.html,places/centre-pompidou.html,../places/centre-pompidou.html
places/guylas.html,places/giverny.html,../places/giverny.html
places/guylas.html,places/grand-palais.html,../places/grand-palais.html
places/guylas.html,places/latin-quarter.html,../places/latin-quarter.html
places/halles-de-lyon-paul-bocuse.html,daily/day-25.html,../daily/day-25.html
places/halles-de-lyon-paul-bocuse.html,guide/lyon.html,../guide/lyon.html
places/halles-de-lyon-paul-bocuse.html,places/annecy.html,../places/annecy.html
places/halles-de-lyon-paul-bocuse.html,places/bellecour.html,../places/bellecour.html
places/halles-de-lyon-paul-bocuse.html,places/croix-rousse.html,../places/croix-rousse.html
places/halles-de-lyon-paul-bocuse.html,places/fourviere.html,../places/fourviere.html
places/halles-de-lyon-paul-bocuse.html,places/parc-de-la-tete-d-or.html,../places/parc-de-la-tete-d-or.html
places/halles-de-lyon-paul-bocuse.html,places/vieux-lyon.html,../places/vieux-lyon.html
places/l-isle-sur-la-sorgue.html,daily/day-18.html,../daily/day-18.html
places/l-isle-sur-la-sorgue.html,guide/luberon.html,../guide/luberon.html
places/l-isle-sur-la-sorgue.html,places/abbaye-de-senanque.html,../places/abbaye-de-senanque.html
places/l-isle-sur-la-sorgue.html,places/bonnieux.html,../places/bonnieux.html
places/l-isle-sur-la-sorgue.html,places/coustellet.html,../places/coustellet.html
places/l-isle-sur-la-sorgue.html,places/gordes.html,../places/gordes.html
places/l-isle-sur-la-sorgue.html,places/goult.html,../places/goult.html
places/l-isle-sur-la-sorgue.html,places/lacoste.html,../places/lacoste.html
places/la-flottille.html,daily/day-34.html,../daily/day-34.html
places/la-flottille.html,guide/paris.html,../guide/paris.html
places/la-flottille.html,places/bnf-richelieu.html,../places/bnf-richelieu.html
places/la-flottille.html,places/bourse-de-commerce-pinault-collection.html,../places/bourse-de-commerce-pinault-collection.html
places/la-flottille.html,places/centre-pompidou.html,../places/centre-pompidou.html
places/la-flottille.html,places/giverny.html,../places/giverny.html
places/la-flottille.html,places/grand-palais.html,../places/grand-palais.html
places/la-flottille.html,places/latin-quarter.html,../places/latin-quarter.html
places/la-roquette.html,daily/day-21.html,../daily/day-21.html
places/la-roquette.html,guide/avignon.html,../guide/avignon.html
places/la-roquette.html,places/carrieres-des-lumieres.html,../places/carrieres-des-lumieres.html
places/la-roquette.html,places/glanum.html,../places/glanum.html
places/la-roquette.html,places/les-baux-de-provence.html,../places/les-baux-de-provence.html
places/la-roquette.html,places/les-halles.html,../places/les-halles.html
places/la-roquette.html,places/palais-des-papes.html,../places/palais-des-papes.html
places/la-roquette.html,places/pont-saint-benezet.html,../places/pont-saint-benezet.html
places/la-zorra.html,daily/day-04.html,../daily/day-04.html
places/la-zorra.html,guide/barcelona.html,../guide/barcelona.html
places/la-zorra.html,places/barcelona-sants.html,../places/barcelona-sants.html
places/la-zorra.html,places/barri-gotic.html,../places/barri-gotic.html
places/la-zorra.html,places/biblioteca-de-catalunya.html,../places/biblioteca-de-catalunya.html
places/la-zorra.html,places/cau-ferrat.html,../places/cau-ferrat.html
places/la-zorra.html,places/macba.html,../places/macba.html
places/la-zorra.html,places/palau-de-maricel.html,../places/palau-de-maricel.html
places/lacoste.html,daily/day-16.html,../daily/day-16.html
places/lacoste.html,guide/luberon.html,../guide/luberon.html
places/lacoste.html,places/abbaye-de-senanque.html,../places/abbaye-de-senanque.html
places/lacoste.html,places/bonnieux.html,../places/bonnieux.html
places/lacoste.html,places/coustellet.html,../places/coustellet.html
places/lacoste.html,places/gordes.html,../places/gordes.html
places/lacoste.html,places/goult.html,../places/goult.html
places/lacoste.html,places/lourmarin.html,../places/lourmarin.html
places/latin-quarter.html,daily/day-29.html,../daily/day-29.html
places/latin-quarter.html,guide/paris.html,../guide/paris.html
places/latin-quarter.html,places/bnf-richelieu.html,../places/bnf-richelieu.html
places/latin-quarter.html,places/bourse-de-commerce-pinault-collection.html,../places/bourse-de-commerce-pinault-collection.html
places/latin-quarter.html,places/centre-pompidou.html,../places/centre-pompidou.html
places/latin-quarter.html,places/giverny.html,../places/giverny.html
places/latin-quarter.html,places/grand-palais.html,../places/grand-palais.html
places/latin-quarter.html,places/le-marais.html,../places/le-marais.html
places/le-figuier-de-saint-esprit.html,daily/day-09.html,../daily/day-09.html
places/le-figuier-de-saint-esprit.html,guide/nice.html,../guide/nice.html
places/le-figuier-de-saint-esprit.html,places/cannes.html,../places/cannes.html
places/le-figuier-de-saint-esprit.html,places/colline-du-chateau.html,../places/colline-du-chateau.html
places/le-figuier-de-saint-esprit.html,places/cours-saleya.html,../places/cours-saleya.html
places/le-figuier-de-saint-esprit.html,places/le-rocher.html,../places/le-rocher.html
places/le-figuier-de-saint-esprit.html,places/le-suquet.html,../places/le-suquet.html
places/le-figuier-de-saint-esprit.html,places/marche-forville.html,../places/marche-forville.html
places/le-gibolin-arles.html,daily/day-21.html,../daily/day-21.html
places/le-gibolin-arles.html,guide/avignon.html,../guide/avignon.html
places/le-gibolin-arles.html,places/carrieres-des-lumieres.html,../places/carrieres-des-lumieres.html
places/le-gibolin-arles.html,places/glanum.html,../places/glanum.html
places/le-gibolin-arles.html,places/les-baux-de-provence.html,../places/les-baux-de-provence.html
places/le-gibolin-arles.html,places/les-halles.html,../places/les-halles.html
places/le-gibolin-arles.html,places/palais-des-papes.html,../places/palais-des-papes.html
places/le-gibolin-arles.html,places/pont-saint-benezet.html,../places/pont-saint-benezet.html
places/le-grand-pan.html,daily/day-34.html,../daily/day-34.html
places/le-grand-pan.html,daily/day-41.html,../daily/day-41.html
places/le-grand-pan.html,guide/paris.html,../guide/paris.html
places/le-grand-pan.html,places/bnf-richelieu.html,../places/bnf-richelieu.html
places/le-grand-pan.html,places/bourse-de-commerce-pinault-collection.html,../places/bourse-de-commerce-pinault-collection.html
places/le-grand-pan.html,places/centre-pompidou.html,../places/centre-pompidou.html
places/le-grand-pan.html,places/giverny.html,../places/giverny.html
places/le-grand-pan.html,places/grand-palais.html,../places/grand-palais.html
places/le-grand-pan.html,places/latin-quarter.html,../places/latin-quarter.html
places/le-marais.html,daily/day-31.html,../daily/day-31.html
places/le-marais.html,guide/paris.html,../guide/paris.html
places/le-marais.html,places/bnf-richelieu.html,../places/bnf-richelieu.html
places/le-marais.html,places/bourse-de-commerce-pinault-collection.html,../places/bourse-de-commerce-pinault-collection.html
places/le-marais.html,places/centre-pompidou.html,../places/centre-pompidou.html
places/le-marais.html,places/giverny.html,../places/giverny.html
places/le-marais.html,places/grand-palais.html,../places/grand-palais.html
places/le-marais.html,places/latin-quarter.html,../places/latin-quarter.html
places/le-panier.html,daily/day-15.html,../daily/day-15.html
places/le-panier.html,guide/aix.html,../guide/aix.html
places/le-panier.html,places/atelier-des-lauves.html,../places/atelier-des-lauves.html
places/le-panier.html,places/bastide-du-jas-de-bouffan.html,../places/bastide-du-jas-de-bouffan.html
places/le-panier.html,places/calanques.html,../places/calanques.html
places/le-panier.html,places/carrieres-de-bibemus.html,../places/carrieres-de-bibemus.html
places/le-panier.html,places/cassis.html,../places/cassis.html
places/le-panier.html,places/cours-mirabeau.html,../places/cours-mirabeau.html
places/le-progres-montmartre.html,daily/day-40.html,../daily/day-40.html
places/le-progres-montmartre.html,guide/paris.html,../guide/paris.html
places/le-progres-montmartre.html,places/bnf-richelieu.html,../places/bnf-richelieu.html
places/le-progres-montmartre.html,places/bourse-de-commerce-pinault-collection.html,../places/bourse-de-commerce-pinault-collection.html
places/le-progres-montmartre.html,places/centre-pompidou.html,../places/centre-pompidou.html
places/le-progres-montmartre.html,places/giverny.html,../places/giverny.html
places/le-progres-montmartre.html,places/grand-palais.html,../places/grand-palais.html
places/le-progres-montmartre.html,places/latin-quarter.html,../places/latin-quarter.html
places/le-relais-du-15eme.html,daily/day-27.html,../daily/day-27.html
places/le-relais-du-15eme.html,daily/day-36.html,../daily/day-36.html
places/le-relais-du-15eme.html,guide/paris.html,../guide/paris.html
places/le-relais-du-15eme.html,places/bnf-richelieu.html,../places/bnf-richelieu.html
places/le-relais-du-15eme.html,places/bourse-de-commerce-pinault-collection.html,../places/bourse-de-commerce-pinault-collection.html
places/le-relais-du-15eme.html,places/centre-pompidou.html,../places/centre-pompidou.html
places/le-relais-du-15eme.html,places/giverny.html,../places/giverny.html
places/le-relais-du-15eme.html,places/grand-palais.html,../places/grand-palais.html
places/le-relais-du-15eme.html,places/latin-quarter.html,../places/latin-quarter.html
places/le-rocher.html,daily/day-10.html,../daily/day-10.html
places/le-rocher.html,guide/nice.html,../guide/nice.html
places/le-rocher.html,places/cannes.html,../places/cannes.html
places/le-rocher.html,places/colline-du-chateau.html,../places/colline-du-chateau.html
places/le-rocher.html,places/cours-saleya.html,../places/cours-saleya.html
places/le-rocher.html,places/le-suquet.html,../places/le-suquet.html
places/le-rocher.html,places/marche-forville.html,../places/marche-forville.html
places/le-rocher.html,places/marche-de-la-liberation.html,../places/marche-de-la-liberation.html
places/le-suquet.html,daily/day-09.html,../daily/day-09.html
places/le-suquet.html,guide/nice.html,../guide/nice.html
places/le-suquet.html,places/cannes.html,../places/cannes.html
places/le-suquet.html,places/colline-du-chateau.html,../places/colline-du-chateau.html
places/le-suquet.html,places/cours-saleya.html,../places/cours-saleya.html
places/le-suquet.html,places/le-rocher.html,../places/le-rocher.html
places/le-suquet.html,places/marche-forville.html,../places/marche-forville.html
places/le-suquet.html,places/marche-de-la-liberation.html,../places/marche-de-la-liberation.html
places/le-volant-basque.html,daily/day-38.html,../daily/day-38.html
places/le-volant-basque.html,guide/paris.html,../guide/paris.html
places/le-volant-basque.html,places/bnf-richelieu.html,../places/bnf-richelieu.html
places/le-volant-basque.html,places/bourse-de-commerce-pinault-collection.html,../places/bourse-de-commerce-pinault-collection.html
places/le-volant-basque.html,places/centre-pompidou.html,../places/centre-pompidou.html
places/le-volant-basque.html,places/giverny.html,../places/giverny.html
places/le-volant-basque.html,places/grand-palais.html,../places/grand-palais.html
places/le-volant-basque.html,places/latin-quarter.html,../places/latin-quarter.html
places/les-baux-de-provence.html,daily/day-19.html,../daily/day-19.html
places/les-baux-de-provence.html,guide/avignon.html,../guide/avignon.html
places/les-baux-de-provence.html,places/carrieres-des-lumieres.html,../places/carrieres-des-lumieres.html
places/les-baux-de-provence.html,places/glanum.html,../places/glanum.html
places/les-baux-de-provence.html,places/les-halles.html,../places/les-halles.html
places/les-baux-de-provence.html,places/palais-des-papes.html,../places/palais-des-papes.html
places/les-baux-de-provence.html,places/pont-saint-benezet.html,../places/pont-saint-benezet.html
places/les-baux-de-provence.html,places/pont-du-gard.html,../places/pont-du-gard.html
places/les-cocottes-saint-louis.html,daily/day-22.html,../daily/day-22.html
places/les-cocottes-saint-louis.html,guide/avignon.html,../guide/avignon.html
places/les-cocottes-saint-louis.html,places/carrieres-des-lumieres.html,../places/carrieres-des-lumieres.html
places/les-cocottes-saint-louis.html,places/glanum.html,../places/glanum.html
places/les-cocottes-saint-louis.html,places/les-baux-de-provence.html,../places/les-baux-de-provence.html
places/les-cocottes-saint-louis.html,places/les-halles.html,../places/les-halles.html
places/les-cocottes-saint-louis.html,places/palais-des-papes.html,../places/palais-des-papes.html
places/les-cocottes-saint-louis.html,places/pont-saint-benezet.html,../places/pont-saint-benezet.html
places/les-halles.html,daily/day-22.html,../daily/day-22.html
places/les-halles.html,guide/avignon.html,../guide/avignon.html
places/les-halles.html,places/carrieres-des-lumieres.html,../places/carrieres-des-lumieres.html
places/les-halles.html,places/glanum.html,../places/glanum.html
places/les-halles.html,places/les-baux-de-provence.html,../places/les-baux-de-provence.html
places/les-halles.html,places/palais-des-papes.html,../places/palais-des-papes.html
places/les-halles.html,places/pont-saint-benezet.html,../places/pont-saint-benezet.html
places/les-halles.html,places/pont-du-gard.html,../places/pont-du-gard.html
places/les-marches.html,daily/day-41.html,../daily/day-41.html
places/les-marches.html,guide/paris.html,../guide/paris.html
places/les-marches.html,places/bnf-richelieu.html,../places/bnf-richelieu.html
places/les-marches.html,places/bourse-de-commerce-pinault-collection.html,../places/bourse-de-commerce-pinault-collection.html
places/les-marches.html,places/centre-pompidou.html,../places/centre-pompidou.html
places/les-marches.html,places/giverny.html,../places/giverny.html
places/les-marches.html,places/grand-palais.html,../places/grand-palais.html
places/les-marches.html,places/latin-quarter.html,../places/latin-quarter.html
places/lourmarin.html,daily/day-16.html,../daily/day-16.html
places/lourmarin.html,guide/luberon.html,../guide/luberon.html
places/lourmarin.html,places/abbaye-de-senanque.html,../places/abbaye-de-senanque.html
places/lourmarin.html,places/bonnieux.html,../places/bonnieux.html
places/lourmarin.html,places/coustellet.html,../places/coustellet.html
places/lourmarin.html,places/gordes.html,../places/gordes.html
places/lourmarin.html,places/goult.html,../places/goult.html
places/lourmarin.html,places/lacoste.html,../places/lacoste.html
places/macba.html,daily/day-03.html,../daily/day-03.html
places/macba.html,guide/barcelona.html,../guide/barcelona.html
places/macba.html,places/barcelona-sants.html,../places/barcelona-sants.html
places/macba.html,places/barri-gotic.html,../places/barri-gotic.html
places/macba.html,places/biblioteca-de-catalunya.html,../places/biblioteca-de-catalunya.html
places/macba.html,places/cau-ferrat.html,../places/cau-ferrat.html
places/macba.html,places/palau-de-maricel.html,../places/palau-de-maricel.html
places/macba.html,places/sagrada-familia.html,../places/sagrada-familia.html
places/maison-carree.html,daily/day-20.html,../daily/day-20.html
places/maison-carree.html,guide/avignon.html,../guide/avignon.html
places/maison-carree.html,places/carrieres-des-lumieres.html,../places/carrieres-des-lumieres.html
places/maison-carree.html,places/glanum.html,../places/glanum.html
places/maison-carree.html,places/les-baux-de-provence.html,../places/les-baux-de-provence.html
places/maison-carree.html,places/les-halles.html,../places/les-halles.html
places/maison-carree.html,places/palais-des-papes.html,../places/palais-des-papes.html
places/maison-carree.html,places/pont-saint-benezet.html,../places/pont-saint-benezet.html
places/marche-convention.html,daily/day-30.html,../daily/day-30.html
places/marche-convention.html,daily/day-39.html,../daily/day-39.html
places/marche-convention.html,guide/paris.html,../guide/paris.html
places/marche-convention.html,places/bnf-richelieu.html,../places/bnf-richelieu.html
places/marche-convention.html,places/bourse-de-commerce-pinault-collection.html,../places/bourse-de-commerce-pinault-collection.html
places/marche-convention.html,places/centre-pompidou.html,../places/centre-pompidou.html
places/marche-convention.html,places/giverny.html,../places/giverny.html
places/marche-convention.html,places/grand-palais.html,../places/grand-palais.html
places/marche-convention.html,places/latin-quarter.html,../places/latin-quarter.html
places/marche-de-la-liberation.html,guide/nice.html,../guide/nice.html
places/marche-de-la-liberation.html,places/cannes.html,../places/cannes.html
places/marche-de-la-liberation.html,places/colline-du-chateau.html,../places/colline-du-chateau.html
places/marche-de-la-liberation.html,places/cours-saleya.html,../places/cours-saleya.html
places/marche-de-la-liberation.html,places/le-rocher.html,../places/le-rocher.html
places/marche-de-la-liberation.html,places/le-suquet.html,../places/le-suquet.html
places/marche-de-la-liberation.html,places/marche-forville.html,../places/marche-forville.html
places/marche-forville.html,guide/nice.html,../guide/nice.html
places/marche-forville.html,places/cannes.html,../places/cannes.html
places/marche-forville.html,places/colline-du-chateau.html,../places/colline-du-chateau.html
places/marche-forville.html,places/cours-saleya.html,../places/cours-saleya.html
places/marche-forville.html,places/le-rocher.html,../places/le-rocher.html
places/marche-forville.html,places/le-suquet.html,../places/le-suquet.html
places/marche-forville.html,places/marche-de-la-liberation.html,../places/marche-de-la-liberation.html
places/marseille.html,daily/day-15.html,../daily/day-15.html
places/marseille.html,guide/aix.html,../guide/aix.html
places/marseille.html,places/atelier-des-lauves.html,../places/atelier-des-lauves.html
places/marseille.html,places/bastide-du-jas-de-bouffan.html,../places/bastide-du-jas-de-bouffan.html
places/marseille.html,places/calanques.html,../places/calanques.html
places/marseille.html,places/carrieres-de-bibemus.html,../places/carrieres-de-bibemus.html
places/marseille.html,places/cassis.html,../places/cassis.html
places/marseille.html,places/cours-mirabeau.html,../places/cours-mirabeau.html
places/menerbes.html,daily/day-17.html,../daily/day-17.html
places/menerbes.html,guide/luberon.html,../guide/luberon.html
places/menerbes.html,places/abbaye-de-senanque.html,../places/abbaye-de-senanque.html
places/menerbes.html,places/bonnieux.html,../places/bonnieux.html
places/menerbes.html,places/coustellet.html,../places/coustellet.html
places/menerbes.html,places/gordes.html,../places/gordes.html
places/menerbes.html,places/goult.html,../places/goult.html
places/menerbes.html,places/lacoste.html,../places/lacoste.html
places/menton.html,daily/day-10.html,../daily/day-10.html
places/menton.html,guide/nice.html,../guide/nice.html
places/menton.html,places/cannes.html,../places/cannes.html
places/menton.html,places/colline-du-chateau.html,../places/colline-du-chateau.html
places/menton.html,places/cours-saleya.html,../places/cours-saleya.html
places/menton.html,places/le-rocher.html,../places/le-rocher.html
places/menton.html,places/le-suquet.html,../places/le-suquet.html
places/menton.html,places/marche-forville.html,../places/marche-forville.html
places/mercat-concepcio.html,daily/day-03.html,../daily/day-03.html
places/mercat-concepcio.html,guide/barcelona.html,../guide/barcelona.html
places/mercat-concepcio.html,places/barcelona-sants.html,../places/barcelona-sants.html
places/mercat-concepcio.html,places/barri-gotic.html,../places/barri-gotic.html
places/mercat-concepcio.html,places/biblioteca-de-catalunya.html,../places/biblioteca-de-catalunya.html
places/mercat-concepcio.html,places/cau-ferrat.html,../places/cau-ferrat.html
places/mercat-concepcio.html,places/macba.html,../places/macba.html
places/mercat-concepcio.html,places/palau-de-maricel.html,../places/palau-de-maricel.html
places/mercat-del-lleo.html,guide/girona.html,../guide/girona.html
places/mercat-del-lleo.html,places/calella-de-palafrugell.html,../places/calella-de-palafrugell.html
places/mercat-del-lleo.html,places/collioure.html,../places/collioure.html
places/mercat-del-lleo.html,places/girona-cathedral.html,../places/girona-cathedral.html
places/mercat-del-lleo.html,places/passeig-de-la-muralla.html,../places/passeig-de-la-muralla.html
places/mercat-del-lleo.html,places/onyar.html,../places/onyar.html
places/mercat-del-lleo.html,places/pals.html,../places/pals.html
places/monaco-walk.html,guide/nice.html,../guide/nice.html
places/monaco-walk.html,places/cannes.html,../places/cannes.html
places/monaco-walk.html,places/colline-du-chateau.html,../places/colline-du-chateau.html
places/monaco-walk.html,places/cours-saleya.html,../places/cours-saleya.html
places/monaco-walk.html,places/le-rocher.html,../places/le-rocher.html
places/monaco-walk.html,places/le-suquet.html,../places/le-suquet.html
places/monaco-walk.html,places/marche-forville.html,../places/marche-forville.html
places/monaco.html,daily/day-10.html,../daily/day-10.html
places/monaco.html,guide/nice.html,../guide/nice.html
places/monaco.html,places/cannes.html,../places/cannes.html
places/monaco.html,places/colline-du-chateau.html,../places/colline-du-chateau.html
places/monaco.html,places/cours-saleya.html,../places/cours-saleya.html
places/monaco.html,places/le-rocher.html,../places/le-rocher.html
places/monaco.html,places/le-suquet.html,../places/le-suquet.html
places/monaco.html,places/marche-forville.html,../places/marche-forville.html
places/montagne-sainte-victoire-terrain-des-peintres.html,guide/aix.html,../guide/aix.html
places/montagne-sainte-victoire-terrain-des-peintres.html,places/atelier-des-lauves.html,../places/atelier-des-lauves.html
places/montagne-sainte-victoire-terrain-des-peintres.html,places/bastide-du-jas-de-bouffan.html,../places/bastide-du-jas-de-bouffan.html
places/montagne-sainte-victoire-terrain-des-peintres.html,places/calanques.html,../places/calanques.html
places/montagne-sainte-victoire-terrain-des-peintres.html,places/carrieres-de-bibemus.html,../places/carrieres-de-bibemus.html
places/montagne-sainte-victoire-terrain-des-peintres.html,places/cassis.html,../places/cassis.html
places/montagne-sainte-victoire-terrain-des-peintres.html,places/cours-mirabeau.html,../places/cours-mirabeau.html
places/montmartre-south-pigalle.html,daily/day-40.html,../daily/day-40.html
places/montmartre-south-pigalle.html,guide/paris.html,../guide/paris.html
places/montmartre-south-pigalle.html,places/bnf-richelieu.html,../places/bnf-richelieu.html
places/montmartre-south-pigalle.html,places/bourse-de-commerce-pinault-collection.html,../places/bourse-de-commerce-pinault-collection.html
places/montmartre-south-pigalle.html,places/centre-pompidou.html,../places/centre-pompidou.html
places/montmartre-south-pigalle.html,places/giverny.html,../places/giverny.html
places/montmartre-south-pigalle.html,places/grand-palais.html,../places/grand-palais.html
places/montmartre-south-pigalle.html,places/latin-quarter.html,../places/latin-quarter.html
places/montorgueil.html,guide/paris.html,../guide/paris.html
places/montorgueil.html,places/bnf-richelieu.html,../places/bnf-richelieu.html
places/montorgueil.html,places/bourse-de-commerce-pinault-collection.html,../places/bourse-de-commerce-pinault-collection.html
places/montorgueil.html,places/centre-pompidou.html,../places/centre-pompidou.html
places/montorgueil.html,places/giverny.html,../places/giverny.html
places/montorgueil.html,places/grand-palais.html,../places/grand-palais.html
places/montorgueil.html,places/latin-quarter.html,../places/latin-quarter.html
places/mucem.html,daily/day-15.html,../daily/day-15.html
places/mucem.html,guide/aix.html,../guide/aix.html
places/mucem.html,places/atelier-des-lauves.html,../places/atelier-des-lauves.html
places/mucem.html,places/bastide-du-jas-de-bouffan.html,../places/bastide-du-jas-de-bouffan.html
places/mucem.html,places/calanques.html,../places/calanques.html
places/mucem.html,places/carrieres-de-bibemus.html,../places/carrieres-de-bibemus.html
places/mucem.html,places/cassis.html,../places/cassis.html
places/mucem.html,places/cours-mirabeau.html,../places/cours-mirabeau.html
places/musee-carnavalet.html,daily/day-39.html,../daily/day-39.html
places/musee-carnavalet.html,guide/paris.html,../guide/paris.html
places/musee-carnavalet.html,places/bnf-richelieu.html,../places/bnf-richelieu.html
places/musee-carnavalet.html,places/bourse-de-commerce-pinault-collection.html,../places/bourse-de-commerce-pinault-collection.html
places/musee-carnavalet.html,places/centre-pompidou.html,../places/centre-pompidou.html
places/musee-carnavalet.html,places/giverny.html,../places/giverny.html
places/musee-carnavalet.html,places/grand-palais.html,../places/grand-palais.html
places/musee-carnavalet.html,places/latin-quarter.html,../places/latin-quarter.html
places/musee-d-art-moderne-de-paris.html,daily/day-41.html,../daily/day-41.html
places/musee-d-art-moderne-de-paris.html,guide/paris.html,../guide/paris.html
places/musee-d-art-moderne-de-paris.html,places/bnf-richelieu.html,../places/bnf-richelieu.html
places/musee-d-art-moderne-de-paris.html,places/bourse-de-commerce-pinault-collection.html,../places/bourse-de-commerce-pinault-collection.html
places/musee-d-art-moderne-de-paris.html,places/centre-pompidou.html,../places/centre-pompidou.html
places/musee-d-art-moderne-de-paris.html,places/giverny.html,../places/giverny.html
places/musee-d-art-moderne-de-paris.html,places/grand-palais.html,../places/grand-palais.html
places/musee-d-art-moderne-de-paris.html,places/latin-quarter.html,../places/latin-quarter.html
places/musee-d-orsay.html,daily/day-32.html,../daily/day-32.html
places/musee-d-orsay.html,daily/day-39.html,../daily/day-39.html
places/musee-d-orsay.html,guide/paris.html,../guide/paris.html
places/musee-d-orsay.html,places/bnf-richelieu.html,../places/bnf-richelieu.html
places/musee-d-orsay.html,places/bourse-de-commerce-pinault-collection.html,../places/bourse-de-commerce-pinault-collection.html
places/musee-d-orsay.html,places/centre-pompidou.html,../places/centre-pompidou.html
places/musee-d-orsay.html,places/giverny.html,../places/giverny.html
places/musee-d-orsay.html,places/grand-palais.html,../places/grand-palais.html
places/musee-d-orsay.html,places/latin-quarter.html,../places/latin-quarter.html
places/musee-de-l-orangerie.html,daily/day-30.html,../daily/day-30.html
places/musee-de-l-orangerie.html,guide/paris.html,../guide/paris.html
places/musee-de-l-orangerie.html,places/bnf-richelieu.html,../places/bnf-richelieu.html
places/musee-de-l-orangerie.html,places/bourse-de-commerce-pinault-collection.html,../places/bourse-de-commerce-pinault-collection.html
places/musee-de-l-orangerie.html,places/centre-pompidou.html,../places/centre-pompidou.html
places/musee-de-l-orangerie.html,places/giverny.html,../places/giverny.html
places/musee-de-l-orangerie.html,places/grand-palais.html,../places/grand-palais.html
places/musee-de-l-orangerie.html,places/latin-quarter.html,../places/latin-quarter.html
places/musee-du-louvre.html,daily/day-35.html,../daily/day-35.html
places/musee-du-louvre.html,guide/paris.html,../guide/paris.html
places/musee-du-louvre.html,places/bnf-richelieu.html,../places/bnf-richelieu.html
places/musee-du-louvre.html,places/bourse-de-commerce-pinault-collection.html,../places/bourse-de-commerce-pinault-collection.html
places/musee-du-louvre.html,places/centre-pompidou.html,../places/centre-pompidou.html
places/musee-du-louvre.html,places/giverny.html,../places/giverny.html
places/musee-du-louvre.html,places/grand-palais.html,../places/grand-palais.html
places/musee-du-louvre.html,places/latin-quarter.html,../places/latin-quarter.html
places/musee-du-luxembourg.html,daily/day-29.html,../daily/day-29.html
places/musee-du-luxembourg.html,guide/paris.html,../guide/paris.html
places/musee-du-luxembourg.html,places/bnf-richelieu.html,../places/bnf-richelieu.html
places/musee-du-luxembourg.html,places/bourse-de-commerce-pinault-collection.html,../places/bourse-de-commerce-pinault-collection.html
places/musee-du-luxembourg.html,places/centre-pompidou.html,../places/centre-pompidou.html
places/musee-du-luxembourg.html,places/giverny.html,../places/giverny.html
places/musee-du-luxembourg.html,places/grand-palais.html,../places/grand-palais.html
places/musee-du-luxembourg.html,places/latin-quarter.html,../places/latin-quarter.html
places/musee-granet.html,daily/day-13.html,../daily/day-13.html
places/musee-granet.html,guide/aix.html,../guide/aix.html
places/musee-granet.html,places/atelier-des-lauves.html,../places/atelier-des-lauves.html
places/musee-granet.html,places/bastide-du-jas-de-bouffan.html,../places/bastide-du-jas-de-bouffan.html
places/musee-granet.html,places/calanques.html,../places/calanques.html
places/musee-granet.html,places/carrieres-de-bibemus.html,../places/carrieres-de-bibemus.html
places/musee-granet.html,places/cassis.html,../places/cassis.html
places/musee-granet.html,places/cours-mirabeau.html,../places/cours-mirabeau.html
places/musee-guimet.html,daily/day-41.html,../daily/day-41.html
places/musee-guimet.html,guide/paris.html,../guide/paris.html
places/musee-guimet.html,places/bnf-richelieu.html,../places/bnf-richelieu.html
places/musee-guimet.html,places/bourse-de-commerce-pinault-collection.html,../places/bourse-de-commerce-pinault-collection.html
places/musee-guimet.html,places/centre-pompidou.html,../places/centre-pompidou.html
places/musee-guimet.html,places/giverny.html,../places/giverny.html
places/musee-guimet.html,places/grand-palais.html,../places/grand-palais.html
places/musee-guimet.html,places/latin-quarter.html,../places/latin-quarter.html
places/musee-gustave-moreau.html,daily/day-31.html,../daily/day-31.html
places/musee-gustave-moreau.html,guide/paris.html,../guide/paris.html
places/musee-gustave-moreau.html,places/bnf-richelieu.html,../places/bnf-richelieu.html
places/musee-gustave-moreau.html,places/bourse-de-commerce-pinault-collection.html,../places/bourse-de-commerce-pinault-collection.html
places/musee-gustave-moreau.html,places/centre-pompidou.html,../places/centre-pompidou.html
places/musee-gustave-moreau.html,places/giverny.html,../places/giverny.html
places/musee-gustave-moreau.html,places/grand-palais.html,../places/grand-palais.html
places/musee-gustave-moreau.html,places/latin-quarter.html,../places/latin-quarter.html
places/musee-jacquemart-andre.html,daily/day-38.html,../daily/day-38.html
places/musee-jacquemart-andre.html,guide/paris.html,../guide/paris.html
places/musee-jacquemart-andre.html,places/bnf-richelieu.html,../places/bnf-richelieu.html
places/musee-jacquemart-andre.html,places/bourse-de-commerce-pinault-collection.html,../places/bourse-de-commerce-pinault-collection.html
places/musee-jacquemart-andre.html,places/centre-pompidou.html,../places/centre-pompidou.html
places/musee-jacquemart-andre.html,places/giverny.html,../places/giverny.html
places/musee-jacquemart-andre.html,places/grand-palais.html,../places/grand-palais.html
places/musee-jacquemart-andre.html,places/latin-quarter.html,../places/latin-quarter.html
places/musee-marmottan-monet.html,daily/day-36.html,../daily/day-36.html
places/musee-marmottan-monet.html,guide/paris.html,../guide/paris.html
places/musee-marmottan-monet.html,places/bnf-richelieu.html,../places/bnf-richelieu.html
places/musee-marmottan-monet.html,places/bourse-de-commerce-pinault-collection.html,../places/bourse-de-commerce-pinault-collection.html
places/musee-marmottan-monet.html,places/centre-pompidou.html,../places/centre-pompidou.html
places/musee-marmottan-monet.html,places/giverny.html,../places/giverny.html
places/musee-marmottan-monet.html,places/grand-palais.html,../places/grand-palais.html
places/musee-marmottan-monet.html,places/latin-quarter.html,../places/latin-quarter.html
places/musee-picasso-paris.html,daily/day-39.html,../daily/day-39.html
places/musee-picasso-paris.html,guide/paris.html,../guide/paris.html
places/musee-picasso-paris.html,places/bnf-richelieu.html,../places/bnf-richelieu.html
places/musee-picasso-paris.html,places/bourse-de-commerce-pinault-collection.html,../places/bourse-de-commerce-pinault-collection.html
places/musee-picasso-paris.html,places/centre-pompidou.html,../places/centre-pompidou.html
places/musee-picasso-paris.html,places/giverny.html,../places/giverny.html
places/musee-picasso-paris.html,places/grand-palais.html,../places/grand-palais.html
places/musee-picasso-paris.html,places/latin-quarter.html,../places/latin-quarter.html
places/musee-rodin.html,daily/day-32.html,../daily/day-32.html
places/musee-rodin.html,guide/paris.html,../guide/paris.html
places/musee-rodin.html,places/bnf-richelieu.html,../places/bnf-richelieu.html
places/musee-rodin.html,places/bourse-de-commerce-pinault-collection.html,../places/bourse-de-commerce-pinault-collection.html
places/musee-rodin.html,places/centre-pompidou.html,../places/centre-pompidou.html
places/musee-rodin.html,places/giverny.html,../places/giverny.html
places/musee-rodin.html,places/grand-palais.html,../places/grand-palais.html
places/musee-rodin.html,places/latin-quarter.html,../places/latin-quarter.html
places/nce-airport-tram.html,daily/day-07.html,../daily/day-07.html
places/nce-airport-tram.html,guide/nice.html,../guide/nice.html
places/nce-airport-tram.html,places/cannes.html,../places/cannes.html
places/nce-airport-tram.html,places/colline-du-chateau.html,../places/colline-du-chateau.html
places/nce-airport-tram.html,places/cours-saleya.html,../places/cours-saleya.html
places/nce-airport-tram.html,places/le-rocher.html,../places/le-rocher.html
places/nce-airport-tram.html,places/le-suquet.html,../places/le-suquet.html
places/nce-airport-tram.html,places/marche-forville.html,../places/marche-forville.html
places/nice-ville.html,daily/day-09.html,../daily/day-09.html
places/nice-ville.html,daily/day-10.html,../daily/day-10.html
places/nice-ville.html,daily/day-11.html,../daily/day-11.html
places/nice-ville.html,daily/day-12.html,../daily/day-12.html
places/nice-ville.html,guide/nice.html,../guide/nice.html
places/nice-ville.html,places/cannes.html,../places/cannes.html
places/nice-ville.html,places/colline-du-chateau.html,../places/colline-du-chateau.html
places/nice-ville.html,places/cours-saleya.html,../places/cours-saleya.html
places/nice-ville.html,places/le-rocher.html,../places/le-rocher.html
places/nice-ville.html,places/le-suquet.html,../places/le-suquet.html
places/nice-ville.html,places/marche-forville.html,../places/marche-forville.html
places/nice-walk.html,guide/nice.html,../guide/nice.html
places/nice-walk.html,places/cannes.html,../places/cannes.html
places/nice-walk.html,places/colline-du-chateau.html,../places/colline-du-chateau.html
places/nice-walk.html,places/cours-saleya.html,../places/cours-saleya.html
places/nice-walk.html,places/le-rocher.html,../places/le-rocher.html
places/nice-walk.html,places/le-suquet.html,../places/le-suquet.html
places/nice-walk.html,places/marche-forville.html,../places/marche-forville.html
places/notre-dame-de-la-garde.html,daily/day-15.html,../daily/day-15.html
places/notre-dame-de-la-garde.html,guide/aix.html,../guide/aix.html
places/notre-dame-de-la-garde.html,places/atelier-des-lauves.html,../places/atelier-des-lauves.html
places/notre-dame-de-la-garde.html,places/bastide-du-jas-de-bouffan.html,../places/bastide-du-jas-de-bouffan.html
places/notre-dame-de-la-garde.html,places/calanques.html,../places/calanques.html
places/notre-dame-de-la-garde.html,places/carrieres-de-bibemus.html,../places/carrieres-de-bibemus.html
places/notre-dame-de-la-garde.html,places/cassis.html,../places/cassis.html
places/notre-dame-de-la-garde.html,places/cours-mirabeau.html,../places/cours-mirabeau.html
places/notre-dame-de-paris.html,daily/day-29.html,../daily/day-29.html
places/notre-dame-de-paris.html,guide/paris.html,../guide/paris.html
places/notre-dame-de-paris.html,places/bnf-richelieu.html,../places/bnf-richelieu.html
places/notre-dame-de-paris.html,places/bourse-de-commerce-pinault-collection.html,../places/bourse-de-commerce-pinault-collection.html
places/notre-dame-de-paris.html,places/centre-pompidou.html,../places/centre-pompidou.html
places/notre-dame-de-paris.html,places/giverny.html,../places/giverny.html
places/notre-dame-de-paris.html,places/grand-palais.html,../places/grand-palais.html
places/notre-dame-de-paris.html,places/latin-quarter.html,../places/latin-quarter.html
places/onyar.html,guide/girona.html,../guide/girona.html
places/onyar.html,places/calella-de-palafrugell.html,../places/calella-de-palafrugell.html
places/onyar.html,places/collioure.html,../places/collioure.html
places/onyar.html,places/girona-cathedral.html,../places/girona-cathedral.html
places/onyar.html,places/passeig-de-la-muralla.html,../places/passeig-de-la-muralla.html
places/onyar.html,places/pals.html,../places/pals.html
places/onyar.html,places/peralada.html,../places/peralada.html
places/oppede-le-vieux.html,guide/luberon.html,../guide/luberon.html
places/oppede-le-vieux.html,places/abbaye-de-senanque.html,../places/abbaye-de-senanque.html
places/oppede-le-vieux.html,places/bonnieux.html,../places/bonnieux.html
places/oppede-le-vieux.html,places/coustellet.html,../places/coustellet.html
places/oppede-le-vieux.html,places/gordes.html,../places/gordes.html
places/oppede-le-vieux.html,places/goult.html,../places/goult.html
places/oppede-le-vieux.html,places/lacoste.html,../places/lacoste.html
places/orange.html,daily/day-19.html,../daily/day-19.html
places/orange.html,guide/avignon.html,../guide/avignon.html
places/orange.html,places/carrieres-des-lumieres.html,../places/carrieres-des-lumieres.html
places/orange.html,places/glanum.html,../places/glanum.html
places/orange.html,places/les-baux-de-provence.html,../places/les-baux-de-provence.html
places/orange.html,places/les-halles.html,../places/les-halles.html
places/orange.html,places/palais-des-papes.html,../places/palais-des-papes.html
places/orange.html,places/pont-saint-benezet.html,../places/pont-saint-benezet.html
places/palais-des-papes.html,daily/day-22.html,../daily/day-22.html
places/palais-des-papes.html,guide/avignon.html,../guide/avignon.html
places/palais-des-papes.html,places/carrieres-des-lumieres.html,../places/carrieres-des-lumieres.html
places/palais-des-papes.html,places/glanum.html,../places/glanum.html
places/palais-des-papes.html,places/les-baux-de-provence.html,../places/les-baux-de-provence.html
places/palais-des-papes.html,places/les-halles.html,../places/les-halles.html
places/palais-des-papes.html,places/pont-saint-benezet.html,../places/pont-saint-benezet.html
places/palais-des-papes.html,places/pont-du-gard.html,../places/pont-du-gard.html
places/palau-de-maricel.html,guide/barcelona.html,../guide/barcelona.html
places/palau-de-maricel.html,places/barcelona-sants.html,../places/barcelona-sants.html
places/palau-de-maricel.html,places/barri-gotic.html,../places/barri-gotic.html
places/palau-de-maricel.html,places/biblioteca-de-catalunya.html,../places/biblioteca-de-catalunya.html
places/palau-de-maricel.html,places/cau-ferrat.html,../places/cau-ferrat.html
places/palau-de-maricel.html,places/macba.html,../places/macba.html
places/palau-de-maricel.html,places/sagrada-familia.html,../places/sagrada-familia.html
places/pals.html,daily/day-06.html,../daily/day-06.html
places/pals.html,guide/girona.html,../guide/girona.html
places/pals.html,places/calella-de-palafrugell.html,../places/calella-de-palafrugell.html
places/pals.html,places/collioure.html,../places/collioure.html
places/pals.html,places/girona-cathedral.html,../places/girona-cathedral.html
places/pals.html,places/passeig-de-la-muralla.html,../places/passeig-de-la-muralla.html
places/pals.html,places/onyar.html,../places/onyar.html
places/pals.html,places/peralada.html,../places/peralada.html
places/parc-de-la-tete-d-or.html,daily/day-25.html,../daily/day-25.html
places/parc-de-la-tete-d-or.html,guide/lyon.html,../guide/lyon.html
places/parc-de-la-tete-d-or.html,places/annecy.html,../places/annecy.html
places/parc-de-la-tete-d-or.html,places/bellecour.html,../places/bellecour.html
places/parc-de-la-tete-d-or.html,places/croix-rousse.html,../places/croix-rousse.html
places/parc-de-la-tete-d-or.html,places/fourviere.html,../places/fourviere.html
places/parc-de-la-tete-d-or.html,places/halles-de-lyon-paul-bocuse.html,../places/halles-de-lyon-paul-bocuse.html
places/parc-de-la-tete-d-or.html,places/vieux-lyon.html,../places/vieux-lyon.html
places/passeig-de-la-muralla.html,guide/girona.html,../guide/girona.html
places/passeig-de-la-muralla.html,places/calella-de-palafrugell.html,../places/calella-de-palafrugell.html
places/passeig-de-la-muralla.html,places/collioure.html,../places/collioure.html
places/passeig-de-la-muralla.html,places/girona-cathedral.html,../places/girona-cathedral.html
places/passeig-de-la-muralla.html,places/onyar.html,../places/onyar.html
places/passeig-de-la-muralla.html,places/pals.html,../places/pals.html
places/passeig-de-la-muralla.html,places/peralada.html,../places/peralada.html
places/patisserie-weibel.html,daily/day-13.html,../daily/day-13.html
places/patisserie-weibel.html,guide/aix.html,../guide/aix.html
places/patisserie-weibel.html,places/atelier-des-lauves.html,../places/atelier-des-lauves.html
places/patisserie-weibel.html,places/bastide-du-jas-de-bouffan.html,../places/bastide-du-jas-de-bouffan.html
places/patisserie-weibel.html,places/calanques.html,../places/calanques.html
places/patisserie-weibel.html,places/carrieres-de-bibemus.html,../places/carrieres-de-bibemus.html
places/patisserie-weibel.html,places/cassis.html,../places/cassis.html
places/patisserie-weibel.html,places/cours-mirabeau.html,../places/cours-mirabeau.html
places/peralada.html,guide/girona.html,../guide/girona.html
places/peralada.html,places/calella-de-palafrugell.html,../places/calella-de-palafrugell.html
places/peralada.html,places/collioure.html,../places/collioure.html
places/peralada.html,places/girona-cathedral.html,../places/girona-cathedral.html
places/peralada.html,places/passeig-de-la-muralla.html,../places/passeig-de-la-muralla.html
places/peralada.html,places/onyar.html,../places/onyar.html
places/peralada.html,places/pals.html,../places/pals.html
places/peratallada.html,daily/day-06.html,../daily/day-06.html
places/peratallada.html,guide/girona.html,../guide/girona.html
places/peratallada.html,places/calella-de-palafrugell.html,../places/calella-de-palafrugell.html
places/peratallada.html,places/collioure.html,../places/collioure.html
places/peratallada.html,places/girona-cathedral.html,../places/girona-cathedral.html
places/peratallada.html,places/passeig-de-la-muralla.html,../places/passeig-de-la-muralla.html
places/peratallada.html,places/onyar.html,../places/onyar.html
places/peratallada.html,places/pals.html,../places/pals.html
places/petit-palais.html,daily/day-33.html,../daily/day-33.html
places/petit-palais.html,guide/paris.html,../guide/paris.html
places/petit-palais.html,places/bnf-richelieu.html,../places/bnf-richelieu.html
places/petit-palais.html,places/bourse-de-commerce-pinault-collection.html,../places/bourse-de-commerce-pinault-collection.html
places/petit-palais.html,places/centre-pompidou.html,../places/centre-pompidou.html
places/petit-palais.html,places/giverny.html,../places/giverny.html
places/petit-palais.html,places/grand-palais.html,../places/grand-palais.html
places/petit-palais.html,places/latin-quarter.html,../places/latin-quarter.html
places/place-du-forum-arles.html,guide/avignon.html,../guide/avignon.html
places/place-du-forum-arles.html,places/carrieres-des-lumieres.html,../places/carrieres-des-lumieres.html
places/place-du-forum-arles.html,places/glanum.html,../places/glanum.html
places/place-du-forum-arles.html,places/les-baux-de-provence.html,../places/les-baux-de-provence.html
places/place-du-forum-arles.html,places/les-halles.html,../places/les-halles.html
places/place-du-forum-arles.html,places/palais-des-papes.html,../places/palais-des-papes.html
places/place-du-forum-arles.html,places/pont-saint-benezet.html,../places/pont-saint-benezet.html
places/place-richelme-place-des-precheurs.html,daily/day-13.html,../daily/day-13.html
places/place-richelme-place-des-precheurs.html,guide/aix.html,../guide/aix.html
places/place-richelme-place-des-precheurs.html,places/atelier-des-lauves.html,../places/atelier-des-lauves.html
places/place-richelme-place-des-precheurs.html,places/bastide-du-jas-de-bouffan.html,../places/bastide-du-jas-de-bouffan.html
places/place-richelme-place-des-precheurs.html,places/calanques.html,../places/calanques.html
places/place-richelme-place-des-precheurs.html,places/carrieres-de-bibemus.html,../places/carrieres-de-bibemus.html
places/place-richelme-place-des-precheurs.html,places/cassis.html,../places/cassis.html
places/place-richelme-place-des-precheurs.html,places/cours-mirabeau.html,../places/cours-mirabeau.html
places/pont-du-gard.html,daily/day-20.html,../daily/day-20.html
places/pont-du-gard.html,guide/avignon.html,../guide/avignon.html
places/pont-du-gard.html,places/carrieres-des-lumieres.html,../places/carrieres-des-lumieres.html
places/pont-du-gard.html,places/glanum.html,../places/glanum.html
places/pont-du-gard.html,places/les-baux-de-provence.html,../places/les-baux-de-provence.html
places/pont-du-gard.html,places/les-halles.html,../places/les-halles.html
places/pont-du-gard.html,places/palais-des-papes.html,../places/palais-des-papes.html
places/pont-du-gard.html,places/pont-saint-benezet.html,../places/pont-saint-benezet.html
places/pont-saint-benezet.html,daily/day-22.html,../daily/day-22.html
places/pont-saint-benezet.html,guide/avignon.html,../guide/avignon.html
places/pont-saint-benezet.html,places/carrieres-des-lumieres.html,../places/carrieres-des-lumieres.html
places/pont-saint-benezet.html,places/glanum.html,../places/glanum.html
places/pont-saint-benezet.html,places/les-baux-de-provence.html,../places/les-baux-de-provence.html
places/pont-saint-benezet.html,places/les-halles.html,../places/les-halles.html
places/pont-saint-benezet.html,places/palais-des-papes.html,../places/palais-des-papes.html
places/pont-saint-benezet.html,places/pont-du-gard.html,../places/pont-du-gard.html
places/promenade-des-anglais.html,daily/day-07.html,../daily/day-07.html
places/promenade-des-anglais.html,daily/day-08.html,../daily/day-08.html
places/promenade-des-anglais.html,guide/nice.html,../guide/nice.html
places/promenade-des-anglais.html,places/cannes.html,../places/cannes.html
places/promenade-des-anglais.html,places/colline-du-chateau.html,../places/colline-du-chateau.html
places/promenade-des-anglais.html,places/cours-saleya.html,../places/cours-saleya.html
places/promenade-des-anglais.html,places/le-rocher.html,../places/le-rocher.html
places/promenade-des-anglais.html,places/le-suquet.html,../places/le-suquet.html
places/promenade-des-anglais.html,places/marche-forville.html,../places/marche-forville.html
places/puertecillo-sagrada-familia.html,daily/day-02.html,../daily/day-02.html
places/puertecillo-sagrada-familia.html,guide/barcelona.html,../guide/barcelona.html
places/puertecillo-sagrada-familia.html,places/barcelona-sants.html,../places/barcelona-sants.html
places/puertecillo-sagrada-familia.html,places/barri-gotic.html,../places/barri-gotic.html
places/puertecillo-sagrada-familia.html,places/biblioteca-de-catalunya.html,../places/biblioteca-de-catalunya.html
places/puertecillo-sagrada-familia.html,places/cau-ferrat.html,../places/cau-ferrat.html
places/puertecillo-sagrada-familia.html,places/macba.html,../places/macba.html
places/puertecillo-sagrada-familia.html,places/palau-de-maricel.html,../places/palau-de-maricel.html
places/restaurant-beatrice.html,daily/day-11.html,../daily/day-11.html
places/restaurant-beatrice.html,guide/nice.html,../guide/nice.html
places/restaurant-beatrice.html,places/cannes.html,../places/cannes.html
places/restaurant-beatrice.html,places/colline-du-chateau.html,../places/colline-du-chateau.html
places/restaurant-beatrice.html,places/cours-saleya.html,../places/cours-saleya.html
places/restaurant-beatrice.html,places/le-rocher.html,../places/le-rocher.html
places/restaurant-beatrice.html,places/le-suquet.html,../places/le-suquet.html
places/restaurant-beatrice.html,places/marche-forville.html,../places/marche-forville.html
places/rocher-des-doms.html,daily/day-22.html,../daily/day-22.html
places/rocher-des-doms.html,guide/avignon.html,../guide/avignon.html
places/rocher-des-doms.html,places/carrieres-des-lumieres.html,../places/carrieres-des-lumieres.html
places/rocher-des-doms.html,places/glanum.html,../places/glanum.html
places/rocher-des-doms.html,places/les-baux-de-provence.html,../places/les-baux-de-provence.html
places/rocher-des-doms.html,places/les-halles.html,../places/les-halles.html
places/rocher-des-doms.html,places/palais-des-papes.html,../places/palais-des-papes.html
places/rocher-des-doms.html,places/pont-saint-benezet.html,../places/pont-saint-benezet.html
places/rotonde.html,daily/day-12.html,../daily/day-12.html
places/rotonde.html,guide/aix.html,../guide/aix.html
places/rotonde.html,places/atelier-des-lauves.html,../places/atelier-des-lauves.html
places/rotonde.html,places/bastide-du-jas-de-bouffan.html,../places/bastide-du-jas-de-bouffan.html
places/rotonde.html,places/calanques.html,../places/calanques.html
places/rotonde.html,places/carrieres-de-bibemus.html,../places/carrieres-de-bibemus.html
places/rotonde.html,places/cassis.html,../places/cassis.html
places/rotonde.html,places/cours-mirabeau.html,../places/cours-mirabeau.html
places/roussillon-sentier-des-ocres.html,daily/day-17.html,../daily/day-17.html
places/roussillon-sentier-des-ocres.html,guide/luberon.html,../guide/luberon.html
places/roussillon-sentier-des-ocres.html,places/abbaye-de-senanque.html,../places/abbaye-de-senanque.html
places/roussillon-sentier-des-ocres.html,places/bonnieux.html,../places/bonnieux.html
places/roussillon-sentier-des-ocres.html,places/coustellet.html,../places/coustellet.html
places/roussillon-sentier-des-ocres.html,places/gordes.html,../places/gordes.html
places/roussillon-sentier-des-ocres.html,places/goult.html,../places/goult.html
places/roussillon-sentier-des-ocres.html,places/lacoste.html,../places/lacoste.html
places/sagrada-familia.html,daily/day-02.html,../daily/day-02.html
places/sagrada-familia.html,guide/barcelona.html,../guide/barcelona.html
places/sagrada-familia.html,places/barcelona-sants.html,../places/barcelona-sants.html
places/sagrada-familia.html,places/barri-gotic.html,../places/barri-gotic.html
places/sagrada-familia.html,places/biblioteca-de-catalunya.html,../places/biblioteca-de-catalunya.html
places/sagrada-familia.html,places/cau-ferrat.html,../places/cau-ferrat.html
places/sagrada-familia.html,places/macba.html,../places/macba.html
places/sagrada-familia.html,places/palau-de-maricel.html,../places/palau-de-maricel.html
places/saint-paul-de-mausole.html,guide/avignon.html,../guide/avignon.html
places/saint-paul-de-mausole.html,places/carrieres-des-lumieres.html,../places/carrieres-des-lumieres.html
places/saint-paul-de-mausole.html,places/glanum.html,../places/glanum.html
places/saint-paul-de-mausole.html,places/les-baux-de-provence.html,../places/les-baux-de-provence.html
places/saint-paul-de-mausole.html,places/les-halles.html,../places/les-halles.html
places/saint-paul-de-mausole.html,places/palais-des-papes.html,../places/palais-des-papes.html
places/saint-paul-de-mausole.html,places/pont-saint-benezet.html,../places/pont-saint-benezet.html
places/saint-paul-de-vence.html,daily/day-12.html,../daily/day-12.html
places/saint-paul-de-vence.html,guide/aix.html,../guide/aix.html
places/saint-paul-de-vence.html,places/atelier-des-lauves.html,../places/atelier-des-lauves.html
places/saint-paul-de-vence.html,places/bastide-du-jas-de-bouffan.html,../places/bastide-du-jas-de-bouffan.html
places/saint-paul-de-vence.html,places/calanques.html,../places/calanques.html
places/saint-paul-de-vence.html,places/carrieres-de-bibemus.html,../places/carrieres-de-bibemus.html
places/saint-paul-de-vence.html,places/cassis.html,../places/cassis.html
places/saint-paul-de-vence.html,places/cours-mirabeau.html,../places/cours-mirabeau.html
places/saint-remy-de-provence.html,daily/day-19.html,../daily/day-19.html
places/saint-remy-de-provence.html,guide/avignon.html,../guide/avignon.html
places/saint-remy-de-provence.html,places/carrieres-des-lumieres.html,../places/carrieres-des-lumieres.html
places/saint-remy-de-provence.html,places/glanum.html,../places/glanum.html
places/saint-remy-de-provence.html,places/les-baux-de-provence.html,../places/les-baux-de-provence.html
places/saint-remy-de-provence.html,places/les-halles.html,../places/les-halles.html
places/saint-remy-de-provence.html,places/palais-des-papes.html,../places/palais-des-papes.html
places/saint-remy-de-provence.html,places/pont-saint-benezet.html,../places/pont-saint-benezet.html
places/sant-pau-recinte-modernista.html,daily/day-02.html,../daily/day-02.html
places/sant-pau-recinte-modernista.html,guide/barcelona.html,../guide/barcelona.html
places/sant-pau-recinte-modernista.html,places/barcelona-sants.html,../places/barcelona-sants.html
places/sant-pau-recinte-modernista.html,places/barri-gotic.html,../places/barri-gotic.html
places/sant-pau-recinte-modernista.html,places/biblioteca-de-catalunya.html,../places/biblioteca-de-catalunya.html
places/sant-pau-recinte-modernista.html,places/cau-ferrat.html,../places/cau-ferrat.html
places/sant-pau-recinte-modernista.html,places/macba.html,../places/macba.html
places/sant-pau-recinte-modernista.html,places/palau-de-maricel.html,../places/palau-de-maricel.html
places/sawadee-paris.html,daily/day-35.html,../daily/day-35.html
places/sawadee-paris.html,guide/paris.html,../guide/paris.html
places/sawadee-paris.html,places/bnf-richelieu.html,../places/bnf-richelieu.html
places/sawadee-paris.html,places/bourse-de-commerce-pinault-collection.html,../places/bourse-de-commerce-pinault-collection.html
places/sawadee-paris.html,places/centre-pompidou.html,../places/centre-pompidou.html
places/sawadee-paris.html,places/giverny.html,../places/giverny.html
places/sawadee-paris.html,places/grand-palais.html,../places/grand-palais.html
places/sawadee-paris.html,places/latin-quarter.html,../places/latin-quarter.html
places/sitges.html,guide/barcelona.html,../guide/barcelona.html
places/sitges.html,places/barcelona-sants.html,../places/barcelona-sants.html
places/sitges.html,places/barri-gotic.html,../places/barri-gotic.html
places/sitges.html,places/biblioteca-de-catalunya.html,../places/biblioteca-de-catalunya.html
places/sitges.html,places/cau-ferrat.html,../places/cau-ferrat.html
places/sitges.html,places/macba.html,../places/macba.html
places/sitges.html,places/palau-de-maricel.html,../places/palau-de-maricel.html
places/stephane-martin.html,daily/day-33.html,../daily/day-33.html
places/stephane-martin.html,guide/paris.html,../guide/paris.html
places/stephane-martin.html,places/bnf-richelieu.html,../places/bnf-richelieu.html
places/stephane-martin.html,places/bourse-de-commerce-pinault-collection.html,../places/bourse-de-commerce-pinault-collection.html
places/stephane-martin.html,places/centre-pompidou.html,../places/centre-pompidou.html
places/stephane-martin.html,places/giverny.html,../places/giverny.html
places/stephane-martin.html,places/grand-palais.html,../places/grand-palais.html
places/stephane-martin.html,places/latin-quarter.html,../places/latin-quarter.html
places/theatre-antique-arles.html,daily/day-21.html,../daily/day-21.html
places/theatre-antique-arles.html,guide/avignon.html,../guide/avignon.html
places/theatre-antique-arles.html,places/carrieres-des-lumieres.html,../places/carrieres-des-lumieres.html
places/theatre-antique-arles.html,places/glanum.html,../places/glanum.html
places/theatre-antique-arles.html,places/les-baux-de-provence.html,../places/les-baux-de-provence.html
places/theatre-antique-arles.html,places/les-halles.html,../places/les-halles.html
places/theatre-antique-arles.html,places/palais-des-papes.html,../places/palais-des-papes.html
places/theatre-antique-arles.html,places/pont-saint-benezet.html,../places/pont-saint-benezet.html
places/uzes.html,daily/day-20.html,../daily/day-20.html
places/uzes.html,guide/avignon.html,../guide/avignon.html
places/uzes.html,places/carrieres-des-lumieres.html,../places/carrieres-des-lumieres.html
places/uzes.html,places/glanum.html,../places/glanum.html
places/uzes.html,places/les-baux-de-provence.html,../places/les-baux-de-provence.html
places/uzes.html,places/les-halles.html,../places/les-halles.html
places/uzes.html,places/palais-des-papes.html,../places/palais-des-papes.html
places/uzes.html,places/pont-saint-benezet.html,../places/pont-saint-benezet.html
places/versailles.html,daily/day-34.html,../daily/day-34.html
places/versailles.html,guide/paris.html,../guide/paris.html
places/versailles.html,places/bnf-richelieu.html,../places/bnf-richelieu.html
places/versailles.html,places/bourse-de-commerce-pinault-collection.html,../places/bourse-de-commerce-pinault-collection.html
places/versailles.html,places/centre-pompidou.html,../places/centre-pompidou.html
places/versailles.html,places/giverny.html,../places/giverny.html
places/versailles.html,places/grand-palais.html,../places/grand-palais.html
places/versailles.html,places/latin-quarter.html,../places/latin-quarter.html
places/vieil-aix.html,daily/day-13.html,../daily/day-13.html
places/vieil-aix.html,guide/aix.html,../guide/aix.html
places/vieil-aix.html,places/atelier-des-lauves.html,../places/atelier-des-lauves.html
places/vieil-aix.html,places/bastide-du-jas-de-bouffan.html,../places/bastide-du-jas-de-bouffan.html
places/vieil-aix.html,places/calanques.html,../places/calanques.html
places/vieil-aix.html,places/carrieres-de-bibemus.html,../places/carrieres-de-bibemus.html
places/vieil-aix.html,places/cassis.html,../places/cassis.html
places/vieil-aix.html,places/cours-mirabeau.html,../places/cours-mirabeau.html
places/vieux-lyon.html,daily/day-24.html,../daily/day-24.html
places/vieux-lyon.html,guide/lyon.html,../guide/lyon.html
places/vieux-lyon.html,places/annecy.html,../places/annecy.html
places/vieux-lyon.html,places/bellecour.html,../places/bellecour.html
places/vieux-lyon.html,places/croix-rousse.html,../places/croix-rousse.html
places/vieux-lyon.html,places/fourviere.html,../places/fourviere.html
places/vieux-lyon.html,places/halles-de-lyon-paul-bocuse.html,../places/halles-de-lyon-paul-bocuse.html
places/vieux-lyon.html,places/parc-de-la-tete-d-or.html,../places/parc-de-la-tete-d-or.html
places/vieux-nice.html,daily/day-08.html,../daily/day-08.html
places/vieux-nice.html,guide/nice.html,../guide/nice.html
places/vieux-nice.html,places/cannes.html,../places/cannes.html
places/vieux-nice.html,places/colline-du-chateau.html,../places/colline-du-chateau.html
places/vieux-nice.html,places/cours-saleya.html,../places/cours-saleya.html
places/vieux-nice.html,places/le-rocher.html,../places/le-rocher.html
places/vieux-nice.html,places/le-suquet.html,../places/le-suquet.html
places/vieux-nice.html,places/marche-forville.html,../places/marche-forville.html
places/vieux-port-marseille.html,daily/day-15.html,../daily/day-15.html
places/vieux-port-marseille.html,guide/aix.html,../guide/aix.html
places/vieux-port-marseille.html,places/atelier-des-lauves.html,../places/atelier-des-lauves.html
places/vieux-port-marseille.html,places/bastide-du-jas-de-bouffan.html,../places/bastide-du-jas-de-bouffan.html
places/vieux-port-marseille.html,places/calanques.html,../places/calanques.html
places/vieux-port-marseille.html,places/carrieres-de-bibemus.html,../places/carrieres-de-bibemus.html
places/vieux-port-marseille.html,places/cassis.html,../places/cassis.html
places/vieux-port-marseille.html,places/cours-mirabeau.html,../places/cours-mirabeau.html
places/villa-ephrussi-de-rothschild.html,daily/day-11.html,../daily/day-11.html
places/villa-ephrussi-de-rothschild.html,guide/nice.html,../guide/nice.html
places/villa-ephrussi-de-rothschild.html,places/cannes.html,../places/cannes.html
places/villa-ephrussi-de-rothschild.html,places/colline-du-chateau.html,../places/colline-du-chateau.html
places/villa-ephrussi-de-rothschild.html,places/cours-saleya.html,../places/cours-saleya.html
places/villa-ephrussi-de-rothschild.html,places/le-rocher.html,../places/le-rocher.html
places/villa-ephrussi-de-rothschild.html,places/le-suquet.html,../places/le-suquet.html
places/villa-ephrussi-de-rothschild.html,places/marche-forville.html,../places/marche-forville.html
places/village-des-bories.html,guide/luberon.html,../guide/luberon.html
places/village-des-bories.html,places/abbaye-de-senanque.html,../places/abbaye-de-senanque.html
places/village-des-bories.html,places/bonnieux.html,../places/bonnieux.html
places/village-des-bories.html,places/coustellet.html,../places/coustellet.html
places/village-des-bories.html,places/gordes.html,../places/gordes.html
places/village-des-bories.html,places/goult.html,../places/goult.html
places/village-des-bories.html,places/lacoste.html,../places/lacoste.html
prepare/index.html,prepare/emergency.html,emergency.html
prepare/index.html,offline.html,../offline.html
