contentId,filePath,headingLevel,sectionTitle,contentType,wordCount,linkCount,imageCount,hash
70_Nice_Lyon_Photo_Asset_Rights_Pass_v1.0#001,source/ASSETS/70_Nice_Lyon_Photo_Asset_Rights_Pass_v1.0.md,1,70. Nice·Lyon Photo Asset Rights Pass v1.0,assets-register,25,0,0,458ca87981995254
70_Nice_Lyon_Photo_Asset_Rights_Pass_v1.0#002,source/ASSETS/70_Nice_Lyon_Photo_Asset_Rights_Pass_v1.0.md,2,적용 원칙,assets-register,47,0,0,8412e7b395ef9e4e
70_Nice_Lyon_Photo_Asset_Rights_Pass_v1.0#003,source/ASSETS/70_Nice_Lyon_Photo_Asset_Rights_Pass_v1.0.md,2,등록 후보,assets-register,234,0,0,3a3b50302fdc1700
70_Nice_Lyon_Photo_Asset_Rights_Pass_v1.0#004,source/ASSETS/70_Nice_Lyon_Photo_Asset_Rights_Pass_v1.0.md,2,표준 크레디트,assets-register,20,0,0,aef7e6059f9f14a0
70_Nice_Lyon_Photo_Asset_Rights_Pass_v1.0#005,source/ASSETS/70_Nice_Lyon_Photo_Asset_Rights_Pass_v1.0.md,2,다음 단계,assets-register,28,0,0,51d5f49f3368849c
71_Travel_Field_Photo_Shot_List_v1.0#001,source/ASSETS/71_Travel_Field_Photo_Shot_List_v1.0.md,1,71. Travel Field Photo Shot List v1.0,assets-register,342,0,0,38c914aab7877c8d
71_Travel_Field_Photo_Shot_List_v1.0#002,source/ASSETS/71_Travel_Field_Photo_Shot_List_v1.0.md,2,촬영 운영규칙,assets-register,59,0,0,16ee7a163abc5e9e
75_Execution_Map_Index_v1.1#001,source/ASSETS/75_Execution_Map_Index_v1.1.md,1,75. Execution Map Index v1.1,assets-register,0,0,0,
75_Execution_Map_Index_v1.1#002,source/ASSETS/75_Execution_Map_Index_v1.1.md,2,사용법,assets-register,227,24,0,8317e8f534005357
75_Execution_Map_Index_v1.1#003,source/ASSETS/75_Execution_Map_Index_v1.1.md,2,Phase 6 검증결과,assets-register,44,0,0,ae0af6ab005566e2
80_Daily_Mobile_Guide_Image_Index_v1.1#001,source/ASSETS/80_Daily_Mobile_Guide_Image_Index_v1.1.md,1,80. Daily Mobile Guide Image Index v1.1,assets-register,0,0,0,
80_Daily_Mobile_Guide_Image_Index_v1.1#002,source/ASSETS/80_Daily_Mobile_Guide_Image_Index_v1.1.md,2,1. 전체 자산,assets-register,32,0,0,755c26f809e6042f
80_Daily_Mobile_Guide_Image_Index_v1.1#003,source/ASSETS/80_Daily_Mobile_Guide_Image_Index_v1.1.md,2,2. Phase 4 Provence 최종 카드,assets-register,90,13,0,e7705a9902e65533
80_Daily_Mobile_Guide_Image_Index_v1.1#004,source/ASSETS/80_Daily_Mobile_Guide_Image_Index_v1.1.md,2,3. 사용 원칙,assets-register,58,0,0,ddaed71dfe29462b
85_Editorial_Visuals_Index_v1.0#001,source/ASSETS/85_Editorial_Visuals_Index_v1.0.md,1,85. Editorial Visuals Index v1.0,assets-register,80,6,0,9c84290a248d0ee5
85_Visual_Asset_Register_v1.0#001,source/ASSETS/85_Visual_Asset_Register_v1.0.md,1,85. Visual Asset Register v1.0,assets-register,0,0,0,
85_Visual_Asset_Register_v1.0#002,source/ASSETS/85_Visual_Asset_Register_v1.0.md,2,1. 목적,assets-register,21,0,0,239fadb8bcf77d83
85_Visual_Asset_Register_v1.0#003,source/ASSETS/85_Visual_Asset_Register_v1.0.md,2,2. 현황,assets-register,17,0,0,95cf4fa0314f70e9
85_Visual_Asset_Register_v1.0#004,source/ASSETS/85_Visual_Asset_Register_v1.0.md,2,3. 처리전략,assets-register,39,0,0,738fc5b35ff4fd3b
85_Visual_Asset_Register_v1.0#005,source/ASSETS/85_Visual_Asset_Register_v1.0.md,2,4. 자산 목록,assets-register,8287,0,0,b063c4081681827c
85_Visual_Asset_Register_v1.0#006,source/ASSETS/85_Visual_Asset_Register_v1.0.md,2,Phase 7.2 대표사진 확정,assets-register,138,0,0,7867f9d01997df1b
86_Direct_Photography_Shot_List_v1.0#001,source/ASSETS/86_Direct_Photography_Shot_List_v1.0.md,1,86. Direct Photography Shot List v1.0,assets-register,0,0,0,
86_Direct_Photography_Shot_List_v1.0#002,source/ASSETS/86_Direct_Photography_Shot_List_v1.0.md,2,촬영 원칙,assets-register,36,0,0,e82a785c9a9a6d84
86_Direct_Photography_Shot_List_v1.0#003,source/ASSETS/86_Direct_Photography_Shot_List_v1.0.md,2,도시별 핵심 촬영목록,assets-register,96,0,0,7b8b769695ed83a7
86_Direct_Photography_Shot_List_v1.0#004,source/ASSETS/86_Direct_Photography_Shot_List_v1.0.md,2,파일명 규칙,assets-register,15,0,0,ab78cb502cca3330
87_Visual_Rights_and_Licensing_Register_v1.0#001,source/ASSETS/87_Visual_Rights_and_Licensing_Register_v1.0.md,1,87. Visual Rights and Licensing Register v1.0,assets-register,0,0,0,
87_Visual_Rights_and_Licensing_Register_v1.0#002,source/ASSETS/87_Visual_Rights_and_Licensing_Register_v1.0.md,2,사용등급,assets-register,56,0,0,68c4fd22d5fe173b
87_Visual_Rights_and_Licensing_Register_v1.0#003,source/ASSETS/87_Visual_Rights_and_Licensing_Register_v1.0.md,2,자산별 필수 메타데이터,assets-register,20,0,0,0f9140960894453c
87_Visual_Rights_and_Licensing_Register_v1.0#004,source/ASSETS/87_Visual_Rights_and_Licensing_Register_v1.0.md,2,현재 원칙,assets-register,17,0,0,12178182e1440c5a
88_Representative_Public_Photo_Credits_v1.0#001,source/ASSETS/88_Representative_Public_Photo_Credits_v1.0.md,1,88. Representative Public Photo Credits v1.0,assets-register,214,24,0,6cd99186b5e8bbbe
88_Representative_Public_Photo_Credits_v1.0#002,source/ASSETS/88_Representative_Public_Photo_Credits_v1.0.md,2,사용 조건,assets-register,37,0,0,6305ca939772d194
89_Commercial_City_Experience_Cards_v1.0#001,source/ASSETS/89_Commercial_City_Experience_Cards_v1.0.md,1,89. Commercial City Experience Cards v1.0,assets-register,0,0,0,
89_Commercial_City_Experience_Cards_v1.0#002,source/ASSETS/89_Commercial_City_Experience_Cards_v1.0.md,2,Barcelona · Sitges,assets-register,50,0,0,0703199ff2240389
89_Commercial_City_Experience_Cards_v1.0#003,source/ASSETS/89_Commercial_City_Experience_Cards_v1.0.md,2,Girona · Collioure · Empordà,assets-register,47,0,0,d50b3398e83cb8fd
89_Commercial_City_Experience_Cards_v1.0#004,source/ASSETS/89_Commercial_City_Experience_Cards_v1.0.md,2,Nice · Côte d’Azur,assets-register,47,0,0,2722bd6a34e77438
89_Commercial_City_Experience_Cards_v1.0#005,source/ASSETS/89_Commercial_City_Experience_Cards_v1.0.md,2,Aix-en-Provence,assets-register,50,0,0,db5582eb7f515b2b
89_Commercial_City_Experience_Cards_v1.0#006,source/ASSETS/89_Commercial_City_Experience_Cards_v1.0.md,2,Luberon Farmhouse,assets-register,52,0,0,aa0774d345f3b5ec
89_Commercial_City_Experience_Cards_v1.0#007,source/ASSETS/89_Commercial_City_Experience_Cards_v1.0.md,2,Avignon · Uzès · Alpilles,assets-register,50,0,0,e2269bdb89047dc4
89_Commercial_City_Experience_Cards_v1.0#008,source/ASSETS/89_Commercial_City_Experience_Cards_v1.0.md,2,Lyon · Annecy,assets-register,45,0,0,f2a997bfe501eaa0
89_Commercial_City_Experience_Cards_v1.0#009,source/ASSETS/89_Commercial_City_Experience_Cards_v1.0.md,2,Paris Long Stay,assets-register,50,0,0,4249cd2ad0a63ed7
90_Regional_Context_and_Place_Dossier_Compendium_v1.0#001,source/ASSETS/90_Regional_Context_and_Place_Dossier_Compendium_v1.0.md,1,90. Regional Context and Place Dossier Compendium v1.0,assets-register,21,0,0,7dbaa04a05796fe3
90_Regional_Context_and_Place_Dossier_Compendium_v1.0#002,source/ASSETS/90_Regional_Context_and_Place_Dossier_Compendium_v1.0.md,1,Barcelona,assets-register,76,0,0,a9665c2f631af473
90_Regional_Context_and_Place_Dossier_Compendium_v1.0#003,source/ASSETS/90_Regional_Context_and_Place_Dossier_Compendium_v1.0.md,2,Sagrada Família,assets-register,72,0,0,f9e504ae99175b88
90_Regional_Context_and_Place_Dossier_Compendium_v1.0#004,source/ASSETS/90_Regional_Context_and_Place_Dossier_Compendium_v1.0.md,2,Sant Pau Recinte Modernista,assets-register,50,0,0,5eff2bc3fca077d1
90_Regional_Context_and_Place_Dossier_Compendium_v1.0#005,source/ASSETS/90_Regional_Context_and_Place_Dossier_Compendium_v1.0.md,2,Barri Gòtic,assets-register,56,0,0,2af90ecec2e241fc
90_Regional_Context_and_Place_Dossier_Compendium_v1.0#006,source/ASSETS/90_Regional_Context_and_Place_Dossier_Compendium_v1.0.md,2,Biblioteca de Catalunya,assets-register,45,0,0,4f1fcd49bc192334
90_Regional_Context_and_Place_Dossier_Compendium_v1.0#007,source/ASSETS/90_Regional_Context_and_Place_Dossier_Compendium_v1.0.md,2,MACBA,assets-register,49,0,0,74dc2c9bfb4eb5cb
90_Regional_Context_and_Place_Dossier_Compendium_v1.0#008,source/ASSETS/90_Regional_Context_and_Place_Dossier_Compendium_v1.0.md,2,Cau Ferrat,assets-register,42,0,0,b6e55cb1c8cb1bb0
90_Regional_Context_and_Place_Dossier_Compendium_v1.0#009,source/ASSETS/90_Regional_Context_and_Place_Dossier_Compendium_v1.0.md,2,Barcelona 역사도심 — Barri Gòtic·Rambla 권역,assets-register,14,0,0,d941e3088e8e1627
90_Regional_Context_and_Place_Dossier_Compendium_v1.0#010,source/ASSETS/90_Regional_Context_and_Place_Dossier_Compendium_v1.0.md,2,Barcelona Modernisme — Eixample 권역,assets-register,13,0,0,10aa83a087e2c8fe
90_Regional_Context_and_Place_Dossier_Compendium_v1.0#011,source/ASSETS/90_Regional_Context_and_Place_Dossier_Compendium_v1.0.md,1,Girona,assets-register,64,0,0,cc2b9b7ca91566f7
90_Regional_Context_and_Place_Dossier_Compendium_v1.0#012,source/ASSETS/90_Regional_Context_and_Place_Dossier_Compendium_v1.0.md,2,Girona Cathedral,assets-register,49,0,0,ec28d8b51683834b
90_Regional_Context_and_Place_Dossier_Compendium_v1.0#013,source/ASSETS/90_Regional_Context_and_Place_Dossier_Compendium_v1.0.md,2,Passeig de la Muralla,assets-register,51,0,0,3a38a62d9bc7750b
90_Regional_Context_and_Place_Dossier_Compendium_v1.0#014,source/ASSETS/90_Regional_Context_and_Place_Dossier_Compendium_v1.0.md,2,Collioure,assets-register,98,0,0,c7344783911e4d4f
90_Regional_Context_and_Place_Dossier_Compendium_v1.0#015,source/ASSETS/90_Regional_Context_and_Place_Dossier_Compendium_v1.0.md,2,Pals,assets-register,47,0,0,bfc476fe42c8854e
90_Regional_Context_and_Place_Dossier_Compendium_v1.0#016,source/ASSETS/90_Regional_Context_and_Place_Dossier_Compendium_v1.0.md,2,Peratallada,assets-register,44,0,0,629dd7051faef720
90_Regional_Context_and_Place_Dossier_Compendium_v1.0#017,source/ASSETS/90_Regional_Context_and_Place_Dossier_Compendium_v1.0.md,2,Calella de Palafrugell,assets-register,41,0,0,cf8188a70d1f6bdd
90_Regional_Context_and_Place_Dossier_Compendium_v1.0#018,source/ASSETS/90_Regional_Context_and_Place_Dossier_Compendium_v1.0.md,2,Girona 구시가지 — Call·성벽·대성당 권역,assets-register,14,0,0,5cab9dbd6703096c
90_Regional_Context_and_Place_Dossier_Compendium_v1.0#019,source/ASSETS/90_Regional_Context_and_Place_Dossier_Compendium_v1.0.md,1,Nice,assets-register,57,0,0,dd0909812abedac5
90_Regional_Context_and_Place_Dossier_Compendium_v1.0#020,source/ASSETS/90_Regional_Context_and_Place_Dossier_Compendium_v1.0.md,2,Cours Saleya,assets-register,45,0,0,3420f089cb39e30a
90_Regional_Context_and_Place_Dossier_Compendium_v1.0#021,source/ASSETS/90_Regional_Context_and_Place_Dossier_Compendium_v1.0.md,2,Colline du Château (성채 언덕),assets-register,39,0,0,77a46b74ebbe2db7
90_Regional_Context_and_Place_Dossier_Compendium_v1.0#022,source/ASSETS/90_Regional_Context_and_Place_Dossier_Compendium_v1.0.md,2,Le Suquet — 칸 구시가지,assets-register,38,0,0,cdcb68bafc19af02
90_Regional_Context_and_Place_Dossier_Compendium_v1.0#023,source/ASSETS/90_Regional_Context_and_Place_Dossier_Compendium_v1.0.md,2,Le Rocher — 모나코 구시가지,assets-register,45,0,0,7d39b24e0fc682f1
90_Regional_Context_and_Place_Dossier_Compendium_v1.0#024,source/ASSETS/90_Regional_Context_and_Place_Dossier_Compendium_v1.0.md,2,Saint-Paul-de-Vence,assets-register,45,0,0,535778a4a71360b0
90_Regional_Context_and_Place_Dossier_Compendium_v1.0#025,source/ASSETS/90_Regional_Context_and_Place_Dossier_Compendium_v1.0.md,2,Grasse,assets-register,41,0,0,d5c04b67396b2304
90_Regional_Context_and_Place_Dossier_Compendium_v1.0#026,source/ASSETS/90_Regional_Context_and_Place_Dossier_Compendium_v1.0.md,2,Nice Old Town–Castle Hill Walk,assets-register,13,0,0,96fa81c2058d700a
90_Regional_Context_and_Place_Dossier_Compendium_v1.0#027,source/ASSETS/90_Regional_Context_and_Place_Dossier_Compendium_v1.0.md,2,Cannes Forville–Suquet–Croisette Walk,assets-register,17,0,0,58b35cdf2ea50341
90_Regional_Context_and_Place_Dossier_Compendium_v1.0#028,source/ASSETS/90_Regional_Context_and_Place_Dossier_Compendium_v1.0.md,2,Monaco Rocher–Port–Monte Carlo Walk,assets-register,16,0,0,209aa18970eb2cbb
90_Regional_Context_and_Place_Dossier_Compendium_v1.0#029,source/ASSETS/90_Regional_Context_and_Place_Dossier_Compendium_v1.0.md,1,Aix,assets-register,56,0,0,49a18d4fd4a167e8
90_Regional_Context_and_Place_Dossier_Compendium_v1.0#030,source/ASSETS/90_Regional_Context_and_Place_Dossier_Compendium_v1.0.md,2,Cours Mirabeau,assets-register,40,0,0,8c3ba31320769ac0
90_Regional_Context_and_Place_Dossier_Compendium_v1.0#031,source/ASSETS/90_Regional_Context_and_Place_Dossier_Compendium_v1.0.md,2,Musée Granet,assets-register,52,0,0,ab898e4850208806
90_Regional_Context_and_Place_Dossier_Compendium_v1.0#032,source/ASSETS/90_Regional_Context_and_Place_Dossier_Compendium_v1.0.md,2,Atelier des Lauves,assets-register,45,0,0,65e843745018fbb0
90_Regional_Context_and_Place_Dossier_Compendium_v1.0#033,source/ASSETS/90_Regional_Context_and_Place_Dossier_Compendium_v1.0.md,2,Cassis 항구,assets-register,43,0,0,c6da5424a890e884
90_Regional_Context_and_Place_Dossier_Compendium_v1.0#034,source/ASSETS/90_Regional_Context_and_Place_Dossier_Compendium_v1.0.md,2,Calanques,assets-register,53,0,0,f3b7a04063814c4d
90_Regional_Context_and_Place_Dossier_Compendium_v1.0#035,source/ASSETS/90_Regional_Context_and_Place_Dossier_Compendium_v1.0.md,2,Lourmarin,assets-register,49,0,0,fc4e853b670bd08b
90_Regional_Context_and_Place_Dossier_Compendium_v1.0#036,source/ASSETS/90_Regional_Context_and_Place_Dossier_Compendium_v1.0.md,1,Luberon,assets-register,63,0,0,b23207ca12bb91e1
90_Regional_Context_and_Place_Dossier_Compendium_v1.0#037,source/ASSETS/90_Regional_Context_and_Place_Dossier_Compendium_v1.0.md,2,Roussillon · Sentier des Ocres,assets-register,44,0,0,9d51c3c9e486728c
90_Regional_Context_and_Place_Dossier_Compendium_v1.0#038,source/ASSETS/90_Regional_Context_and_Place_Dossier_Compendium_v1.0.md,2,Goult,assets-register,32,0,0,1f064984a49129d2
90_Regional_Context_and_Place_Dossier_Compendium_v1.0#039,source/ASSETS/90_Regional_Context_and_Place_Dossier_Compendium_v1.0.md,2,Gordes,assets-register,47,0,0,95da66ec2f5ddfb4
90_Regional_Context_and_Place_Dossier_Compendium_v1.0#040,source/ASSETS/90_Regional_Context_and_Place_Dossier_Compendium_v1.0.md,2,Village des Bories,assets-register,40,0,0,b9983f924e1f6a8e
90_Regional_Context_and_Place_Dossier_Compendium_v1.0#041,source/ASSETS/90_Regional_Context_and_Place_Dossier_Compendium_v1.0.md,2,Abbaye de Sénanque,assets-register,40,0,0,7c9a9bff22a4317f
90_Regional_Context_and_Place_Dossier_Compendium_v1.0#042,source/ASSETS/90_Regional_Context_and_Place_Dossier_Compendium_v1.0.md,2,Ménerbes,assets-register,41,0,0,8531cd64ce376824
90_Regional_Context_and_Place_Dossier_Compendium_v1.0#043,source/ASSETS/90_Regional_Context_and_Place_Dossier_Compendium_v1.0.md,1,Avignon,assets-register,64,0,0,16854f2415dda7a0
90_Regional_Context_and_Place_Dossier_Compendium_v1.0#044,source/ASSETS/90_Regional_Context_and_Place_Dossier_Compendium_v1.0.md,2,Palais des Papes,assets-register,46,0,0,8d2fa1233efce26d
90_Regional_Context_and_Place_Dossier_Compendium_v1.0#045,source/ASSETS/90_Regional_Context_and_Place_Dossier_Compendium_v1.0.md,2,Pont Saint-Bénézet,assets-register,41,0,0,348d982374daf0a1
90_Regional_Context_and_Place_Dossier_Compendium_v1.0#046,source/ASSETS/90_Regional_Context_and_Place_Dossier_Compendium_v1.0.md,2,Les Halles,assets-register,43,0,0,e57140ee43ad0307
90_Regional_Context_and_Place_Dossier_Compendium_v1.0#047,source/ASSETS/90_Regional_Context_and_Place_Dossier_Compendium_v1.0.md,2,Uzès Place aux Herbes·구시가지,assets-register,48,0,0,02ef5816de9518c9
90_Regional_Context_and_Place_Dossier_Compendium_v1.0#048,source/ASSETS/90_Regional_Context_and_Place_Dossier_Compendium_v1.0.md,2,Pont du Gard,assets-register,43,0,0,6b7df5bc9865dfb5
90_Regional_Context_and_Place_Dossier_Compendium_v1.0#049,source/ASSETS/90_Regional_Context_and_Place_Dossier_Compendium_v1.0.md,2,Les Baux-de-Provence,assets-register,41,0,0,920c1a3062997ad6
90_Regional_Context_and_Place_Dossier_Compendium_v1.0#050,source/ASSETS/90_Regional_Context_and_Place_Dossier_Compendium_v1.0.md,2,Glanum,assets-register,42,0,0,7f4e98ebf6b6fa7b
90_Regional_Context_and_Place_Dossier_Compendium_v1.0#051,source/ASSETS/90_Regional_Context_and_Place_Dossier_Compendium_v1.0.md,1,Lyon,assets-register,62,0,0,11549967d0b097d8
90_Regional_Context_and_Place_Dossier_Compendium_v1.0#052,source/ASSETS/90_Regional_Context_and_Place_Dossier_Compendium_v1.0.md,2,Fourvière,assets-register,35,0,0,24bf710d6e1c73b7
90_Regional_Context_and_Place_Dossier_Compendium_v1.0#053,source/ASSETS/90_Regional_Context_and_Place_Dossier_Compendium_v1.0.md,2,Vieux Lyon · 트라불,assets-register,34,0,0,0109930f6c6972b7
90_Regional_Context_and_Place_Dossier_Compendium_v1.0#054,source/ASSETS/90_Regional_Context_and_Place_Dossier_Compendium_v1.0.md,2,Croix-Rousse,assets-register,36,0,0,fd34c8e4b3ae84ef
90_Regional_Context_and_Place_Dossier_Compendium_v1.0#055,source/ASSETS/90_Regional_Context_and_Place_Dossier_Compendium_v1.0.md,2,Halles de Lyon Paul Bocuse,assets-register,36,0,0,bf5484d50c8164bf
90_Regional_Context_and_Place_Dossier_Compendium_v1.0#056,source/ASSETS/90_Regional_Context_and_Place_Dossier_Compendium_v1.0.md,2,Annecy 구시가지,assets-register,44,0,0,c4e4beb76d95bd05
90_Regional_Context_and_Place_Dossier_Compendium_v1.0#057,source/ASSETS/90_Regional_Context_and_Place_Dossier_Compendium_v1.0.md,1,Paris,assets-register,64,0,0,9ca2204bea7a7695
90_Regional_Context_and_Place_Dossier_Compendium_v1.0#058,source/ASSETS/90_Regional_Context_and_Place_Dossier_Compendium_v1.0.md,2,Notre-Dame de Paris,assets-register,55,0,0,0b1e19b9d387fd56
90_Regional_Context_and_Place_Dossier_Compendium_v1.0#059,source/ASSETS/90_Regional_Context_and_Place_Dossier_Compendium_v1.0.md,2,Musée du Louvre,assets-register,52,0,0,36651a6aa6d7ce32
90_Regional_Context_and_Place_Dossier_Compendium_v1.0#060,source/ASSETS/90_Regional_Context_and_Place_Dossier_Compendium_v1.0.md,2,Musée d'Orsay,assets-register,40,0,0,0a12eb46f1262077
90_Regional_Context_and_Place_Dossier_Compendium_v1.0#061,source/ASSETS/90_Regional_Context_and_Place_Dossier_Compendium_v1.0.md,2,BnF Richelieu,assets-register,43,0,0,ea7308919052743f
90_Regional_Context_and_Place_Dossier_Compendium_v1.0#062,source/ASSETS/90_Regional_Context_and_Place_Dossier_Compendium_v1.0.md,2,Montmartre · South Pigalle,assets-register,43,0,0,408982af70e16145
90_Regional_Context_and_Place_Dossier_Compendium_v1.0#063,source/ASSETS/90_Regional_Context_and_Place_Dossier_Compendium_v1.0.md,2,Versailles,assets-register,40,0,0,e59cf7589e357c54
90_Regional_Context_and_Place_Dossier_Compendium_v1.0#064,source/ASSETS/90_Regional_Context_and_Place_Dossier_Compendium_v1.0.md,2,Giverny,assets-register,44,0,0,089534b33203fc7f
90_Regional_Context_and_Place_Dossier_Compendium_v1.0#065,source/ASSETS/90_Regional_Context_and_Place_Dossier_Compendium_v1.0.md,2,Bourse de Commerce — Pinault Collection,assets-register,34,0,0,d4b3d5e355396cb2
91_Place_Registry_v1.0#001,source/ASSETS/91_Place_Registry_v1.0.md,1,장소 레지스트리 v1.0,assets-register,80,0,0,046bc9482b823182
91_Place_Registry_v1.0#002,source/ASSETS/91_Place_Registry_v1.0.md,2,barcelona (04),assets-register,221,0,0,65f696ce509fe604
91_Place_Registry_v1.0#003,source/ASSETS/91_Place_Registry_v1.0.md,2,girona (05),assets-register,143,0,0,5667f99e4d37982c
91_Place_Registry_v1.0#004,source/ASSETS/91_Place_Registry_v1.0.md,2,nice (06),assets-register,293,0,0,5ae92187dfecb20f
91_Place_Registry_v1.0#005,source/ASSETS/91_Place_Registry_v1.0.md,2,aix (07),assets-register,334,0,0,7fc3d38452309d23
91_Place_Registry_v1.0#006,source/ASSETS/91_Place_Registry_v1.0.md,2,luberon (08),assets-register,177,0,0,46af4a1552997d0d
91_Place_Registry_v1.0#007,source/ASSETS/91_Place_Registry_v1.0.md,2,avignon (09),assets-register,398,0,0,78da0e813ab4cc84
91_Place_Registry_v1.0#008,source/ASSETS/91_Place_Registry_v1.0.md,2,lyon (10),assets-register,171,0,0,668ee1217912041d
91_Place_Registry_v1.0#009,source/ASSETS/91_Place_Registry_v1.0.md,2,paris (11),assets-register,458,0,0,357a432233ab8689
91_Place_Registry_v1.0#010,source/ASSETS/91_Place_Registry_v1.0.md,2,판단이 들어간 곳,assets-register,132,0,0,938f02270caccb25
00_Current_Source_of_Truth_Index_v2.0#001,source/CURRENT/00_Governance/00_Current_Source_of_Truth_Index_v2.0.md,1,Current Source of Truth Index v2.0 — 콘텐츠 중복 통합,governance,0,0,0,
00_Current_Source_of_Truth_Index_v2.0#002,source/CURRENT/00_Governance/00_Current_Source_of_Truth_Index_v2.0.md,2,기준,governance,40,0,0,2394436049313c77
00_Current_Source_of_Truth_Index_v2.0#003,source/CURRENT/00_Governance/00_Current_Source_of_Truth_Index_v2.0.md,2,Authoritative core,governance,36,0,0,01354721ca138e3c
00_Current_Source_of_Truth_Index_v2.0#004,source/CURRENT/00_Governance/00_Current_Source_of_Truth_Index_v2.0.md,2,Authoritative regional chapters — v2 증보판이 정본이다,governance,68,0,0,c83f47e10c70459c
00_Current_Source_of_Truth_Index_v2.0#005,source/CURRENT/00_Governance/00_Current_Source_of_Truth_Index_v2.0.md,2,장소 정본,governance,17,0,0,5417460510546f88
00_Current_Source_of_Truth_Index_v2.0#006,source/CURRENT/00_Governance/00_Current_Source_of_Truth_Index_v2.0.md,2,Authoritative operations,governance,53,0,0,74fabf80a1057225
00_Current_Source_of_Truth_Index_v2.0#007,source/CURRENT/00_Governance/00_Current_Source_of_Truth_Index_v2.0.md,2,Authoritative assets,governance,53,0,0,a60069c83a154074
00_Current_Source_of_Truth_Index_v2.0#008,source/CURRENT/00_Governance/00_Current_Source_of_Truth_Index_v2.0.md,2,Editorial standards,governance,24,0,0,97a014b35a84ddf4
00_Current_Source_of_Truth_Index_v2.0#009,source/CURRENT/00_Governance/00_Current_Source_of_Truth_Index_v2.0.md,2,이 색인의 유지 규칙,governance,33,0,0,71bbcacee46e746e
88_Editorial_Style_Guide_v1.0#001,source/CURRENT/00_Governance/88_Editorial_Style_Guide_v1.0.md,1,TP 유럽여행 가이드북 편집 스타일 가이드 v1.0,governance,0,0,0,
88_Editorial_Style_Guide_v1.0#002,source/CURRENT/00_Governance/88_Editorial_Style_Guide_v1.0.md,2,1. 적용 범위,governance,21,0,0,00304cf05df79107
88_Editorial_Style_Guide_v1.0#003,source/CURRENT/00_Governance/88_Editorial_Style_Guide_v1.0.md,2,2. 표기 표준,governance,54,0,0,0c3e1f0be9a13036
88_Editorial_Style_Guide_v1.0#004,source/CURRENT/00_Governance/88_Editorial_Style_Guide_v1.0.md,2,3. 추천 등급,governance,34,0,0,6915fba15a61fa0f
88_Editorial_Style_Guide_v1.0#005,source/CURRENT/00_Governance/88_Editorial_Style_Guide_v1.0.md,2,4. 일자별 기본 구조,governance,20,0,0,eb55fc9d19144327
88_Editorial_Style_Guide_v1.0#006,source/CURRENT/00_Governance/88_Editorial_Style_Guide_v1.0.md,2,5. 편집 원칙,governance,47,0,0,76ca95fed2f6816f
89_Commercial_Guidebook_Editorial_and_Layout_Standard_v1.0#001,source/CURRENT/00_Governance/89_Commercial_Guidebook_Editorial_and_Layout_Standard_v1.0.md,1,89. Commercial Guidebook Editorial and Layout Standard v1.0,governance,0,0,0,
89_Commercial_Guidebook_Editorial_and_Layout_Standard_v1.0#002,source/CURRENT/00_Governance/89_Commercial_Guidebook_Editorial_and_Layout_Standard_v1.0.md,2,1. 목적,governance,36,0,0,9b512268ab8d28f8
89_Commercial_Guidebook_Editorial_and_Layout_Standard_v1.0#003,source/CURRENT/00_Governance/89_Commercial_Guidebook_Editorial_and_Layout_Standard_v1.0.md,2,2. 공통 챕터 구조,governance,48,0,0,fa01fcfec60d5697
89_Commercial_Guidebook_Editorial_and_Layout_Standard_v1.0#004,source/CURRENT/00_Governance/89_Commercial_Guidebook_Editorial_and_Layout_Standard_v1.0.md,2,3. 추천표시,governance,41,0,0,8ffac128c01806d2
89_Commercial_Guidebook_Editorial_and_Layout_Standard_v1.0#005,source/CURRENT/00_Governance/89_Commercial_Guidebook_Editorial_and_Layout_Standard_v1.0.md,2,4. 장소 설명 공식,governance,19,0,0,f05249b0eb797c04
89_Commercial_Guidebook_Editorial_and_Layout_Standard_v1.0#006,source/CURRENT/00_Governance/89_Commercial_Guidebook_Editorial_and_Layout_Standard_v1.0.md,2,5. 식당 카드 기준,governance,32,0,0,42d8ac961b273e54
89_Commercial_Guidebook_Editorial_and_Layout_Standard_v1.0#007,source/CURRENT/00_Governance/89_Commercial_Guidebook_Editorial_and_Layout_Standard_v1.0.md,2,6. 시각적 읽기 원칙,governance,38,0,0,3fd7b3e0efa08da6
90_Regional_and_Place_Dossier_Editorial_Standard_v1.0#001,source/CURRENT/00_Governance/90_Regional_and_Place_Dossier_Editorial_Standard_v1.0.md,1,90. Regional and Place Dossier Editorial Standard v1.0,governance,0,0,0,
90_Regional_and_Place_Dossier_Editorial_Standard_v1.0#002,source/CURRENT/00_Governance/90_Regional_and_Place_Dossier_Editorial_Standard_v1.0.md,2,지역정보 필수구조,governance,22,0,0,4deb4348fbb63176
90_Regional_and_Place_Dossier_Editorial_Standard_v1.0#003,source/CURRENT/00_Governance/90_Regional_and_Place_Dossier_Editorial_Standard_v1.0.md,2,개별 장소 필수구조,governance,28,0,0,d153b7982e3b4df9
90_Regional_and_Place_Dossier_Editorial_Standard_v1.0#004,source/CURRENT/00_Governance/90_Regional_and_Place_Dossier_Editorial_Standard_v1.0.md,2,변동정보 원칙,governance,26,0,0,e4cc6f1124fa763f
01_How_to_Use_This_Guidebook_v1.0#000,source/CURRENT/10_Core/01_How_to_Use_This_Guidebook_v1.0.md,0,(preamble),core,18,0,0,31c9802cfb8f7bfc
01_How_to_Use_This_Guidebook_v1.0#001,source/CURRENT/10_Core/01_How_to_Use_This_Guidebook_v1.0.md,1,01. 이 가이드북을 사용하는 법,core,26,0,0,87f31939d13c4434
01_How_to_Use_This_Guidebook_v1.0#002,source/CURRENT/10_Core/01_How_to_Use_This_Guidebook_v1.0.md,2,1. 각 챕터의 세 층,core,43,0,0,2c1de8465499423b
01_How_to_Use_This_Guidebook_v1.0#003,source/CURRENT/10_Core/01_How_to_Use_This_Guidebook_v1.0.md,2,2. 추천등급의 의미,core,51,0,0,1a7aef50bb337543
01_How_to_Use_This_Guidebook_v1.0#004,source/CURRENT/10_Core/01_How_to_Use_This_Guidebook_v1.0.md,2,3. 장소 소개카드 읽는 법,core,63,0,0,00b7216b7561b96c
01_How_to_Use_This_Guidebook_v1.0#005,source/CURRENT/10_Core/01_How_to_Use_This_Guidebook_v1.0.md,2,4. 식당을 고르는 법,core,77,0,0,0c38782d35b9ab05
01_How_to_Use_This_Guidebook_v1.0#006,source/CURRENT/10_Core/01_How_to_Use_This_Guidebook_v1.0.md,2,5. 하루를 조정하는 다섯 가지 규칙,core,48,0,0,9ae42c2cf35b24c7
01_How_to_Use_This_Guidebook_v1.0#007,source/CURRENT/10_Core/01_How_to_Use_This_Guidebook_v1.0.md,2,6. 시각자료 표기,core,42,0,0,8965d819b2adf413
01_How_to_Use_This_Guidebook_v1.0#008,source/CURRENT/10_Core/01_How_to_Use_This_Guidebook_v1.0.md,2,7. 이 가이드북의 여행 흐름,core,54,0,0,ad7d35eca4c61f80
01_How_to_Use_This_Guidebook_v1.0#009,source/CURRENT/10_Core/01_How_to_Use_This_Guidebook_v1.0.md,2,8. 여행 중 최종 판단 기준,core,35,0,0,e833fa25f54b7133
02_Whole_Trip_Experience_Highlights_v1.0#000,source/CURRENT/10_Core/02_Whole_Trip_Experience_Highlights_v1.0.md,0,(preamble),core,19,0,0,09f2666756d27906
02_Whole_Trip_Experience_Highlights_v1.0#001,source/CURRENT/10_Core/02_Whole_Trip_Experience_Highlights_v1.0.md,1,02. 전체 여행 경험 하이라이트,core,0,0,0,
02_Whole_Trip_Experience_Highlights_v1.0#002,source/CURRENT/10_Core/02_Whole_Trip_Experience_Highlights_v1.0.md,2,1. 이 여행에서 가장 중요한 16가지 경험,core,189,0,0,cae1839568a20c0e
02_Whole_Trip_Experience_Highlights_v1.0#003,source/CURRENT/10_Core/02_Whole_Trip_Experience_Highlights_v1.0.md,2,2. 지역별 대표 한 끼,core,81,0,0,c4195b969ea197dc
02_Whole_Trip_Experience_Highlights_v1.0#004,source/CURRENT/10_Core/02_Whole_Trip_Experience_Highlights_v1.0.md,2,3. 스케치·사진 대표 장면,core,57,0,0,bd996565daaa79b3
02_Whole_Trip_Experience_Highlights_v1.0#005,source/CURRENT/10_Core/02_Whole_Trip_Experience_Highlights_v1.0.md,2,4. 일부러 비워 둘 시간,core,51,0,0,58386d781f9e1977
03_Whole_Trip_Master_Itinerary_v1.2#000,source/CURRENT/10_Core/03_Whole_Trip_Master_Itinerary_v1.2.md,0,(preamble),core,26,0,0,d83f0896fe4bc328
03_Whole_Trip_Master_Itinerary_v1.2#001,source/CURRENT/10_Core/03_Whole_Trip_Master_Itinerary_v1.2.md,1,전체 일정,core,1447,0,0,def766d27928d9d8
03_Whole_Trip_Master_Itinerary_v1.2#002,source/CURRENT/10_Core/03_Whole_Trip_Master_Itinerary_v1.2.md,2,장거리 이동일,core,118,0,0,28388a54bb14bcbe
04_Barcelona_Sitges_v2.0#000,source/CURRENT/20_Regional_Chapters/04_Barcelona_Sitges_v2.0.md,0,(preamble),city-guide,72,2,1,e45b9d463ff6a69f
04_Barcelona_Sitges_v2.0#001,source/CURRENT/20_Regional_Chapters/04_Barcelona_Sitges_v2.0.md,1,Commercial Guide Module,city-guide,20,0,0,30e5d1d470d6e312
04_Barcelona_Sitges_v2.0#002,source/CURRENT/20_Regional_Chapters/04_Barcelona_Sitges_v2.0.md,2,Editor’s Verdict — 이 지역에 시간을 쓸 가치와 한계,city-guide,69,0,0,53108bed799a4dcd
04_Barcelona_Sitges_v2.0#003,source/CURRENT/20_Regional_Chapters/04_Barcelona_Sitges_v2.0.md,3,이번 3박의 핵심,city-guide,62,0,0,12ad5da23568eb8b
04_Barcelona_Sitges_v2.0#004,source/CURRENT/20_Regional_Chapters/04_Barcelona_Sitges_v2.0.md,2,한눈에 보기 — 일정,city-guide,41,0,0,9e7047c39f06fbca
04_Barcelona_Sitges_v2.0#005,source/CURRENT/20_Regional_Chapters/04_Barcelona_Sitges_v2.0.md,2,"지중해 계획도시와 모더니즘, 시장과 책의 도시",city-guide,30,0,0,1d945f9bca2fc41e
04_Barcelona_Sitges_v2.0#006,source/CURRENT/20_Regional_Chapters/04_Barcelona_Sitges_v2.0.md,1,Regional Context & Scheduled Place Dossiers,city-guide,0,0,0,
04_Barcelona_Sitges_v2.0#007,source/CURRENT/20_Regional_Chapters/04_Barcelona_Sitges_v2.0.md,2,구역별 이해와 숙소 생활권,city-guide,116,0,0,2d151d87c69bf40c
04_Barcelona_Sitges_v2.0#008,source/CURRENT/20_Regional_Chapters/04_Barcelona_Sitges_v2.0.md,2,아침 운동,city-guide,102,0,0,551fe8cd57d8425e
04_Barcelona_Sitges_v2.0#009,source/CURRENT/20_Regional_Chapters/04_Barcelona_Sitges_v2.0.md,2,도착·출발·지역 내 교통,city-guide,0,0,0,
04_Barcelona_Sitges_v2.0#010,source/CURRENT/20_Regional_Chapters/04_Barcelona_Sitges_v2.0.md,2,시내에서는 도보와 메트로,city-guide,39,0,0,515d042cd70069be
04_Barcelona_Sitges_v2.0#011,source/CURRENT/20_Regional_Chapters/04_Barcelona_Sitges_v2.0.md,2,9월 1일 렌터카 인수,city-guide,46,0,0,4bbea83f4f9d50f1
04_Barcelona_Sitges_v2.0#012,source/CURRENT/20_Regional_Chapters/04_Barcelona_Sitges_v2.0.md,2,Sitges를 거쳐 Girona로,city-guide,45,0,0,424f56477ad9b017
04_Barcelona_Sitges_v2.0#013,source/CURRENT/20_Regional_Chapters/04_Barcelona_Sitges_v2.0.md,2,핵심 셀프가이드,city-guide,24,0,0,2936242127167e2a
04_Barcelona_Sitges_v2.0#014,source/CURRENT/20_Regional_Chapters/04_Barcelona_Sitges_v2.0.md,4,Sagrada Família {{grade:essential|필수}},city-guide,69,1,0,b9ebb3d1a33a8201
04_Barcelona_Sitges_v2.0#015,source/CURRENT/20_Regional_Chapters/04_Barcelona_Sitges_v2.0.md,4,Sant Pau Recinte Modernista {{grade:essential|필수}},city-guide,47,1,0,2ac86a79546537c1
04_Barcelona_Sitges_v2.0#016,source/CURRENT/20_Regional_Chapters/04_Barcelona_Sitges_v2.0.md,4,Barri Gòtic {{grade:essential|필수}},city-guide,47,1,0,f8225c1c558fe3bf
04_Barcelona_Sitges_v2.0#017,source/CURRENT/20_Regional_Chapters/04_Barcelona_Sitges_v2.0.md,4,Biblioteca de Catalunya {{grade:priority|우선추천}},city-guide,38,1,0,8940e934d7137b68
04_Barcelona_Sitges_v2.0#018,source/CURRENT/20_Regional_Chapters/04_Barcelona_Sitges_v2.0.md,4,MACBA {{grade:optional|선택}},city-guide,33,1,0,5fb8350a7d4145ec
04_Barcelona_Sitges_v2.0#019,source/CURRENT/20_Regional_Chapters/04_Barcelona_Sitges_v2.0.md,4,왜 시체스를 경유하는가,city-guide,69,0,0,2e22090f350bf85b
04_Barcelona_Sitges_v2.0#020,source/CURRENT/20_Regional_Chapters/04_Barcelona_Sitges_v2.0.md,4,Cau Ferrat {{grade:essential|필수}},city-guide,0,0,0,
04_Barcelona_Sitges_v2.0#021,source/CURRENT/20_Regional_Chapters/04_Barcelona_Sitges_v2.0.md,5,무엇인가 — 모더니즘의 신전,city-guide,63,0,0,bc1b33a9d7e5be87
04_Barcelona_Sitges_v2.0#022,source/CURRENT/20_Regional_Chapters/04_Barcelona_Sitges_v2.0.md,5,핵심 — 다섯 번의 축제가 만든 것,city-guide,67,0,0,e2c331f0f3aca1bb
04_Barcelona_Sitges_v2.0#023,source/CURRENT/20_Regional_Chapters/04_Barcelona_Sitges_v2.0.md,5,소장품에서 볼 것,city-guide,78,0,0,0e202b96527f70b3
04_Barcelona_Sitges_v2.0#024,source/CURRENT/20_Regional_Chapters/04_Barcelona_Sitges_v2.0.md,5,실용,city-guide,25,0,0,e4458c28fcc16bb5
04_Barcelona_Sitges_v2.0#025,source/CURRENT/20_Regional_Chapters/04_Barcelona_Sitges_v2.0.md,4,Palau de Maricel {{grade:alternative|대체}},city-guide,152,0,0,d830250e917b0ba3
04_Barcelona_Sitges_v2.0#026,source/CURRENT/20_Regional_Chapters/04_Barcelona_Sitges_v2.0.md,4,시체스 2시간 30분 핵심 동선,city-guide,84,0,0,75f096e3a15bfb12
04_Barcelona_Sitges_v2.0#027,source/CURRENT/20_Regional_Chapters/04_Barcelona_Sitges_v2.0.md,3,시체스 해변,city-guide,36,0,0,3dc090f3efeffeed
04_Barcelona_Sitges_v2.0#028,source/CURRENT/20_Regional_Chapters/04_Barcelona_Sitges_v2.0.md,4,Bodega Joan {{grade:essential|필수}},city-guide,36,1,0,ab426b8a467685f4
04_Barcelona_Sitges_v2.0#029,source/CURRENT/20_Regional_Chapters/04_Barcelona_Sitges_v2.0.md,4,Puertecillo Sagrada Família {{grade:essential|필수}},city-guide,51,1,0,4c4c1dee1c66913c
04_Barcelona_Sitges_v2.0#030,source/CURRENT/20_Regional_Chapters/04_Barcelona_Sitges_v2.0.md,4,Bar Cañete {{grade:essential|필수}},city-guide,36,1,0,09bb664d4b607424
04_Barcelona_Sitges_v2.0#031,source/CURRENT/20_Regional_Chapters/04_Barcelona_Sitges_v2.0.md,4,Mercat de la Concepció {{grade:priority|우선추천}},city-guide,36,1,0,5111e4505ee52b18
04_Barcelona_Sitges_v2.0#032,source/CURRENT/20_Regional_Chapters/04_Barcelona_Sitges_v2.0.md,4,La Zorra {{grade:priority|우선추천}},city-guide,36,1,0,2f8de707dae4918a
04_Barcelona_Sitges_v2.0#033,source/CURRENT/20_Regional_Chapters/04_Barcelona_Sitges_v2.0.md,2,음식·시장·카페·생활체험,city-guide,0,0,0,
04_Barcelona_Sitges_v2.0#034,source/CURRENT/20_Regional_Chapters/04_Barcelona_Sitges_v2.0.md,2,카탈루냐에서 먹어볼 것,city-guide,141,0,0,5b49efb101d3a825
04_Barcelona_Sitges_v2.0#035,source/CURRENT/20_Regional_Chapters/04_Barcelona_Sitges_v2.0.md,2,식사 시간,city-guide,31,0,0,042933b13acd3e8d
04_Barcelona_Sitges_v2.0#036,source/CURRENT/20_Regional_Chapters/04_Barcelona_Sitges_v2.0.md,2,시장과 장보기,city-guide,207,0,0,211624a279bec8c7
04_Barcelona_Sitges_v2.0#037,source/CURRENT/20_Regional_Chapters/04_Barcelona_Sitges_v2.0.md,2,당일치기·우천·피로 대안,city-guide,0,0,0,
04_Barcelona_Sitges_v2.0#038,source/CURRENT/20_Regional_Chapters/04_Barcelona_Sitges_v2.0.md,3,도착일 항공 지연,city-guide,38,0,0,ad76b8b208208ba3
04_Barcelona_Sitges_v2.0#039,source/CURRENT/20_Regional_Chapters/04_Barcelona_Sitges_v2.0.md,3,사그라다·산 파우 방문일에 비가 올 때,city-guide,30,0,0,008711750b4453c3
04_Barcelona_Sitges_v2.0#040,source/CURRENT/20_Regional_Chapters/04_Barcelona_Sitges_v2.0.md,3,사그라다 예약이 실패했을 때,city-guide,36,0,0,3803de9b4b2ade7e
04_Barcelona_Sitges_v2.0#041,source/CURRENT/20_Regional_Chapters/04_Barcelona_Sitges_v2.0.md,3,구도심 일정에 피로가 쌓였을 때,city-guide,24,0,0,e06cd43e8bdfc937
04_Barcelona_Sitges_v2.0#042,source/CURRENT/20_Regional_Chapters/04_Barcelona_Sitges_v2.0.md,3,렌터카 인수가 늦어질 때,city-guide,40,0,0,8ab88304e30e0b5d
04_Barcelona_Sitges_v2.0#043,source/CURRENT/20_Regional_Chapters/04_Barcelona_Sitges_v2.0.md,3,이동일 폭우·교통경보,city-guide,28,0,0,be07b126f4fd47e4
04_Barcelona_Sitges_v2.0#044,source/CURRENT/20_Regional_Chapters/04_Barcelona_Sitges_v2.0.md,2,예약·비용·안전·주차·귀가,city-guide,0,0,0,
04_Barcelona_Sitges_v2.0#045,source/CURRENT/20_Regional_Chapters/04_Barcelona_Sitges_v2.0.md,3,피로도와 하루 활동량,city-guide,73,0,0,32a06b3f4288af23
04_Barcelona_Sitges_v2.0#046,source/CURRENT/20_Regional_Chapters/04_Barcelona_Sitges_v2.0.md,3,예약 우선순위 실행표,city-guide,124,0,0,8b333fb2c5a28665
04_Barcelona_Sitges_v2.0#047,source/CURRENT/20_Regional_Chapters/04_Barcelona_Sitges_v2.0.md,3,예약카드,city-guide,0,0,0,
04_Barcelona_Sitges_v2.0#048,source/CURRENT/20_Regional_Chapters/04_Barcelona_Sitges_v2.0.md,3,예약카드 A — 사그라다 파밀리아,city-guide,58,0,0,419328833142d1ce
04_Barcelona_Sitges_v2.0#049,source/CURRENT/20_Regional_Chapters/04_Barcelona_Sitges_v2.0.md,3,예약카드 B — 바르셀로나 숙소 · 예약완료,city-guide,86,0,0,daa6c4fe2b302bbe
04_Barcelona_Sitges_v2.0#050,source/CURRENT/20_Regional_Chapters/04_Barcelona_Sitges_v2.0.md,3,예약카드 C — Bar Cañete,city-guide,39,0,0,d918c141a91d9fbc
04_Barcelona_Sitges_v2.0#051,source/CURRENT/20_Regional_Chapters/04_Barcelona_Sitges_v2.0.md,3,예약카드 D — 렌터카,city-guide,65,0,0,b5000eab23735bce
04_Barcelona_Sitges_v2.0#052,source/CURRENT/20_Regional_Chapters/04_Barcelona_Sitges_v2.0.md,3,예약카드 E — La Zorra Sitges,city-guide,50,0,0,5f5985a8fed3f79d
04_Barcelona_Sitges_v2.0#053,source/CURRENT/20_Regional_Chapters/04_Barcelona_Sitges_v2.0.md,3,경비 구조,city-guide,15,0,0,141ced03ff51afc2
04_Barcelona_Sitges_v2.0#054,source/CURRENT/20_Regional_Chapters/04_Barcelona_Sitges_v2.0.md,2,3박 4일 구조 (2인),city-guide,43,0,0,f27145617377a7ec
04_Barcelona_Sitges_v2.0#055,source/CURRENT/20_Regional_Chapters/04_Barcelona_Sitges_v2.0.md,2,입장료 — 이 구간의 특징,city-guide,43,0,0,12ae6729e53d889d
04_Barcelona_Sitges_v2.0#056,source/CURRENT/20_Regional_Chapters/04_Barcelona_Sitges_v2.0.md,2,절감 여지,city-guide,40,0,0,227d02cf87a6cbde
04_Barcelona_Sitges_v2.0#057,source/CURRENT/20_Regional_Chapters/04_Barcelona_Sitges_v2.0.md,2,결제,city-guide,23,0,0,8b02d128f9f32e20
04_Barcelona_Sitges_v2.0#058,source/CURRENT/20_Regional_Chapters/04_Barcelona_Sitges_v2.0.md,2,"예상 현지비용 — 2인, 숙박 제외",city-guide,116,0,0,6cadb49034e854c3
04_Barcelona_Sitges_v2.0#059,source/CURRENT/20_Regional_Chapters/04_Barcelona_Sitges_v2.0.md,3,현지 안전,city-guide,74,0,0,09340a86e9f8357b
04_Barcelona_Sitges_v2.0#060,source/CURRENT/20_Regional_Chapters/04_Barcelona_Sitges_v2.0.md,2,공식 확인 정보와 재확인 대상,city-guide,0,0,0,
04_Barcelona_Sitges_v2.0#061,source/CURRENT/20_Regional_Chapters/04_Barcelona_Sitges_v2.0.md,3,2026 행사·특별전,city-guide,157,0,0,085509ae7e24cc9e
04_Barcelona_Sitges_v2.0#062,source/CURRENT/20_Regional_Chapters/04_Barcelona_Sitges_v2.0.md,3,행사 운영 원칙,city-guide,29,0,0,272dc4ea772c592f
04_Barcelona_Sitges_v2.0#063,source/CURRENT/20_Regional_Chapters/04_Barcelona_Sitges_v2.0.md,3,8월 31일 중요 정정,city-guide,27,0,0,a86398e44084462b
04_Barcelona_Sitges_v2.0#064,source/CURRENT/20_Regional_Chapters/04_Barcelona_Sitges_v2.0.md,3,출발 전 확인목록,city-guide,0,0,0,
04_Barcelona_Sitges_v2.0#065,source/CURRENT/20_Regional_Chapters/04_Barcelona_Sitges_v2.0.md,3,D-60–D-45,city-guide,46,0,0,86c87ce4c1f30525
04_Barcelona_Sitges_v2.0#066,source/CURRENT/20_Regional_Chapters/04_Barcelona_Sitges_v2.0.md,3,D-30–D-14,city-guide,40,0,0,9056b8de7680fcb5
04_Barcelona_Sitges_v2.0#067,source/CURRENT/20_Regional_Chapters/04_Barcelona_Sitges_v2.0.md,3,D-7,city-guide,57,0,0,26c470dc3e521921
04_Barcelona_Sitges_v2.0#068,source/CURRENT/20_Regional_Chapters/04_Barcelona_Sitges_v2.0.md,3,D-2–D-1,city-guide,54,0,0,b1b3ff2137d3d318
04_Barcelona_Sitges_v2.0#069,source/CURRENT/20_Regional_Chapters/04_Barcelona_Sitges_v2.0.md,3,매일 밤 5분 점검,city-guide,32,0,0,7edf30f0e212bcc6
04_Barcelona_Sitges_v2.0#070,source/CURRENT/20_Regional_Chapters/04_Barcelona_Sitges_v2.0.md,2,검증 상태 — 보강본 근거,city-guide,201,0,0,e507392bab6f8ac3
04_Barcelona_Sitges_v2.0#071,source/CURRENT/20_Regional_Chapters/04_Barcelona_Sitges_v2.0.md,2,실행지도 · 현장 사용,city-guide,46,3,0,134334a8df09665c
04_Barcelona_Sitges_v2.0#072,source/CURRENT/20_Regional_Chapters/04_Barcelona_Sitges_v2.0.md,2,Day 1 — 8월 29일 토요일,city-guide,0,0,0,
04_Barcelona_Sitges_v2.0#073,source/CURRENT/20_Regional_Chapters/04_Barcelona_Sitges_v2.0.md,3,"도착, 숙소 정착, 생활권 적응",city-guide,50,0,0,67a20c5da210c221
04_Barcelona_Sitges_v2.0#074,source/CURRENT/20_Regional_Chapters/04_Barcelona_Sitges_v2.0.md,4,실행 시간표,city-guide,92,0,0,5eaaa5493fff23fa
04_Barcelona_Sitges_v2.0#075,source/CURRENT/20_Regional_Chapters/04_Barcelona_Sitges_v2.0.md,2,Day 2 — 8월 30일 일요일,city-guide,0,0,0,
04_Barcelona_Sitges_v2.0#076,source/CURRENT/20_Regional_Chapters/04_Barcelona_Sitges_v2.0.md,3,"사그라다 파밀리아와 산파우 — 돌, 빛, 도시개혁",city-guide,16,0,0,67831b9d778080f2
04_Barcelona_Sitges_v2.0#077,source/CURRENT/20_Regional_Chapters/04_Barcelona_Sitges_v2.0.md,4,실행 시간표,city-guide,196,0,0,7b192290abe79e62
04_Barcelona_Sitges_v2.0#078,source/CURRENT/20_Regional_Chapters/04_Barcelona_Sitges_v2.0.md,2,Day 3 — 8월 31일 월요일,city-guide,0,0,0,
04_Barcelona_Sitges_v2.0#079,source/CURRENT/20_Regional_Chapters/04_Barcelona_Sitges_v2.0.md,3,책과 도시의 기억 — 고딕지구·카탈루냐 도서관·MACBA,city-guide,20,0,0,117336fbb3f73907
04_Barcelona_Sitges_v2.0#080,source/CURRENT/20_Regional_Chapters/04_Barcelona_Sitges_v2.0.md,4,실행 시간표,city-guide,266,0,0,b3042667f9d6f586
04_Barcelona_Sitges_v2.0#081,source/CURRENT/20_Regional_Chapters/04_Barcelona_Sitges_v2.0.md,2,Day 4 — 9월 1일 화요일,city-guide,0,0,0,
04_Barcelona_Sitges_v2.0#082,source/CURRENT/20_Regional_Chapters/04_Barcelona_Sitges_v2.0.md,3,"렌터카 인수, 시체스 모더니즘과 바다, 지로나 이동",city-guide,15,0,0,e13ca65b5ba95212
04_Barcelona_Sitges_v2.0#083,source/CURRENT/20_Regional_Chapters/04_Barcelona_Sitges_v2.0.md,4,실행 시간표,city-guide,386,0,0,f08ce510ca16f074
04_Barcelona_Sitges_v2.0#084,source/CURRENT/20_Regional_Chapters/04_Barcelona_Sitges_v2.0.md,3,⚠ 인수 창구에서 반드시 할 말 — 프랑스 주행 신고 {{badge:p0|보험}},city-guide,89,0,0,2b555f0d9b49f95c
04_Barcelona_Sitges_v2.0#085,source/CURRENT/20_Regional_Chapters/04_Barcelona_Sitges_v2.0.md,3,⚠ 미결정 권고 — 시체스를 이 날 넣을 것인가 {{badge:unverified|사용자 결정 대기}},city-guide,198,0,0,b37a9b3c2a4c9f85
04_Barcelona_Sitges_v2.0#086,source/CURRENT/20_Regional_Chapters/04_Barcelona_Sitges_v2.0.md,3,9월 1일의 의사결정 기준,city-guide,46,0,0,262223b9c3e537fb
05_Girona_Collioure_Emporda_v2.1#000,source/CURRENT/20_Regional_Chapters/05_Girona_Collioure_Emporda_v2.1.md,0,(preamble),city-guide,73,2,1,6876448fef0f2f91
05_Girona_Collioure_Emporda_v2.1#001,source/CURRENT/20_Regional_Chapters/05_Girona_Collioure_Emporda_v2.1.md,1,Commercial Guide Module,city-guide,25,0,0,3dbe4af1b3c50a6e
05_Girona_Collioure_Emporda_v2.1#002,source/CURRENT/20_Regional_Chapters/05_Girona_Collioure_Emporda_v2.1.md,2,Editor’s Verdict — 이 지역에 시간을 쓸 가치와 한계,city-guide,55,0,0,afadadb905c8e068
05_Girona_Collioure_Emporda_v2.1#003,source/CURRENT/20_Regional_Chapters/05_Girona_Collioure_Emporda_v2.1.md,3,이번 3박의 핵심,city-guide,50,0,0,0b666ef74bd29600
05_Girona_Collioure_Emporda_v2.1#004,source/CURRENT/20_Regional_Chapters/05_Girona_Collioure_Emporda_v2.1.md,2,한눈에 보기 — 일정,city-guide,45,0,0,02b1afee373fa9a5
05_Girona_Collioure_Emporda_v2.1#005,source/CURRENT/20_Regional_Chapters/05_Girona_Collioure_Emporda_v2.1.md,2,"중세도시의 저녁, 프랑스 카탈루냐 해안마을, 석조마을과 코스타브라바",city-guide,45,0,0,ff6d115dfe4579f6
05_Girona_Collioure_Emporda_v2.1#006,source/CURRENT/20_Regional_Chapters/05_Girona_Collioure_Emporda_v2.1.md,1,Regional Context & Scheduled Place Dossiers,city-guide,0,0,0,
05_Girona_Collioure_Emporda_v2.1#007,source/CURRENT/20_Regional_Chapters/05_Girona_Collioure_Emporda_v2.1.md,2,구역별 이해와 숙소 생활권,city-guide,51,0,0,ac283ad92b41c1f6
05_Girona_Collioure_Emporda_v2.1#008,source/CURRENT/20_Regional_Chapters/05_Girona_Collioure_Emporda_v2.1.md,2,아침 운동,city-guide,21,0,0,db6d7b168aee7c54
05_Girona_Collioure_Emporda_v2.1#009,source/CURRENT/20_Regional_Chapters/05_Girona_Collioure_Emporda_v2.1.md,2,도착·출발·지역 내 교통,city-guide,0,0,0,
05_Girona_Collioure_Emporda_v2.1#010,source/CURRENT/20_Regional_Chapters/05_Girona_Collioure_Emporda_v2.1.md,2,스페인과 프랑스 국경을 넘을 때,city-guide,54,0,0,0b9f22d1b8097bc9
05_Girona_Collioure_Emporda_v2.1#011,source/CURRENT/20_Regional_Chapters/05_Girona_Collioure_Emporda_v2.1.md,2,도로와 통행료,city-guide,52,0,0,17dc2148aaa0a634
05_Girona_Collioure_Emporda_v2.1#012,source/CURRENT/20_Regional_Chapters/05_Girona_Collioure_Emporda_v2.1.md,2,주유,city-guide,55,0,0,82fa9a6802e67218
05_Girona_Collioure_Emporda_v2.1#013,source/CURRENT/20_Regional_Chapters/05_Girona_Collioure_Emporda_v2.1.md,2,목적지별 주차,city-guide,77,0,0,1bfe5caef46ae14f
05_Girona_Collioure_Emporda_v2.1#014,source/CURRENT/20_Regional_Chapters/05_Girona_Collioure_Emporda_v2.1.md,2,핵심 셀프가이드,city-guide,24,0,0,2936242127167e2a
05_Girona_Collioure_Emporda_v2.1#015,source/CURRENT/20_Regional_Chapters/05_Girona_Collioure_Emporda_v2.1.md,4,1. 지로나 대성당 (Girona Cathedral) {{grade:essential|필수}},city-guide,53,1,0,c7b7cbcf541006b3
05_Girona_Collioure_Emporda_v2.1#016,source/CURRENT/20_Regional_Chapters/05_Girona_Collioure_Emporda_v2.1.md,4,2. 성벽 (Passeig de la Muralla) {{grade:essential|필수}},city-guide,56,1,0,06d7fa2343cd10df
05_Girona_Collioure_Emporda_v2.1#017,source/CURRENT/20_Regional_Chapters/05_Girona_Collioure_Emporda_v2.1.md,4,3. 오냐르 강변 (Onyar) {{grade:priority|우선추천}},city-guide,36,1,0,445e1c60f63e80fd
05_Girona_Collioure_Emporda_v2.1#018,source/CURRENT/20_Regional_Chapters/05_Girona_Collioure_Emporda_v2.1.md,4,4. Collioure (콜리우르) {{grade:essential|필수}},city-guide,47,1,0,e5c6bfc9f5f97938
05_Girona_Collioure_Emporda_v2.1#019,source/CURRENT/20_Regional_Chapters/05_Girona_Collioure_Emporda_v2.1.md,4,5. Pals (팔스) {{grade:priority|우선추천}},city-guide,35,1,0,863b0e8aa6120b61
05_Girona_Collioure_Emporda_v2.1#020,source/CURRENT/20_Regional_Chapters/05_Girona_Collioure_Emporda_v2.1.md,4,6. Peratallada (페라탈라다) {{grade:essential|필수}},city-guide,57,1,0,6821ba6f1974617b
05_Girona_Collioure_Emporda_v2.1#021,source/CURRENT/20_Regional_Chapters/05_Girona_Collioure_Emporda_v2.1.md,4,7. Calella de Palafrugell (칼레랴 데 팔라프루헬) {{grade:optional|선택}},city-guide,51,1,0,e87a46933217d568
05_Girona_Collioure_Emporda_v2.1#022,source/CURRENT/20_Regional_Chapters/05_Girona_Collioure_Emporda_v2.1.md,4,8. Peralada (페랄라다) {{grade:optional|선택}},city-guide,29,1,0,71b17ad7904bd3c2
05_Girona_Collioure_Emporda_v2.1#023,source/CURRENT/20_Regional_Chapters/05_Girona_Collioure_Emporda_v2.1.md,4,Casa Marieta {{grade:essential|필수}},city-guide,43,1,0,0a6e19912daaa977
05_Girona_Collioure_Emporda_v2.1#024,source/CURRENT/20_Regional_Chapters/05_Girona_Collioure_Emporda_v2.1.md,4,Mercat del Lleó {{grade:priority|우선추천}},city-guide,32,1,0,6624d48f57930113
05_Girona_Collioure_Emporda_v2.1#025,source/CURRENT/20_Regional_Chapters/05_Girona_Collioure_Emporda_v2.1.md,2,음식·시장·카페·생활체험,city-guide,0,0,0,
05_Girona_Collioure_Emporda_v2.1#026,source/CURRENT/20_Regional_Chapters/05_Girona_Collioure_Emporda_v2.1.md,2,Empordà에서 먹어볼 것,city-guide,127,0,0,a1308c8b9bdd59ce
05_Girona_Collioure_Emporda_v2.1#027,source/CURRENT/20_Regional_Chapters/05_Girona_Collioure_Emporda_v2.1.md,2,시장과 장보기,city-guide,56,1,0,7219218a9543eef1
05_Girona_Collioure_Emporda_v2.1#028,source/CURRENT/20_Regional_Chapters/05_Girona_Collioure_Emporda_v2.1.md,2,일정에서 이용하는 식당과 카페,city-guide,0,0,0,
05_Girona_Collioure_Emporda_v2.1#029,source/CURRENT/20_Regional_Chapters/05_Girona_Collioure_Emporda_v2.1.md,3,방문 업소,city-guide,24,1,0,5f7e3ca57d9ad974
05_Girona_Collioure_Emporda_v2.1#030,source/CURRENT/20_Regional_Chapters/05_Girona_Collioure_Emporda_v2.1.md,3,일정별 식사 전략,city-guide,64,0,0,c456192f9b7a9bd5
05_Girona_Collioure_Emporda_v2.1#031,source/CURRENT/20_Regional_Chapters/05_Girona_Collioure_Emporda_v2.1.md,2,당일치기·우천·피로 대안,city-guide,0,0,0,
05_Girona_Collioure_Emporda_v2.1#032,source/CURRENT/20_Regional_Chapters/05_Girona_Collioure_Emporda_v2.1.md,2,Day 1 비,city-guide,30,0,0,c8a033c49ed56695
05_Girona_Collioure_Emporda_v2.1#033,source/CURRENT/20_Regional_Chapters/05_Girona_Collioure_Emporda_v2.1.md,2,Day 2 비,city-guide,24,0,0,18f0b2bd10b17601
05_Girona_Collioure_Emporda_v2.1#034,source/CURRENT/20_Regional_Chapters/05_Girona_Collioure_Emporda_v2.1.md,2,Day 3 비,city-guide,28,0,0,d891892f468a292a
05_Girona_Collioure_Emporda_v2.1#035,source/CURRENT/20_Regional_Chapters/05_Girona_Collioure_Emporda_v2.1.md,2,교통지연 및 피로 시 조정 기준,city-guide,32,0,0,dd7a82a68183f6bc
05_Girona_Collioure_Emporda_v2.1#036,source/CURRENT/20_Regional_Chapters/05_Girona_Collioure_Emporda_v2.1.md,2,예약·비용·안전·주차·귀가,city-guide,0,0,0,
05_Girona_Collioure_Emporda_v2.1#037,source/CURRENT/20_Regional_Chapters/05_Girona_Collioure_Emporda_v2.1.md,3,경비와 차량 운용,city-guide,58,0,0,bc6290c7af776910
05_Girona_Collioure_Emporda_v2.1#038,source/CURRENT/20_Regional_Chapters/05_Girona_Collioure_Emporda_v2.1.md,3,주요 방문지 예약 및 운영 조건,city-guide,77,0,0,72c08e6adaa00eb9
05_Girona_Collioure_Emporda_v2.1#039,source/CURRENT/20_Regional_Chapters/05_Girona_Collioure_Emporda_v2.1.md,2,공식 확인 정보와 재확인 대상,city-guide,0,0,0,
05_Girona_Collioure_Emporda_v2.1#040,source/CURRENT/20_Regional_Chapters/05_Girona_Collioure_Emporda_v2.1.md,3,2026년 체류기간 주요 전시와 행사,city-guide,37,0,0,d173e876bf64d9fc
05_Girona_Collioure_Emporda_v2.1#041,source/CURRENT/20_Regional_Chapters/05_Girona_Collioure_Emporda_v2.1.md,3,출발 전 최종 확인,city-guide,71,0,0,86cfb36e19ab3451
05_Girona_Collioure_Emporda_v2.1#042,source/CURRENT/20_Regional_Chapters/05_Girona_Collioure_Emporda_v2.1.md,3,공식 정보원,city-guide,35,0,0,2f43bee1905ce399
05_Girona_Collioure_Emporda_v2.1#043,source/CURRENT/20_Regional_Chapters/05_Girona_Collioure_Emporda_v2.1.md,2,검증 상태 — 보강본 근거,city-guide,95,0,0,71165168fc6bc20e
05_Girona_Collioure_Emporda_v2.1#044,source/CURRENT/20_Regional_Chapters/05_Girona_Collioure_Emporda_v2.1.md,2,실행지도 · 현장 사용,city-guide,44,3,0,4cca53e351e6271a
05_Girona_Collioure_Emporda_v2.1#045,source/CURRENT/20_Regional_Chapters/05_Girona_Collioure_Emporda_v2.1.md,2,Day 1 — 9월 1일 화요일,city-guide,0,0,0,
05_Girona_Collioure_Emporda_v2.1#046,source/CURRENT/20_Regional_Chapters/05_Girona_Collioure_Emporda_v2.1.md,3,Barcelona → Sitges → Bàscara,city-guide,15,0,0,25aab416cdfb6b0f
05_Girona_Collioure_Emporda_v2.1#047,source/CURRENT/20_Regional_Chapters/05_Girona_Collioure_Emporda_v2.1.md,4,실행 시간표,city-guide,119,0,0,c33425e0bba81b78
05_Girona_Collioure_Emporda_v2.1#048,source/CURRENT/20_Regional_Chapters/05_Girona_Collioure_Emporda_v2.1.md,2,Day 2 — 9월 2일 수요일,city-guide,0,0,0,
05_Girona_Collioure_Emporda_v2.1#049,source/CURRENT/20_Regional_Chapters/05_Girona_Collioure_Emporda_v2.1.md,3,Bàscara → Collioure → Cadaqués → Bàscara,city-guide,19,0,0,db70074e29c50649
05_Girona_Collioure_Emporda_v2.1#050,source/CURRENT/20_Regional_Chapters/05_Girona_Collioure_Emporda_v2.1.md,4,실행 시간표,city-guide,107,0,0,acb56ba957f24a3f
05_Girona_Collioure_Emporda_v2.1#051,source/CURRENT/20_Regional_Chapters/05_Girona_Collioure_Emporda_v2.1.md,2,Day 3 — 9월 3일 목요일,city-guide,0,0,0,
05_Girona_Collioure_Emporda_v2.1#052,source/CURRENT/20_Regional_Chapters/05_Girona_Collioure_Emporda_v2.1.md,3,Bàscara → Tossa de Mar → Sant Feliu de Guíxols → Pals → Peratallada → Bàscara,city-guide,20,0,0,1e9b68d5cb606178
05_Girona_Collioure_Emporda_v2.1#053,source/CURRENT/20_Regional_Chapters/05_Girona_Collioure_Emporda_v2.1.md,4,실행 시간표,city-guide,126,0,0,93530bca9036b52f
05_Girona_Collioure_Emporda_v2.1#054,source/CURRENT/20_Regional_Chapters/05_Girona_Collioure_Emporda_v2.1.md,2,Day 4 — 9월 4일 금요일,city-guide,0,0,0,
05_Girona_Collioure_Emporda_v2.1#055,source/CURRENT/20_Regional_Chapters/05_Girona_Collioure_Emporda_v2.1.md,3,Bàscara 체크아웃 후 니스로 이동 {{badge:p0|P0 연결}},city-guide,19,0,0,6fcc711dbb191d0e
05_Girona_Collioure_Emporda_v2.1#056,source/CURRENT/20_Regional_Chapters/05_Girona_Collioure_Emporda_v2.1.md,4,실행 시간표,city-guide,124,0,0,fd5302b75ebda5ae
06_Nice_Cote_d_Azur_v2.0#000,source/CURRENT/20_Regional_Chapters/06_Nice_Cote_d_Azur_v2.0.md,0,(preamble),city-guide,84,2,1,008c6315d290513c
06_Nice_Cote_d_Azur_v2.0#001,source/CURRENT/20_Regional_Chapters/06_Nice_Cote_d_Azur_v2.0.md,1,Commercial Guide Module,city-guide,0,0,0,
06_Nice_Cote_d_Azur_v2.0#002,source/CURRENT/20_Regional_Chapters/06_Nice_Cote_d_Azur_v2.0.md,2,Editor’s Verdict — 이 지역에 시간을 쓸 가치와 한계,city-guide,97,0,0,76afd6f650c37a85
06_Nice_Cote_d_Azur_v2.0#003,source/CURRENT/20_Regional_Chapters/06_Nice_Cote_d_Azur_v2.0.md,3,이번 5박의 핵심,city-guide,62,0,0,75143a033eb31e37
06_Nice_Cote_d_Azur_v2.0#004,source/CURRENT/20_Regional_Chapters/06_Nice_Cote_d_Azur_v2.0.md,2,한눈에 보기 — 일정,city-guide,61,0,0,64667bdc19fa8f17
06_Nice_Cote_d_Azur_v2.0#005,source/CURRENT/20_Regional_Chapters/06_Nice_Cote_d_Azur_v2.0.md,1,니스와 코트다쥐르 5박 6일,city-guide,0,0,0,
06_Nice_Cote_d_Azur_v2.0#006,source/CURRENT/20_Regional_Chapters/06_Nice_Cote_d_Azur_v2.0.md,2,"지중해 생활도시, 칸과 모나코·망통, 시장과 해안풍경",city-guide,27,0,0,b11b62445da01253
06_Nice_Cote_d_Azur_v2.0#007,source/CURRENT/20_Regional_Chapters/06_Nice_Cote_d_Azur_v2.0.md,1,Regional Context & Scheduled Place Dossiers,city-guide,0,0,0,
06_Nice_Cote_d_Azur_v2.0#008,source/CURRENT/20_Regional_Chapters/06_Nice_Cote_d_Azur_v2.0.md,2,구역별 이해와 숙소 생활권,city-guide,58,0,0,ac05e2048591b5bb
06_Nice_Cote_d_Azur_v2.0#009,source/CURRENT/20_Regional_Chapters/06_Nice_Cote_d_Azur_v2.0.md,2,생활과 회복,city-guide,43,0,0,b01b36a7736437cf
06_Nice_Cote_d_Azur_v2.0#010,source/CURRENT/20_Regional_Chapters/06_Nice_Cote_d_Azur_v2.0.md,2,도착·출발·지역 내 교통,city-guide,0,0,0,
06_Nice_Cote_d_Azur_v2.0#011,source/CURRENT/20_Regional_Chapters/06_Nice_Cote_d_Azur_v2.0.md,2,공항에서 숙소로,city-guide,26,0,0,dcb3e4f8fb2020f5
06_Nice_Cote_d_Azur_v2.0#012,source/CURRENT/20_Regional_Chapters/06_Nice_Cote_d_Azur_v2.0.md,2,Antibes·Cannes·Monaco·Menton은 TER,city-guide,39,0,0,9640fcb88fde3507
06_Nice_Cote_d_Azur_v2.0#013,source/CURRENT/20_Regional_Chapters/06_Nice_Cote_d_Azur_v2.0.md,2,렌터카를 받는 날,city-guide,59,0,0,9ab4c3d5b4bbd96c
06_Nice_Cote_d_Azur_v2.0#014,source/CURRENT/20_Regional_Chapters/06_Nice_Cote_d_Azur_v2.0.md,2,핵심 셀프가이드,city-guide,10,0,0,5d7aa0593091dfe0
06_Nice_Cote_d_Azur_v2.0#015,source/CURRENT/20_Regional_Chapters/06_Nice_Cote_d_Azur_v2.0.md,4,Promenade des Anglais {{grade:essential|필수}},city-guide,41,1,0,63b981025b04cd23
06_Nice_Cote_d_Azur_v2.0#016,source/CURRENT/20_Regional_Chapters/06_Nice_Cote_d_Azur_v2.0.md,4,Cours Saleya {{grade:essential|필수}},city-guide,42,1,0,be8390ae8c0ffb0d
06_Nice_Cote_d_Azur_v2.0#017,source/CURRENT/20_Regional_Chapters/06_Nice_Cote_d_Azur_v2.0.md,4,Colline du Château (성채 언덕) {{grade:essential|필수}},city-guide,44,1,0,55b05d688378bab0
06_Nice_Cote_d_Azur_v2.0#018,source/CURRENT/20_Regional_Chapters/06_Nice_Cote_d_Azur_v2.0.md,4,Vieux Nice — 구시가지 {{grade:essential|필수}},city-guide,40,1,0,c6e471efc0fe28ee
06_Nice_Cote_d_Azur_v2.0#019,source/CURRENT/20_Regional_Chapters/06_Nice_Cote_d_Azur_v2.0.md,4,Le Rocher — 모나코 구시가지 {{grade:essential|필수}},city-guide,40,2,0,f826641cf1c7ad67
06_Nice_Cote_d_Azur_v2.0#020,source/CURRENT/20_Regional_Chapters/06_Nice_Cote_d_Azur_v2.0.md,4,Menton (멘통) {{grade:essential|필수}},city-guide,45,1,0,6de9e773a4b33f79
06_Nice_Cote_d_Azur_v2.0#021,source/CURRENT/20_Regional_Chapters/06_Nice_Cote_d_Azur_v2.0.md,4,Le Suquet — 칸 구시가지 {{grade:essential|필수}},city-guide,40,2,0,f25de891fc8e47bf
06_Nice_Cote_d_Azur_v2.0#022,source/CURRENT/20_Regional_Chapters/06_Nice_Cote_d_Azur_v2.0.md,4,Marché Forville {{grade:essential|필수}},city-guide,22,1,0,225c90ab04448f3d
06_Nice_Cote_d_Azur_v2.0#023,source/CURRENT/20_Regional_Chapters/06_Nice_Cote_d_Azur_v2.0.md,4,Marché de la Libération {{grade:priority|우선추천}},city-guide,26,1,0,af1e97ad6f6ebb4e
06_Nice_Cote_d_Azur_v2.0#024,source/CURRENT/20_Regional_Chapters/06_Nice_Cote_d_Azur_v2.0.md,4,Nice Old Town–Castle Hill Walk {{grade:essential|필수}},city-guide,28,1,0,ba39dc297dbc2770
06_Nice_Cote_d_Azur_v2.0#025,source/CURRENT/20_Regional_Chapters/06_Nice_Cote_d_Azur_v2.0.md,4,Cannes Forville–Suquet–Croisette Walk {{grade:essential|필수}},city-guide,28,1,0,ae5339340357a6f4
06_Nice_Cote_d_Azur_v2.0#026,source/CURRENT/20_Regional_Chapters/06_Nice_Cote_d_Azur_v2.0.md,4,Monaco Rocher–Port–Monte Carlo Walk {{grade:essential|필수}},city-guide,33,1,0,fc3ecf93ac602ac2
06_Nice_Cote_d_Azur_v2.0#027,source/CURRENT/20_Regional_Chapters/06_Nice_Cote_d_Azur_v2.0.md,4,Le Figuier de Saint-Esprit {{grade:essential|필수}},city-guide,45,1,0,2b465c0645b8f8c6
06_Nice_Cote_d_Azur_v2.0#028,source/CURRENT/20_Regional_Chapters/06_Nice_Cote_d_Azur_v2.0.md,4,Restaurant & Salon de Thé Béatrice {{grade:essential|필수}},city-guide,39,1,0,5e264e636b926243
06_Nice_Cote_d_Azur_v2.0#029,source/CURRENT/20_Regional_Chapters/06_Nice_Cote_d_Azur_v2.0.md,4,Villa Ephrussi de Rothschild {{grade:priority|우선추천}},city-guide,44,1,0,6c16cceb6a3ed681
06_Nice_Cote_d_Azur_v2.0#030,source/CURRENT/20_Regional_Chapters/06_Nice_Cote_d_Azur_v2.0.md,2,음식·시장·카페·생활체험,city-guide,28,0,0,acfa990f5deec247
06_Nice_Cote_d_Azur_v2.0#031,source/CURRENT/20_Regional_Chapters/06_Nice_Cote_d_Azur_v2.0.md,2,니스에서 먹어볼 것,city-guide,139,0,0,8ee82f9cad9b7c6e
06_Nice_Cote_d_Azur_v2.0#032,source/CURRENT/20_Regional_Chapters/06_Nice_Cote_d_Azur_v2.0.md,2,시장과 장보기,city-guide,71,0,0,08cdf24c72630dbe
06_Nice_Cote_d_Azur_v2.0#033,source/CURRENT/20_Regional_Chapters/06_Nice_Cote_d_Azur_v2.0.md,2,일정에서 이용하는 식당과 카페,city-guide,71,0,0,e6b124146c091293
06_Nice_Cote_d_Azur_v2.0#034,source/CURRENT/20_Regional_Chapters/06_Nice_Cote_d_Azur_v2.0.md,2,당일치기·우천·피로 대안,city-guide,104,0,0,bffe19f45786ddd7
06_Nice_Cote_d_Azur_v2.0#035,source/CURRENT/20_Regional_Chapters/06_Nice_Cote_d_Azur_v2.0.md,2,예약·비용·안전·주차·귀가,city-guide,146,0,0,cdc4d9f24e989669
06_Nice_Cote_d_Azur_v2.0#036,source/CURRENT/20_Regional_Chapters/06_Nice_Cote_d_Azur_v2.0.md,2,공식 확인 정보와 재확인 대상,city-guide,177,0,0,b0a0aa6f766e583f
06_Nice_Cote_d_Azur_v2.0#037,source/CURRENT/20_Regional_Chapters/06_Nice_Cote_d_Azur_v2.0.md,2,검증 상태 — 보강본 근거,city-guide,126,0,0,6e5921e40fe7ac05
06_Nice_Cote_d_Azur_v2.0#038,source/CURRENT/20_Regional_Chapters/06_Nice_Cote_d_Azur_v2.0.md,2,Day 1 — 9월 4일 금요일,city-guide,0,0,0,
06_Nice_Cote_d_Azur_v2.0#039,source/CURRENT/20_Regional_Chapters/06_Nice_Cote_d_Azur_v2.0.md,3,"니스 도착, 체크인, 숙소 주변 산책",city-guide,40,0,0,463ffa8e8ab72efd
06_Nice_Cote_d_Azur_v2.0#040,source/CURRENT/20_Regional_Chapters/06_Nice_Cote_d_Azur_v2.0.md,4,핵심 행동 (최대 3개),city-guide,46,0,0,71cd00318a00be7f
06_Nice_Cote_d_Azur_v2.0#041,source/CURRENT/20_Regional_Chapters/06_Nice_Cote_d_Azur_v2.0.md,4,실행 시간표,city-guide,56,0,0,5d4b60717e32e801
06_Nice_Cote_d_Azur_v2.0#042,source/CURRENT/20_Regional_Chapters/06_Nice_Cote_d_Azur_v2.0.md,4,오늘 지도,city-guide,0,0,0,da39a3ee5e6b4b0d
06_Nice_Cote_d_Azur_v2.0#043,source/CURRENT/20_Regional_Chapters/06_Nice_Cote_d_Azur_v2.0.md,4,식사 및 카페,city-guide,10,0,0,403663393b398bf3
06_Nice_Cote_d_Azur_v2.0#044,source/CURRENT/20_Regional_Chapters/06_Nice_Cote_d_Azur_v2.0.md,4,삭제 및 단축 순서 (늦었거나 피곤할 때),city-guide,20,0,0,bfcb40691ec04072
06_Nice_Cote_d_Azur_v2.0#045,source/CURRENT/20_Regional_Chapters/06_Nice_Cote_d_Azur_v2.0.md,4,대안 대책 (우천·휴관·교통 장애),city-guide,9,0,0,dd20820014b09856
06_Nice_Cote_d_Azur_v2.0#046,source/CURRENT/20_Regional_Chapters/06_Nice_Cote_d_Azur_v2.0.md,2,Day 2 — 9월 5일 토요일,city-guide,0,0,0,
06_Nice_Cote_d_Azur_v2.0#047,source/CURRENT/20_Regional_Chapters/06_Nice_Cote_d_Azur_v2.0.md,3,"Nice 핵심: 시장, 구시가지, 성채언덕, 해변",city-guide,39,0,0,6dbbff97a6b427ed
06_Nice_Cote_d_Azur_v2.0#048,source/CURRENT/20_Regional_Chapters/06_Nice_Cote_d_Azur_v2.0.md,4,핵심 행동 (최대 3개),city-guide,38,0,0,92e8486feeb79de8
06_Nice_Cote_d_Azur_v2.0#049,source/CURRENT/20_Regional_Chapters/06_Nice_Cote_d_Azur_v2.0.md,4,실행 시간표,city-guide,101,1,0,6733e038a317170c
06_Nice_Cote_d_Azur_v2.0#050,source/CURRENT/20_Regional_Chapters/06_Nice_Cote_d_Azur_v2.0.md,4,오늘 지도,city-guide,0,0,0,da39a3ee5e6b4b0d
06_Nice_Cote_d_Azur_v2.0#051,source/CURRENT/20_Regional_Chapters/06_Nice_Cote_d_Azur_v2.0.md,4,식사 및 카페,city-guide,31,0,0,a95c6d5b8490943a
06_Nice_Cote_d_Azur_v2.0#052,source/CURRENT/20_Regional_Chapters/06_Nice_Cote_d_Azur_v2.0.md,4,삭제 및 단축 순서 (늦었거나 피곤할 때),city-guide,30,0,0,615919039e90fcfc
06_Nice_Cote_d_Azur_v2.0#053,source/CURRENT/20_Regional_Chapters/06_Nice_Cote_d_Azur_v2.0.md,4,대안 대책 (우천·휴관·교통 장애),city-guide,14,0,0,0ed32bd6e382fbc1
06_Nice_Cote_d_Azur_v2.0#054,source/CURRENT/20_Regional_Chapters/06_Nice_Cote_d_Azur_v2.0.md,2,Day 3 — 9월 6일 일요일,city-guide,0,0,0,
06_Nice_Cote_d_Azur_v2.0#055,source/CURRENT/20_Regional_Chapters/06_Nice_Cote_d_Azur_v2.0.md,3,"앙티브 요새마을, Le Figuier 미쉐린 런치 & 칸 당일치기",city-guide,52,0,0,ea5931d2a109b82c
06_Nice_Cote_d_Azur_v2.0#056,source/CURRENT/20_Regional_Chapters/06_Nice_Cote_d_Azur_v2.0.md,4,핵심 행동 (최대 3개),city-guide,60,0,0,71b301bdc08e4679
06_Nice_Cote_d_Azur_v2.0#057,source/CURRENT/20_Regional_Chapters/06_Nice_Cote_d_Azur_v2.0.md,4,실행 시간표,city-guide,142,0,0,f58b66e9040379a0
06_Nice_Cote_d_Azur_v2.0#058,source/CURRENT/20_Regional_Chapters/06_Nice_Cote_d_Azur_v2.0.md,4,오늘 지도,city-guide,0,0,0,da39a3ee5e6b4b0d
06_Nice_Cote_d_Azur_v2.0#059,source/CURRENT/20_Regional_Chapters/06_Nice_Cote_d_Azur_v2.0.md,4,식사 및 카페,city-guide,35,0,0,149c5be1dad7b1d1
06_Nice_Cote_d_Azur_v2.0#060,source/CURRENT/20_Regional_Chapters/06_Nice_Cote_d_Azur_v2.0.md,4,삭제 및 단축 순서 (늦었거나 피곤할 때),city-guide,27,0,0,86aa27cb0b1e6986
06_Nice_Cote_d_Azur_v2.0#061,source/CURRENT/20_Regional_Chapters/06_Nice_Cote_d_Azur_v2.0.md,4,대안 대책 (우천·휴관·교통 장애),city-guide,14,0,0,1eff186e53aa6693
06_Nice_Cote_d_Azur_v2.0#062,source/CURRENT/20_Regional_Chapters/06_Nice_Cote_d_Azur_v2.0.md,2,Day 4 — 9월 7일 월요일,city-guide,0,0,0,
06_Nice_Cote_d_Azur_v2.0#063,source/CURRENT/20_Regional_Chapters/06_Nice_Cote_d_Azur_v2.0.md,3,"Monaco + Menton 당일치기: Monaco 오전·점심, Menton 오후·저녁",city-guide,49,0,0,f211a7c2f60c42fd
06_Nice_Cote_d_Azur_v2.0#064,source/CURRENT/20_Regional_Chapters/06_Nice_Cote_d_Azur_v2.0.md,4,핵심 행동 (최대 3개),city-guide,76,0,0,b90b372687a3bd4b
06_Nice_Cote_d_Azur_v2.0#065,source/CURRENT/20_Regional_Chapters/06_Nice_Cote_d_Azur_v2.0.md,4,실행 시간표,city-guide,156,0,0,563ad8c201e1d0d0
06_Nice_Cote_d_Azur_v2.0#066,source/CURRENT/20_Regional_Chapters/06_Nice_Cote_d_Azur_v2.0.md,4,오늘 지도,city-guide,0,0,0,da39a3ee5e6b4b0d
06_Nice_Cote_d_Azur_v2.0#067,source/CURRENT/20_Regional_Chapters/06_Nice_Cote_d_Azur_v2.0.md,4,식사 및 카페,city-guide,72,0,0,812917a1833e292a
06_Nice_Cote_d_Azur_v2.0#068,source/CURRENT/20_Regional_Chapters/06_Nice_Cote_d_Azur_v2.0.md,4,삭제 및 단축 순서 (늦었거나 피곤할 때),city-guide,33,0,0,835c5b825826e039
06_Nice_Cote_d_Azur_v2.0#069,source/CURRENT/20_Regional_Chapters/06_Nice_Cote_d_Azur_v2.0.md,4,대안 대책 (우천·휴관·교통 장애),city-guide,31,0,0,10804bd1da3e9334
06_Nice_Cote_d_Azur_v2.0#070,source/CURRENT/20_Regional_Chapters/06_Nice_Cote_d_Azur_v2.0.md,2,Day 5 — 9월 8일 화요일,city-guide,0,0,0,
06_Nice_Cote_d_Azur_v2.0#071,source/CURRENT/20_Regional_Chapters/06_Nice_Cote_d_Azur_v2.0.md,3,"Nice 생활·회복일: 리베라시옹 시장, 로스차일드 빌라 런치, 프롬나드 해변 휴식",city-guide,52,0,0,622d29eae8129067
06_Nice_Cote_d_Azur_v2.0#072,source/CURRENT/20_Regional_Chapters/06_Nice_Cote_d_Azur_v2.0.md,4,핵심 행동 (최대 3개),city-guide,62,0,0,57b0f669b58db50b
06_Nice_Cote_d_Azur_v2.0#073,source/CURRENT/20_Regional_Chapters/06_Nice_Cote_d_Azur_v2.0.md,4,실행 시간표,city-guide,133,0,0,1bdb014492b94051
06_Nice_Cote_d_Azur_v2.0#074,source/CURRENT/20_Regional_Chapters/06_Nice_Cote_d_Azur_v2.0.md,4,오늘 지도,city-guide,0,0,0,da39a3ee5e6b4b0d
06_Nice_Cote_d_Azur_v2.0#075,source/CURRENT/20_Regional_Chapters/06_Nice_Cote_d_Azur_v2.0.md,4,식사 및 카페,city-guide,39,0,0,5ee2d5089e2f85bd
06_Nice_Cote_d_Azur_v2.0#076,source/CURRENT/20_Regional_Chapters/06_Nice_Cote_d_Azur_v2.0.md,4,삭제 및 단축 순서 (늦었거나 피곤할 때),city-guide,24,0,0,a6135ae09be53473
06_Nice_Cote_d_Azur_v2.0#077,source/CURRENT/20_Regional_Chapters/06_Nice_Cote_d_Azur_v2.0.md,4,대안 대책 (우천·휴관·교통 장애),city-guide,14,0,0,02cb711c0119e124
06_Nice_Cote_d_Azur_v2.0#078,source/CURRENT/20_Regional_Chapters/06_Nice_Cote_d_Azur_v2.0.md,2,Day 6 — 9월 9일 수요일,city-guide,0,0,0,
06_Nice_Cote_d_Azur_v2.0#079,source/CURRENT/20_Regional_Chapters/06_Nice_Cote_d_Azur_v2.0.md,3,"렌터카 인수, Saint-Paul-de-Vence·Grasse, Aix 이동",city-guide,42,0,0,11b8d159ed83b3cb
06_Nice_Cote_d_Azur_v2.0#080,source/CURRENT/20_Regional_Chapters/06_Nice_Cote_d_Azur_v2.0.md,4,핵심 행동 (최대 3개),city-guide,39,0,0,bf389adb22bffbc8
06_Nice_Cote_d_Azur_v2.0#081,source/CURRENT/20_Regional_Chapters/06_Nice_Cote_d_Azur_v2.0.md,4,실행 시간표,city-guide,184,0,0,bb3530e6aa3b7d59
06_Nice_Cote_d_Azur_v2.0#082,source/CURRENT/20_Regional_Chapters/06_Nice_Cote_d_Azur_v2.0.md,4,오늘 지도,city-guide,0,0,0,da39a3ee5e6b4b0d
06_Nice_Cote_d_Azur_v2.0#083,source/CURRENT/20_Regional_Chapters/06_Nice_Cote_d_Azur_v2.0.md,4,식사 및 카페,city-guide,12,0,0,53333f8bdcc91eba
06_Nice_Cote_d_Azur_v2.0#084,source/CURRENT/20_Regional_Chapters/06_Nice_Cote_d_Azur_v2.0.md,4,삭제 및 단축 순서 (늦었거나 피곤할 때),city-guide,34,0,0,04097e2473751393
06_Nice_Cote_d_Azur_v2.0#085,source/CURRENT/20_Regional_Chapters/06_Nice_Cote_d_Azur_v2.0.md,4,대안 대책 (우천·휴관·교통 장애),city-guide,16,0,0,a099998d4a9571e7
07_Aix_en_Provence_v2.0#000,source/CURRENT/20_Regional_Chapters/07_Aix_en_Provence_v2.0.md,0,(preamble),city-guide,70,2,1,765aaa02cf98629e
07_Aix_en_Provence_v2.0#001,source/CURRENT/20_Regional_Chapters/07_Aix_en_Provence_v2.0.md,1,Commercial Guide Module,city-guide,21,0,0,fd0273617bc4aded
07_Aix_en_Provence_v2.0#002,source/CURRENT/20_Regional_Chapters/07_Aix_en_Provence_v2.0.md,2,Editor’s Verdict — 이 지역에 시간을 쓸 가치와 한계,city-guide,63,0,0,367876dd205c18e9
07_Aix_en_Provence_v2.0#003,source/CURRENT/20_Regional_Chapters/07_Aix_en_Provence_v2.0.md,3,이번 체류의 핵심,city-guide,51,0,0,655800f4819f0f4f
07_Aix_en_Provence_v2.0#004,source/CURRENT/20_Regional_Chapters/07_Aix_en_Provence_v2.0.md,2,한눈에 보기 — 일정,city-guide,62,0,0,f2ec32e441ffb6c8
07_Aix_en_Provence_v2.0#005,source/CURRENT/20_Regional_Chapters/07_Aix_en_Provence_v2.0.md,2,시장·분수·세잔의 도시와 Marseille의 항구문화를 4박에 연결한 Provence 입문,city-guide,52,0,0,67d5df8bfc446075
07_Aix_en_Provence_v2.0#006,source/CURRENT/20_Regional_Chapters/07_Aix_en_Provence_v2.0.md,1,Regional Context & Scheduled Place Dossiers,city-guide,0,0,0,
07_Aix_en_Provence_v2.0#007,source/CURRENT/20_Regional_Chapters/07_Aix_en_Provence_v2.0.md,2,구역별 이해와 숙소 생활권,city-guide,56,0,0,974a0f0f39b3e22a
07_Aix_en_Provence_v2.0#008,source/CURRENT/20_Regional_Chapters/07_Aix_en_Provence_v2.0.md,2,아침 운동,city-guide,22,0,0,e5c3943b2c3c38a3
07_Aix_en_Provence_v2.0#009,source/CURRENT/20_Regional_Chapters/07_Aix_en_Provence_v2.0.md,2,도착·출발·지역 내 교통,city-guide,0,0,0,
07_Aix_en_Provence_v2.0#010,source/CURRENT/20_Regional_Chapters/07_Aix_en_Provence_v2.0.md,2,시내에서는 걷기,city-guide,20,0,0,ab288fbe8da42a6e
07_Aix_en_Provence_v2.0#011,source/CURRENT/20_Regional_Chapters/07_Aix_en_Provence_v2.0.md,2,Cassis는 렌터카,city-guide,14,0,0,594b7b858117cc87
07_Aix_en_Provence_v2.0#012,source/CURRENT/20_Regional_Chapters/07_Aix_en_Provence_v2.0.md,2,Marseille는 TER,city-guide,18,0,0,c7bd29d6138794c2
07_Aix_en_Provence_v2.0#013,source/CURRENT/20_Regional_Chapters/07_Aix_en_Provence_v2.0.md,2,Luberon으로 출발하는 날,city-guide,16,0,0,66e7dd4869ff5e88
07_Aix_en_Provence_v2.0#014,source/CURRENT/20_Regional_Chapters/07_Aix_en_Provence_v2.0.md,2,핵심 셀프가이드,city-guide,0,0,0,da39a3ee5e6b4b0d
07_Aix_en_Provence_v2.0#015,source/CURRENT/20_Regional_Chapters/07_Aix_en_Provence_v2.0.md,4,Saint-Paul-de-Vence {{grade:priority|우선추천}},city-guide,43,1,0,816da62e225c1b59
07_Aix_en_Provence_v2.0#016,source/CURRENT/20_Regional_Chapters/07_Aix_en_Provence_v2.0.md,4,Grasse {{grade:optional|선택}},city-guide,33,1,0,431acbb3261bca7e
07_Aix_en_Provence_v2.0#017,source/CURRENT/20_Regional_Chapters/07_Aix_en_Provence_v2.0.md,4,Cours Mirabeau {{grade:essential|필수}},city-guide,47,2,0,6707ee32388ac0de
07_Aix_en_Provence_v2.0#018,source/CURRENT/20_Regional_Chapters/07_Aix_en_Provence_v2.0.md,4,Vieil Aix — 구시가지 {{grade:essential|필수}},city-guide,41,1,0,6960046919d5be90
07_Aix_en_Provence_v2.0#019,source/CURRENT/20_Regional_Chapters/07_Aix_en_Provence_v2.0.md,4,시장 — Place Richelme · Place des Prêcheurs {{grade:essential|필수}},city-guide,39,1,0,2677ef7fe8672b97
07_Aix_en_Provence_v2.0#020,source/CURRENT/20_Regional_Chapters/07_Aix_en_Provence_v2.0.md,4,Musée Granet {{grade:priority|우선추천}},city-guide,39,1,0,b03795da1774d967
07_Aix_en_Provence_v2.0#021,source/CURRENT/20_Regional_Chapters/07_Aix_en_Provence_v2.0.md,4,Atelier de Cézanne (Atelier des Lauves) {{grade:essential|필수}},city-guide,44,1,0,6830755f1b77f9ac
07_Aix_en_Provence_v2.0#022,source/CURRENT/20_Regional_Chapters/07_Aix_en_Provence_v2.0.md,4,Montagne Sainte-Victoire · Terrain des Peintres {{grade:priority|우선추천}},city-guide,49,1,0,0c710de29d180579
07_Aix_en_Provence_v2.0#023,source/CURRENT/20_Regional_Chapters/07_Aix_en_Provence_v2.0.md,4,Bastide du Jas de Bouffan {{grade:optional|선택}},city-guide,40,1,0,fe86f8155175ef05
07_Aix_en_Provence_v2.0#024,source/CURRENT/20_Regional_Chapters/07_Aix_en_Provence_v2.0.md,4,Carrières de Bibémus {{grade:optional|선택}},city-guide,42,1,0,7078b377b1181289
07_Aix_en_Provence_v2.0#025,source/CURRENT/20_Regional_Chapters/07_Aix_en_Provence_v2.0.md,4,Marseille (마르세유 구항구·르 파니에·Mucem) {{grade:essential|필수}},city-guide,45,6,0,d04d6e920a052100
07_Aix_en_Provence_v2.0#026,source/CURRENT/20_Regional_Chapters/07_Aix_en_Provence_v2.0.md,4,Cassis & Calanques {{grade:essential|필수}},city-guide,26,2,0,da1a9b97a1f76cb0
07_Aix_en_Provence_v2.0#027,source/CURRENT/20_Regional_Chapters/07_Aix_en_Provence_v2.0.md,4,Pâtisserie Weibel {{grade:essential|필수}},city-guide,19,1,0,e078d5d4189991ae
07_Aix_en_Provence_v2.0#028,source/CURRENT/20_Regional_Chapters/07_Aix_en_Provence_v2.0.md,4,Chez Gilbert {{grade:essential|필수}},city-guide,20,1,0,2f82c9accaaa5af5
07_Aix_en_Provence_v2.0#029,source/CURRENT/20_Regional_Chapters/07_Aix_en_Provence_v2.0.md,2,음식·시장·카페·생활체험,city-guide,0,0,0,
07_Aix_en_Provence_v2.0#030,source/CURRENT/20_Regional_Chapters/07_Aix_en_Provence_v2.0.md,2,프로방스에서 먹어볼 것,city-guide,98,0,0,34289ff16a6852b0
07_Aix_en_Provence_v2.0#031,source/CURRENT/20_Regional_Chapters/07_Aix_en_Provence_v2.0.md,2,시장과 장보기,city-guide,25,1,0,9ba7a5b3c8a549c1
07_Aix_en_Provence_v2.0#032,source/CURRENT/20_Regional_Chapters/07_Aix_en_Provence_v2.0.md,2,일정에서 이용하는 식당과 카페,city-guide,0,0,0,
07_Aix_en_Provence_v2.0#033,source/CURRENT/20_Regional_Chapters/07_Aix_en_Provence_v2.0.md,3,방문 업소,city-guide,30,2,0,36d65390ccc0b2c0
07_Aix_en_Provence_v2.0#034,source/CURRENT/20_Regional_Chapters/07_Aix_en_Provence_v2.0.md,3,식사 원칙,city-guide,20,0,0,c07ec823e6c0718a
07_Aix_en_Provence_v2.0#035,source/CURRENT/20_Regional_Chapters/07_Aix_en_Provence_v2.0.md,2,당일치기·우천·피로 대안,city-guide,0,0,0,
07_Aix_en_Provence_v2.0#036,source/CURRENT/20_Regional_Chapters/07_Aix_en_Provence_v2.0.md,2,Day 12 도착일 우천/지연,city-guide,30,0,0,44d27d0dcf1737d0
07_Aix_en_Provence_v2.0#037,source/CURRENT/20_Regional_Chapters/07_Aix_en_Provence_v2.0.md,2,Day 13 시내일 우천,city-guide,18,0,0,00efd7f5da88a700
07_Aix_en_Provence_v2.0#038,source/CURRENT/20_Regional_Chapters/07_Aix_en_Provence_v2.0.md,2,Day 14 Cassis 우천/기상악화,city-guide,23,0,0,6821d3ab2125a9d2
07_Aix_en_Provence_v2.0#039,source/CURRENT/20_Regional_Chapters/07_Aix_en_Provence_v2.0.md,2,Day 15 Marseille 우천,city-guide,18,0,0,a48b91e095973638
07_Aix_en_Provence_v2.0#040,source/CURRENT/20_Regional_Chapters/07_Aix_en_Provence_v2.0.md,2,일정 조정 기준,city-guide,15,0,0,07041d5aecf241bd
07_Aix_en_Provence_v2.0#041,source/CURRENT/20_Regional_Chapters/07_Aix_en_Provence_v2.0.md,2,예약·비용·안전·주차·귀가,city-guide,0,0,0,
07_Aix_en_Provence_v2.0#042,source/CURRENT/20_Regional_Chapters/07_Aix_en_Provence_v2.0.md,3,확정 숙소와 생활권,city-guide,54,0,0,e00b39e5fa6a1932
07_Aix_en_Provence_v2.0#043,source/CURRENT/20_Regional_Chapters/07_Aix_en_Provence_v2.0.md,3,핵심 예약 및 운영 확인,city-guide,55,0,0,ecde3b116c9be89d
07_Aix_en_Provence_v2.0#044,source/CURRENT/20_Regional_Chapters/07_Aix_en_Provence_v2.0.md,2,공식 확인 정보와 재확인 대상,city-guide,0,0,0,
07_Aix_en_Provence_v2.0#045,source/CURRENT/20_Regional_Chapters/07_Aix_en_Provence_v2.0.md,3,2026년 체류기간 주요 전시와 행사,city-guide,34,0,0,399b0ec1b6610f4b
07_Aix_en_Provence_v2.0#046,source/CURRENT/20_Regional_Chapters/07_Aix_en_Provence_v2.0.md,3,출발 전 최종 확인,city-guide,69,0,0,77bd47bac8828937
07_Aix_en_Provence_v2.0#047,source/CURRENT/20_Regional_Chapters/07_Aix_en_Provence_v2.0.md,3,공식 정보원,city-guide,39,0,0,f3e0442f51582b2b
07_Aix_en_Provence_v2.0#048,source/CURRENT/20_Regional_Chapters/07_Aix_en_Provence_v2.0.md,2,검증 상태 — 보강본 근거,city-guide,142,0,0,61accc703e5870ae
07_Aix_en_Provence_v2.0#049,source/CURRENT/20_Regional_Chapters/07_Aix_en_Provence_v2.0.md,2,실행지도 · 현장 사용,city-guide,47,3,0,bc6b9b2fab0f653e
07_Aix_en_Provence_v2.0#050,source/CURRENT/20_Regional_Chapters/07_Aix_en_Provence_v2.0.md,2,Day 12 — 9월 9일 수요일,city-guide,0,0,0,
07_Aix_en_Provence_v2.0#051,source/CURRENT/20_Regional_Chapters/07_Aix_en_Provence_v2.0.md,3,Nice-Ville 렌터카 인수 → Saint-Paul-de-Vence → Grasse → Aix 체크인,city-guide,18,0,0,d5dc97088a5cc13a
07_Aix_en_Provence_v2.0#052,source/CURRENT/20_Regional_Chapters/07_Aix_en_Provence_v2.0.md,4,실행 시간표,city-guide,127,0,0,9f18d6e78dfd8e6d
07_Aix_en_Provence_v2.0#053,source/CURRENT/20_Regional_Chapters/07_Aix_en_Provence_v2.0.md,2,Day 13 — 9월 10일 목요일,city-guide,0,0,0,
07_Aix_en_Provence_v2.0#054,source/CURRENT/20_Regional_Chapters/07_Aix_en_Provence_v2.0.md,3,"Aix 목요 시장, Vieil Aix, 세잔 아틀리에와 Musée Granet",city-guide,18,0,0,94b90d07b71eef4a
07_Aix_en_Provence_v2.0#055,source/CURRENT/20_Regional_Chapters/07_Aix_en_Provence_v2.0.md,4,실행 시간표,city-guide,111,0,0,bb0ec3c8ad40ba0e
07_Aix_en_Provence_v2.0#056,source/CURRENT/20_Regional_Chapters/07_Aix_en_Provence_v2.0.md,2,Day 14 — 9월 11일 금요일,city-guide,0,0,0,
07_Aix_en_Provence_v2.0#057,source/CURRENT/20_Regional_Chapters/07_Aix_en_Provence_v2.0.md,3,Cassis & Calanques — 석회암 절벽과 지중해,city-guide,18,0,0,9a8ad08dbf8e2b69
07_Aix_en_Provence_v2.0#058,source/CURRENT/20_Regional_Chapters/07_Aix_en_Provence_v2.0.md,4,실행 시간표,city-guide,110,0,0,f4d94407354b8783
07_Aix_en_Provence_v2.0#059,source/CURRENT/20_Regional_Chapters/07_Aix_en_Provence_v2.0.md,2,Day 15 — 9월 12일 토요일,city-guide,0,0,0,
07_Aix_en_Provence_v2.0#060,source/CURRENT/20_Regional_Chapters/07_Aix_en_Provence_v2.0.md,3,마르세유 전일 당일치기 — 구항구·르 파니에·Mucem·노트르담 대성당,city-guide,17,0,0,6e1dda6a4015c573
07_Aix_en_Provence_v2.0#061,source/CURRENT/20_Regional_Chapters/07_Aix_en_Provence_v2.0.md,4,실행 시간표,city-guide,152,0,0,32c2d134bd9fc30a
07_Aix_en_Provence_v2.0#062,source/CURRENT/20_Regional_Chapters/07_Aix_en_Provence_v2.0.md,2,Day 16 — 9월 13일 일요일,city-guide,0,0,0,
07_Aix_en_Provence_v2.0#063,source/CURRENT/20_Regional_Chapters/07_Aix_en_Provence_v2.0.md,3,"Aix 체크아웃, Lourmarin을 거쳐 Gordes로",city-guide,26,0,0,57d99d23ce5b3f59
07_Aix_en_Provence_v2.0#064,source/CURRENT/20_Regional_Chapters/07_Aix_en_Provence_v2.0.md,4,실행 시간표,city-guide,112,0,0,c3eee902878aa6e1
08_Luberon_Farmhouse_v2.0#000,source/CURRENT/20_Regional_Chapters/08_Luberon_Farmhouse_v2.0.md,0,(preamble),city-guide,76,2,1,1e333ecdf7d8ba93
08_Luberon_Farmhouse_v2.0#001,source/CURRENT/20_Regional_Chapters/08_Luberon_Farmhouse_v2.0.md,1,Commercial Guide Module,city-guide,19,0,0,ab126407e8f33f61
08_Luberon_Farmhouse_v2.0#002,source/CURRENT/20_Regional_Chapters/08_Luberon_Farmhouse_v2.0.md,2,Editor’s Verdict — 이 지역에 시간을 쓸 가치와 한계,city-guide,43,0,0,24c29284b336db33
08_Luberon_Farmhouse_v2.0#003,source/CURRENT/20_Regional_Chapters/08_Luberon_Farmhouse_v2.0.md,3,이번 2박의 핵심,city-guide,50,0,0,735281c71f70dbae
08_Luberon_Farmhouse_v2.0#004,source/CURRENT/20_Regional_Chapters/08_Luberon_Farmhouse_v2.0.md,2,한눈에 보기 — 일정,city-guide,48,0,0,5168f926a2bf64dd
08_Luberon_Farmhouse_v2.0#005,source/CURRENT/20_Regional_Chapters/08_Luberon_Farmhouse_v2.0.md,2,"석조마을, 오커 지형, 수도원과 물의 Provence",city-guide,49,0,0,6197813a1a38ec85
08_Luberon_Farmhouse_v2.0#006,source/CURRENT/20_Regional_Chapters/08_Luberon_Farmhouse_v2.0.md,1,Regional Context & Scheduled Place Dossiers,city-guide,0,0,0,
08_Luberon_Farmhouse_v2.0#007,source/CURRENT/20_Regional_Chapters/08_Luberon_Farmhouse_v2.0.md,2,구역별 이해와 숙소 생활권,city-guide,50,0,0,0c5b97f7307726df
08_Luberon_Farmhouse_v2.0#008,source/CURRENT/20_Regional_Chapters/08_Luberon_Farmhouse_v2.0.md,2,도착·출발·지역 내 교통,city-guide,0,0,0,
08_Luberon_Farmhouse_v2.0#009,source/CURRENT/20_Regional_Chapters/08_Luberon_Farmhouse_v2.0.md,2,이동은 렌터카,city-guide,14,0,0,859c1d9c93709d97
08_Luberon_Farmhouse_v2.0#010,source/CURRENT/20_Regional_Chapters/08_Luberon_Farmhouse_v2.0.md,2,마을에서는 외곽에 주차하고 걷기,city-guide,20,0,0,5b201b6835a10d27
08_Luberon_Farmhouse_v2.0#011,source/CURRENT/20_Regional_Chapters/08_Luberon_Farmhouse_v2.0.md,2,Gordes로 돌아오는 시간,city-guide,19,0,0,9aa64b2a155b0821
08_Luberon_Farmhouse_v2.0#012,source/CURRENT/20_Regional_Chapters/08_Luberon_Farmhouse_v2.0.md,2,Avignon으로 출발하는 날,city-guide,23,0,0,b886d55c668779ba
08_Luberon_Farmhouse_v2.0#013,source/CURRENT/20_Regional_Chapters/08_Luberon_Farmhouse_v2.0.md,2,핵심 셀프가이드,city-guide,0,0,0,da39a3ee5e6b4b0d
08_Luberon_Farmhouse_v2.0#014,source/CURRENT/20_Regional_Chapters/08_Luberon_Farmhouse_v2.0.md,4,Lourmarin {{grade:essential|필수}},city-guide,39,1,0,0e00c48bff0f5aea
08_Luberon_Farmhouse_v2.0#015,source/CURRENT/20_Regional_Chapters/08_Luberon_Farmhouse_v2.0.md,4,Roussillon · Sentier des Ocres {{grade:essential|필수}},city-guide,40,1,0,72ea555f4be7fe4e
08_Luberon_Farmhouse_v2.0#016,source/CURRENT/20_Regional_Chapters/08_Luberon_Farmhouse_v2.0.md,4,Goult {{grade:optional|선택}},city-guide,33,1,0,2f574656ec5d3ee5
08_Luberon_Farmhouse_v2.0#017,source/CURRENT/20_Regional_Chapters/08_Luberon_Farmhouse_v2.0.md,4,Gordes {{grade:essential|필수}},city-guide,44,1,0,551033b06aa02cc1
08_Luberon_Farmhouse_v2.0#018,source/CURRENT/20_Regional_Chapters/08_Luberon_Farmhouse_v2.0.md,4,Abbaye Notre-Dame de Sénanque {{grade:essential|필수}},city-guide,40,1,0,4e926e4871edd94e
08_Luberon_Farmhouse_v2.0#019,source/CURRENT/20_Regional_Chapters/08_Luberon_Farmhouse_v2.0.md,4,Ménerbes {{grade:optional|선택}},city-guide,30,1,0,15453f5ca83d401c
08_Luberon_Farmhouse_v2.0#020,source/CURRENT/20_Regional_Chapters/08_Luberon_Farmhouse_v2.0.md,4,Bonnieux {{grade:optional|선택}},city-guide,28,1,0,b66f49082f4442d1
08_Luberon_Farmhouse_v2.0#021,source/CURRENT/20_Regional_Chapters/08_Luberon_Farmhouse_v2.0.md,4,Lacoste {{grade:optional|선택}},city-guide,25,1,0,03c92f13aa87d512
08_Luberon_Farmhouse_v2.0#022,source/CURRENT/20_Regional_Chapters/08_Luberon_Farmhouse_v2.0.md,4,L'Isle-sur-la-Sorgue {{grade:essential|필수}},city-guide,28,1,0,461ab8eeb239845f
08_Luberon_Farmhouse_v2.0#023,source/CURRENT/20_Regional_Chapters/08_Luberon_Farmhouse_v2.0.md,4,Fontaine-de-Vaucluse {{grade:optional|선택}},city-guide,32,1,0,c0a7737c338f5299
08_Luberon_Farmhouse_v2.0#024,source/CURRENT/20_Regional_Chapters/08_Luberon_Farmhouse_v2.0.md,2,음식·시장·카페·생활체험,city-guide,0,0,0,
08_Luberon_Farmhouse_v2.0#025,source/CURRENT/20_Regional_Chapters/08_Luberon_Farmhouse_v2.0.md,2,Luberon에서 맛볼 프로방스 식재료,city-guide,85,0,0,82654ce5ab1a07e3
08_Luberon_Farmhouse_v2.0#026,source/CURRENT/20_Regional_Chapters/08_Luberon_Farmhouse_v2.0.md,2,이번 일정의 식사 배치,city-guide,56,0,0,6e25d0f2316f61a0
08_Luberon_Farmhouse_v2.0#027,source/CURRENT/20_Regional_Chapters/08_Luberon_Farmhouse_v2.0.md,2,당일치기·우천·피로 대안,city-guide,0,0,0,
08_Luberon_Farmhouse_v2.0#028,source/CURRENT/20_Regional_Chapters/08_Luberon_Farmhouse_v2.0.md,2,Day 16 Gordes 이동일 우천/지연,city-guide,15,0,0,d64a03e7e11e13ad
08_Luberon_Farmhouse_v2.0#029,source/CURRENT/20_Regional_Chapters/08_Luberon_Farmhouse_v2.0.md,2,Day 17 Roussillon 우천/기상악화,city-guide,27,0,0,c3a0a10daffcbd3b
08_Luberon_Farmhouse_v2.0#030,source/CURRENT/20_Regional_Chapters/08_Luberon_Farmhouse_v2.0.md,2,Day 18 이동일 우천/피로,city-guide,22,0,0,b21206f65be77a90
08_Luberon_Farmhouse_v2.0#031,source/CURRENT/20_Regional_Chapters/08_Luberon_Farmhouse_v2.0.md,2,일정 조정 기준,city-guide,14,0,0,9f55e6b715c5caba
08_Luberon_Farmhouse_v2.0#032,source/CURRENT/20_Regional_Chapters/08_Luberon_Farmhouse_v2.0.md,2,예약·비용·안전·주차·귀가,city-guide,0,0,0,
08_Luberon_Farmhouse_v2.0#033,source/CURRENT/20_Regional_Chapters/08_Luberon_Farmhouse_v2.0.md,3,Gordes 숙소와 생활권,city-guide,37,0,0,288b8f4450e22ca2
08_Luberon_Farmhouse_v2.0#034,source/CURRENT/20_Regional_Chapters/08_Luberon_Farmhouse_v2.0.md,3,핵심 안전 및 이동 확인,city-guide,40,0,0,fa8bc786a9443147
08_Luberon_Farmhouse_v2.0#035,source/CURRENT/20_Regional_Chapters/08_Luberon_Farmhouse_v2.0.md,2,공식 확인 정보와 재확인 대상,city-guide,0,0,0,
08_Luberon_Farmhouse_v2.0#036,source/CURRENT/20_Regional_Chapters/08_Luberon_Farmhouse_v2.0.md,3,2026년 체류기간 주요 행사,city-guide,22,0,0,588e72e07d311e54
08_Luberon_Farmhouse_v2.0#037,source/CURRENT/20_Regional_Chapters/08_Luberon_Farmhouse_v2.0.md,3,출발 전 최종 확인,city-guide,49,0,0,e8b9d3a8749b1645
08_Luberon_Farmhouse_v2.0#038,source/CURRENT/20_Regional_Chapters/08_Luberon_Farmhouse_v2.0.md,3,공식 정보원,city-guide,34,0,0,a11f0f154bea3b6e
08_Luberon_Farmhouse_v2.0#039,source/CURRENT/20_Regional_Chapters/08_Luberon_Farmhouse_v2.0.md,2,검증 상태 — 보강본 근거,city-guide,90,0,0,b0cd7b7ce6f12379
08_Luberon_Farmhouse_v2.0#040,source/CURRENT/20_Regional_Chapters/08_Luberon_Farmhouse_v2.0.md,2,실행지도 · 현장 사용,city-guide,37,3,0,daf31689595b113b
08_Luberon_Farmhouse_v2.0#041,source/CURRENT/20_Regional_Chapters/08_Luberon_Farmhouse_v2.0.md,2,Day 16 — 9월 13일 일요일,city-guide,0,0,0,
08_Luberon_Farmhouse_v2.0#042,source/CURRENT/20_Regional_Chapters/08_Luberon_Farmhouse_v2.0.md,3,Aix 체크아웃 → Lourmarin → Gordes,city-guide,34,0,0,3ef21f83dc9a3c16
08_Luberon_Farmhouse_v2.0#043,source/CURRENT/20_Regional_Chapters/08_Luberon_Farmhouse_v2.0.md,2,Day 17 — 9월 14일 월요일,city-guide,0,0,0,
08_Luberon_Farmhouse_v2.0#044,source/CURRENT/20_Regional_Chapters/08_Luberon_Farmhouse_v2.0.md,3,Roussillon → 선택마을 → Sénanque → Gordes,city-guide,35,0,0,b9334996b1e4e894
08_Luberon_Farmhouse_v2.0#045,source/CURRENT/20_Regional_Chapters/08_Luberon_Farmhouse_v2.0.md,2,Day 18 — 9월 15일 화요일,city-guide,0,0,0,
08_Luberon_Farmhouse_v2.0#046,source/CURRENT/20_Regional_Chapters/08_Luberon_Farmhouse_v2.0.md,3,Gordes 체크아웃 → L'Isle-sur-la-Sorgue → Avignon,city-guide,33,0,0,54b839881cf87be6
09_Avignon_Alpilles_Pont_du_Gard_v2.0#000,source/CURRENT/20_Regional_Chapters/09_Avignon_Alpilles_Pont_du_Gard_v2.0.md,0,(preamble),city-guide,73,2,1,9506821167135f33
09_Avignon_Alpilles_Pont_du_Gard_v2.0#001,source/CURRENT/20_Regional_Chapters/09_Avignon_Alpilles_Pont_du_Gard_v2.0.md,1,Commercial Guide Module,city-guide,19,0,0,b8b1fa4eebe32d3b
09_Avignon_Alpilles_Pont_du_Gard_v2.0#002,source/CURRENT/20_Regional_Chapters/09_Avignon_Alpilles_Pont_du_Gard_v2.0.md,2,Editor’s Verdict — 이 지역에 시간을 쓸 가치와 한계,city-guide,60,0,0,c04784d93c0e0734
09_Avignon_Alpilles_Pont_du_Gard_v2.0#003,source/CURRENT/20_Regional_Chapters/09_Avignon_Alpilles_Pont_du_Gard_v2.0.md,3,이번 체류의 핵심,city-guide,60,0,0,8d2eee16195f7112
09_Avignon_Alpilles_Pont_du_Gard_v2.0#004,source/CURRENT/20_Regional_Chapters/09_Avignon_Alpilles_Pont_du_Gard_v2.0.md,2,한눈에 보기 — 일정,city-guide,69,0,0,38ddf78047d9c7c1
09_Avignon_Alpilles_Pont_du_Gard_v2.0#005,source/CURRENT/20_Regional_Chapters/09_Avignon_Alpilles_Pont_du_Gard_v2.0.md,2,"교황도시, 로마 수도교와 아를의 실제 도시생활",city-guide,57,0,0,b7e2280e0c1145a3
09_Avignon_Alpilles_Pont_du_Gard_v2.0#006,source/CURRENT/20_Regional_Chapters/09_Avignon_Alpilles_Pont_du_Gard_v2.0.md,1,Regional Context & Scheduled Place Dossiers,city-guide,0,0,0,
09_Avignon_Alpilles_Pont_du_Gard_v2.0#007,source/CURRENT/20_Regional_Chapters/09_Avignon_Alpilles_Pont_du_Gard_v2.0.md,2,구역별 이해와 숙소 생활권,city-guide,48,0,0,944b044c96e3f525
09_Avignon_Alpilles_Pont_du_Gard_v2.0#008,source/CURRENT/20_Regional_Chapters/09_Avignon_Alpilles_Pont_du_Gard_v2.0.md,3,아침 운동,city-guide,27,0,0,cc7ad72de98128a4
09_Avignon_Alpilles_Pont_du_Gard_v2.0#009,source/CURRENT/20_Regional_Chapters/09_Avignon_Alpilles_Pont_du_Gard_v2.0.md,2,도착·출발·지역 내 교통,city-guide,0,0,0,
09_Avignon_Alpilles_Pont_du_Gard_v2.0#010,source/CURRENT/20_Regional_Chapters/09_Avignon_Alpilles_Pont_du_Gard_v2.0.md,2,시내에서는 걷기,city-guide,23,0,0,82ee4848322cbe2e
09_Avignon_Alpilles_Pont_du_Gard_v2.0#011,source/CURRENT/20_Regional_Chapters/09_Avignon_Alpilles_Pont_du_Gard_v2.0.md,2,Uzès와 Pont du Gard는 렌터카,city-guide,20,0,0,e48b11f6d991b14e
09_Avignon_Alpilles_Pont_du_Gard_v2.0#012,source/CURRENT/20_Regional_Chapters/09_Avignon_Alpilles_Pont_du_Gard_v2.0.md,2,Arles는 TER,city-guide,11,0,0,61dc0c799bd68b3f
09_Avignon_Alpilles_Pont_du_Gard_v2.0#013,source/CURRENT/20_Regional_Chapters/09_Avignon_Alpilles_Pont_du_Gard_v2.0.md,2,Lyon으로 출발하는 날,city-guide,18,0,0,044a617efe4fc5e9
09_Avignon_Alpilles_Pont_du_Gard_v2.0#014,source/CURRENT/20_Regional_Chapters/09_Avignon_Alpilles_Pont_du_Gard_v2.0.md,2,핵심 셀프가이드,city-guide,0,0,0,da39a3ee5e6b4b0d
09_Avignon_Alpilles_Pont_du_Gard_v2.0#015,source/CURRENT/20_Regional_Chapters/09_Avignon_Alpilles_Pont_du_Gard_v2.0.md,4,Saint-Rémy-de-Provence {{grade:essential|필수}},city-guide,36,1,0,32f8373081363a24
09_Avignon_Alpilles_Pont_du_Gard_v2.0#016,source/CURRENT/20_Regional_Chapters/09_Avignon_Alpilles_Pont_du_Gard_v2.0.md,4,Les Baux-de-Provence {{grade:essential|필수}},city-guide,29,1,0,2ad5bfa6675512d6
09_Avignon_Alpilles_Pont_du_Gard_v2.0#017,source/CURRENT/20_Regional_Chapters/09_Avignon_Alpilles_Pont_du_Gard_v2.0.md,4,Orange {{grade:optional|선택}},city-guide,29,1,0,62b447c26f1db794
09_Avignon_Alpilles_Pont_du_Gard_v2.0#018,source/CURRENT/20_Regional_Chapters/09_Avignon_Alpilles_Pont_du_Gard_v2.0.md,4,Les Halles d'Avignon {{grade:essential|필수}},city-guide,40,1,0,5f976cdf61bf96a5
09_Avignon_Alpilles_Pont_du_Gard_v2.0#019,source/CURRENT/20_Regional_Chapters/09_Avignon_Alpilles_Pont_du_Gard_v2.0.md,4,Palais des Papes {{grade:essential|필수}},city-guide,43,1,0,6426127834b792dd
09_Avignon_Alpilles_Pont_du_Gard_v2.0#020,source/CURRENT/20_Regional_Chapters/09_Avignon_Alpilles_Pont_du_Gard_v2.0.md,4,Pont Saint-Bénézet {{grade:essential|필수}},city-guide,42,1,0,24ad7970824767bd
09_Avignon_Alpilles_Pont_du_Gard_v2.0#021,source/CURRENT/20_Regional_Chapters/09_Avignon_Alpilles_Pont_du_Gard_v2.0.md,4,Rocher des Doms {{grade:essential|필수}},city-guide,37,1,0,7d30382bfea035be
09_Avignon_Alpilles_Pont_du_Gard_v2.0#022,source/CURRENT/20_Regional_Chapters/09_Avignon_Alpilles_Pont_du_Gard_v2.0.md,4,Uzès Place aux Herbes · 구시가지 {{grade:essential|필수}},city-guide,34,1,0,7c0452e866827c93
09_Avignon_Alpilles_Pont_du_Gard_v2.0#023,source/CURRENT/20_Regional_Chapters/09_Avignon_Alpilles_Pont_du_Gard_v2.0.md,4,Pont du Gard {{grade:essential|필수}},city-guide,52,1,0,0d68c22db6fda1bc
09_Avignon_Alpilles_Pont_du_Gard_v2.0#024,source/CURRENT/20_Regional_Chapters/09_Avignon_Alpilles_Pont_du_Gard_v2.0.md,4,Arènes de Nîmes {{grade:essential|필수}},city-guide,29,1,0,8ddc98a8311f8eb1
09_Avignon_Alpilles_Pont_du_Gard_v2.0#025,source/CURRENT/20_Regional_Chapters/09_Avignon_Alpilles_Pont_du_Gard_v2.0.md,4,Maison Carrée {{grade:essential|필수}},city-guide,29,1,0,7bbb0cec728757d5
09_Avignon_Alpilles_Pont_du_Gard_v2.0#026,source/CURRENT/20_Regional_Chapters/09_Avignon_Alpilles_Pont_du_Gard_v2.0.md,4,Arles {{grade:essential|필수}},city-guide,39,1,0,5116b1dcb92e3f5f
09_Avignon_Alpilles_Pont_du_Gard_v2.0#027,source/CURRENT/20_Regional_Chapters/09_Avignon_Alpilles_Pont_du_Gard_v2.0.md,4,Arènes d’Arles {{grade:essential|필수}},city-guide,37,1,0,7e4b1abebfcc3960
09_Avignon_Alpilles_Pont_du_Gard_v2.0#028,source/CURRENT/20_Regional_Chapters/09_Avignon_Alpilles_Pont_du_Gard_v2.0.md,4,Théâtre Antique d'Arles {{grade:essential|필수}},city-guide,33,1,0,cf526e23404c0224
09_Avignon_Alpilles_Pont_du_Gard_v2.0#029,source/CURRENT/20_Regional_Chapters/09_Avignon_Alpilles_Pont_du_Gard_v2.0.md,4,Place du Forum {{grade:priority|우선추천}},city-guide,34,1,0,7ca398f01f13793f
09_Avignon_Alpilles_Pont_du_Gard_v2.0#030,source/CURRENT/20_Regional_Chapters/09_Avignon_Alpilles_Pont_du_Gard_v2.0.md,4,Cloître Saint-Trophime {{grade:priority|우선추천}},city-guide,33,1,0,5082ee55e3d7cde2
09_Avignon_Alpilles_Pont_du_Gard_v2.0#031,source/CURRENT/20_Regional_Chapters/09_Avignon_Alpilles_Pont_du_Gard_v2.0.md,4,Fondation Vincent van Gogh Arles {{grade:optional|선택}},city-guide,34,1,0,e8eeeb861956c254
09_Avignon_Alpilles_Pont_du_Gard_v2.0#032,source/CURRENT/20_Regional_Chapters/09_Avignon_Alpilles_Pont_du_Gard_v2.0.md,4,La Roquette {{grade:priority|우선추천}},city-guide,26,1,0,66a3c3aa50d81a62
09_Avignon_Alpilles_Pont_du_Gard_v2.0#033,source/CURRENT/20_Regional_Chapters/09_Avignon_Alpilles_Pont_du_Gard_v2.0.md,4,Fou de Fafa {{grade:essential|필수}},city-guide,19,1,0,4d8a545277613098
09_Avignon_Alpilles_Pont_du_Gard_v2.0#034,source/CURRENT/20_Regional_Chapters/09_Avignon_Alpilles_Pont_du_Gard_v2.0.md,4,Les Cocottes Saint-Louis {{grade:essential|필수}},city-guide,24,1,0,707af1b048daeeec
09_Avignon_Alpilles_Pont_du_Gard_v2.0#035,source/CURRENT/20_Regional_Chapters/09_Avignon_Alpilles_Pont_du_Gard_v2.0.md,4,Le Gibolin {{grade:essential|필수}},city-guide,22,1,0,08c309fe5c583617
09_Avignon_Alpilles_Pont_du_Gard_v2.0#036,source/CURRENT/20_Regional_Chapters/09_Avignon_Alpilles_Pont_du_Gard_v2.0.md,2,음식·시장·카페·생활체험,city-guide,0,0,0,
09_Avignon_Alpilles_Pont_du_Gard_v2.0#037,source/CURRENT/20_Regional_Chapters/09_Avignon_Alpilles_Pont_du_Gard_v2.0.md,2,아비뇽과 서부 프로방스에서 맛볼 식재료,city-guide,108,0,0,bfc33591c4ea0feb
09_Avignon_Alpilles_Pont_du_Gard_v2.0#038,source/CURRENT/20_Regional_Chapters/09_Avignon_Alpilles_Pont_du_Gard_v2.0.md,2,시장과 장보기,city-guide,54,3,0,37062d297328bc32
09_Avignon_Alpilles_Pont_du_Gard_v2.0#039,source/CURRENT/20_Regional_Chapters/09_Avignon_Alpilles_Pont_du_Gard_v2.0.md,2,일정에서 이용하는 식당과 카페,city-guide,0,0,0,
09_Avignon_Alpilles_Pont_du_Gard_v2.0#040,source/CURRENT/20_Regional_Chapters/09_Avignon_Alpilles_Pont_du_Gard_v2.0.md,3,방문 업소,city-guide,50,3,0,2d20bcca373f920d
09_Avignon_Alpilles_Pont_du_Gard_v2.0#041,source/CURRENT/20_Regional_Chapters/09_Avignon_Alpilles_Pont_du_Gard_v2.0.md,3,식사 원칙,city-guide,28,0,0,0a1acea397cfa2c0
09_Avignon_Alpilles_Pont_du_Gard_v2.0#042,source/CURRENT/20_Regional_Chapters/09_Avignon_Alpilles_Pont_du_Gard_v2.0.md,2,당일치기·우천·피로 대안,city-guide,0,0,0,
09_Avignon_Alpilles_Pont_du_Gard_v2.0#043,source/CURRENT/20_Regional_Chapters/09_Avignon_Alpilles_Pont_du_Gard_v2.0.md,2,Day 20 Uzès / Pont du Gard 우천/지연,city-guide,25,0,0,4f5026868450de27
09_Avignon_Alpilles_Pont_du_Gard_v2.0#044,source/CURRENT/20_Regional_Chapters/09_Avignon_Alpilles_Pont_du_Gard_v2.0.md,2,Day 21 Arles 비/폭염,city-guide,17,0,0,68631a0b9b55f2a0
09_Avignon_Alpilles_Pont_du_Gard_v2.0#045,source/CURRENT/20_Regional_Chapters/09_Avignon_Alpilles_Pont_du_Gard_v2.0.md,2,Day 22 Avignon 시내 피로 대안,city-guide,18,0,0,404521852f45cae6
09_Avignon_Alpilles_Pont_du_Gard_v2.0#046,source/CURRENT/20_Regional_Chapters/09_Avignon_Alpilles_Pont_du_Gard_v2.0.md,2,예약·비용·안전·주차·귀가,city-guide,0,0,0,
09_Avignon_Alpilles_Pont_du_Gard_v2.0#047,source/CURRENT/20_Regional_Chapters/09_Avignon_Alpilles_Pont_du_Gard_v2.0.md,3,숙소와 생활권,city-guide,45,0,0,fb35e14afa818b44
09_Avignon_Alpilles_Pont_du_Gard_v2.0#048,source/CURRENT/20_Regional_Chapters/09_Avignon_Alpilles_Pont_du_Gard_v2.0.md,3,핵심 안전 및 이동 확인,city-guide,44,0,0,5d09a417fd406c3f
09_Avignon_Alpilles_Pont_du_Gard_v2.0#049,source/CURRENT/20_Regional_Chapters/09_Avignon_Alpilles_Pont_du_Gard_v2.0.md,2,공식 확인 정보와 재확인 대상,city-guide,0,0,0,
09_Avignon_Alpilles_Pont_du_Gard_v2.0#050,source/CURRENT/20_Regional_Chapters/09_Avignon_Alpilles_Pont_du_Gard_v2.0.md,3,2026년 체류기간 주요 행사,city-guide,20,0,0,cf5a1d1de2a1d7ef
09_Avignon_Alpilles_Pont_du_Gard_v2.0#051,source/CURRENT/20_Regional_Chapters/09_Avignon_Alpilles_Pont_du_Gard_v2.0.md,3,출발 전 최종 확인,city-guide,64,0,0,4ff4a7a66d77b5b6
09_Avignon_Alpilles_Pont_du_Gard_v2.0#052,source/CURRENT/20_Regional_Chapters/09_Avignon_Alpilles_Pont_du_Gard_v2.0.md,3,공식 정보원,city-guide,36,0,0,66107b6be4160d2a
09_Avignon_Alpilles_Pont_du_Gard_v2.0#053,source/CURRENT/20_Regional_Chapters/09_Avignon_Alpilles_Pont_du_Gard_v2.0.md,2,검증 상태 — 보강본 근거,city-guide,109,0,0,422ac09b07b10e8d
09_Avignon_Alpilles_Pont_du_Gard_v2.0#054,source/CURRENT/20_Regional_Chapters/09_Avignon_Alpilles_Pont_du_Gard_v2.0.md,2,실행지도 · 현장 사용,city-guide,38,3,0,49068d7e7eb84e0b
09_Avignon_Alpilles_Pont_du_Gard_v2.0#055,source/CURRENT/20_Regional_Chapters/09_Avignon_Alpilles_Pont_du_Gard_v2.0.md,2,Day 18 — 9월 15일 화요일,city-guide,0,0,0,
09_Avignon_Alpilles_Pont_du_Gard_v2.0#056,source/CURRENT/20_Regional_Chapters/09_Avignon_Alpilles_Pont_du_Gard_v2.0.md,3,L'Isle의 물길을 지나 Avignon 5박 시작,city-guide,37,0,0,451060658173c566
09_Avignon_Alpilles_Pont_du_Gard_v2.0#057,source/CURRENT/20_Regional_Chapters/09_Avignon_Alpilles_Pont_du_Gard_v2.0.md,2,Day 19 — 9월 16일 수요일,city-guide,0,0,0,
09_Avignon_Alpilles_Pont_du_Gard_v2.0#058,source/CURRENT/20_Regional_Chapters/09_Avignon_Alpilles_Pont_du_Gard_v2.0.md,3,Saint-Rémy 시장과 Les Baux의 Alpilles 풍경,city-guide,50,0,0,0156f10ae98bbf0a
09_Avignon_Alpilles_Pont_du_Gard_v2.0#059,source/CURRENT/20_Regional_Chapters/09_Avignon_Alpilles_Pont_du_Gard_v2.0.md,2,Day 20 — 9월 17일 목요일,city-guide,0,0,0,
09_Avignon_Alpilles_Pont_du_Gard_v2.0#060,source/CURRENT/20_Regional_Chapters/09_Avignon_Alpilles_Pont_du_Gard_v2.0.md,3,가르 지방·님 로마유적과 렌터카 최종 반납,city-guide,19,0,0,57c0c2fc58be89ee
09_Avignon_Alpilles_Pont_du_Gard_v2.0#061,source/CURRENT/20_Regional_Chapters/09_Avignon_Alpilles_Pont_du_Gard_v2.0.md,4,실행 시간표,city-guide,129,0,0,ec1981a5652f6371
09_Avignon_Alpilles_Pont_du_Gard_v2.0#062,source/CURRENT/20_Regional_Chapters/09_Avignon_Alpilles_Pont_du_Gard_v2.0.md,2,Day 21 — 9월 18일 금요일,city-guide,0,0,0,
09_Avignon_Alpilles_Pont_du_Gard_v2.0#063,source/CURRENT/20_Regional_Chapters/09_Avignon_Alpilles_Pont_du_Gard_v2.0.md,3,Arles 철도 당일치기,city-guide,21,0,0,b1ce04670d870875
09_Avignon_Alpilles_Pont_du_Gard_v2.0#064,source/CURRENT/20_Regional_Chapters/09_Avignon_Alpilles_Pont_du_Gard_v2.0.md,4,실행 시간표,city-guide,137,0,0,845d20bdf423f748
09_Avignon_Alpilles_Pont_du_Gard_v2.0#065,source/CURRENT/20_Regional_Chapters/09_Avignon_Alpilles_Pont_du_Gard_v2.0.md,2,Day 22 — 9월 19일 토요일,city-guide,0,0,0,
09_Avignon_Alpilles_Pont_du_Gard_v2.0#066,source/CURRENT/20_Regional_Chapters/09_Avignon_Alpilles_Pont_du_Gard_v2.0.md,3,아비뇽 핵심 도시일 (도보),city-guide,20,0,0,aa0f2d5b84cd39cc
09_Avignon_Alpilles_Pont_du_Gard_v2.0#067,source/CURRENT/20_Regional_Chapters/09_Avignon_Alpilles_Pont_du_Gard_v2.0.md,4,실행 시간표,city-guide,110,0,0,241dac78fd031e69
09_Avignon_Alpilles_Pont_du_Gard_v2.0#068,source/CURRENT/20_Regional_Chapters/09_Avignon_Alpilles_Pont_du_Gard_v2.0.md,2,Day 23 — 9월 20일 일요일,city-guide,0,0,0,
09_Avignon_Alpilles_Pont_du_Gard_v2.0#069,source/CURRENT/20_Regional_Chapters/09_Avignon_Alpilles_Pont_du_Gard_v2.0.md,3,TGV 이동 & Lyon 적응,city-guide,17,0,0,a370d5708e92cba8
09_Avignon_Alpilles_Pont_du_Gard_v2.0#070,source/CURRENT/20_Regional_Chapters/09_Avignon_Alpilles_Pont_du_Gard_v2.0.md,4,실행 시간표,city-guide,70,0,0,d767ba6e6c21a7dd
10_Lyon_v2.0#000,source/CURRENT/20_Regional_Chapters/10_Lyon_v2.0.md,0,(preamble),city-guide,78,2,1,c8cd219938e37f74
10_Lyon_v2.0#001,source/CURRENT/20_Regional_Chapters/10_Lyon_v2.0.md,1,Commercial Guide Module,city-guide,17,0,0,dba3304408ef61ca
10_Lyon_v2.0#002,source/CURRENT/20_Regional_Chapters/10_Lyon_v2.0.md,2,Editor’s Verdict — 이 지역에 시간을 쓸 가치와 한계,city-guide,51,0,0,99bd240bd9ee799d
10_Lyon_v2.0#003,source/CURRENT/20_Regional_Chapters/10_Lyon_v2.0.md,3,이번 4박의 핵심,city-guide,45,0,0,a434f0b0b32ed985
10_Lyon_v2.0#004,source/CURRENT/20_Regional_Chapters/10_Lyon_v2.0.md,2,한눈에 보기 — 일정,city-guide,70,0,0,7047d97204d3bf41
10_Lyon_v2.0#005,source/CURRENT/20_Regional_Chapters/10_Lyon_v2.0.md,2,"두 강의 도시, 르네상스 골목, 비단언덕과 알프스 호수",city-guide,59,0,0,a49db75efb3c61d8
10_Lyon_v2.0#006,source/CURRENT/20_Regional_Chapters/10_Lyon_v2.0.md,1,Regional Context & Scheduled Place Dossiers,city-guide,0,0,0,
10_Lyon_v2.0#007,source/CURRENT/20_Regional_Chapters/10_Lyon_v2.0.md,2,구역별 이해와 숙소 생활권,city-guide,53,0,0,a16ed0ee03598a78
10_Lyon_v2.0#008,source/CURRENT/20_Regional_Chapters/10_Lyon_v2.0.md,3,아침 운동,city-guide,14,0,0,db9e92f162c7fc2d
10_Lyon_v2.0#009,source/CURRENT/20_Regional_Chapters/10_Lyon_v2.0.md,2,도착·출발·지역 내 교통,city-guide,0,0,0,
10_Lyon_v2.0#010,source/CURRENT/20_Regional_Chapters/10_Lyon_v2.0.md,2,도심에서는 메트로와 도보,city-guide,21,0,0,80509e5a32e7b64c
10_Lyon_v2.0#011,source/CURRENT/20_Regional_Chapters/10_Lyon_v2.0.md,2,Part-Dieu역과 숙소 이동,city-guide,19,0,0,2fadef9e823719f8
10_Lyon_v2.0#012,source/CURRENT/20_Regional_Chapters/10_Lyon_v2.0.md,2,Annecy는 직행 TER,city-guide,20,0,0,3d7003704ca135b7
10_Lyon_v2.0#013,source/CURRENT/20_Regional_Chapters/10_Lyon_v2.0.md,2,Paris로 출발하는 날,city-guide,17,0,0,8c4366cdd2cc9efe
10_Lyon_v2.0#014,source/CURRENT/20_Regional_Chapters/10_Lyon_v2.0.md,2,핵심 셀프가이드,city-guide,0,0,0,da39a3ee5e6b4b0d
10_Lyon_v2.0#015,source/CURRENT/20_Regional_Chapters/10_Lyon_v2.0.md,4,Fourvière {{grade:essential|필수}},city-guide,38,1,0,fc3214ab109edeac
10_Lyon_v2.0#016,source/CURRENT/20_Regional_Chapters/10_Lyon_v2.0.md,4,Vieux Lyon · 트라불 {{grade:essential|필수}},city-guide,42,1,0,24a358d49439ff2f
10_Lyon_v2.0#017,source/CURRENT/20_Regional_Chapters/10_Lyon_v2.0.md,4,Croix-Rousse {{grade:essential|필수}},city-guide,45,1,0,3701b9b7620880cf
10_Lyon_v2.0#018,source/CURRENT/20_Regional_Chapters/10_Lyon_v2.0.md,4,Halles de Lyon Paul Bocuse {{grade:essential|필수}},city-guide,52,1,0,e8c4c7c10723e3d7
10_Lyon_v2.0#019,source/CURRENT/20_Regional_Chapters/10_Lyon_v2.0.md,4,Parc de la Tête d'Or {{grade:priority|우선추천}},city-guide,41,1,0,d07e97293b698ed8
10_Lyon_v2.0#020,source/CURRENT/20_Regional_Chapters/10_Lyon_v2.0.md,4,Annecy 구시가지 · 호수 {{grade:essential|필수}},city-guide,41,1,0,19ab8e2448b8b508
10_Lyon_v2.0#021,source/CURRENT/20_Regional_Chapters/10_Lyon_v2.0.md,4,Bellecour {{grade:priority|우선추천}},city-guide,33,1,0,f338c809f1c0638e
10_Lyon_v2.0#022,source/CURRENT/20_Regional_Chapters/10_Lyon_v2.0.md,4,Café Comptoir Abel {{grade:essential|필수}},city-guide,27,1,0,902e51dabe618918
10_Lyon_v2.0#023,source/CURRENT/20_Regional_Chapters/10_Lyon_v2.0.md,4,Daniel et Denise {{grade:essential|필수}},city-guide,28,1,0,81dc8d7b345862cf
10_Lyon_v2.0#024,source/CURRENT/20_Regional_Chapters/10_Lyon_v2.0.md,4,Chez Mamie Lise {{grade:essential|필수}},city-guide,25,1,0,a215a1e88288072d
10_Lyon_v2.0#025,source/CURRENT/20_Regional_Chapters/10_Lyon_v2.0.md,2,음식·시장·카페·생활체험,city-guide,0,0,0,
10_Lyon_v2.0#026,source/CURRENT/20_Regional_Chapters/10_Lyon_v2.0.md,2,Lyon과 사부아에서 맛볼 식재료와 전통 요리,city-guide,132,0,0,6558cc71e091f70c
10_Lyon_v2.0#027,source/CURRENT/20_Regional_Chapters/10_Lyon_v2.0.md,2,시장과 장보기,city-guide,42,2,0,148449f9422c7069
10_Lyon_v2.0#028,source/CURRENT/20_Regional_Chapters/10_Lyon_v2.0.md,2,일정에서 이용하는 식당과 카페,city-guide,0,0,0,
10_Lyon_v2.0#029,source/CURRENT/20_Regional_Chapters/10_Lyon_v2.0.md,3,방문 업소,city-guide,55,3,0,facd94c105fa3e03
10_Lyon_v2.0#030,source/CURRENT/20_Regional_Chapters/10_Lyon_v2.0.md,3,식사 원칙,city-guide,19,0,0,5c61ffd03e953290
10_Lyon_v2.0#031,source/CURRENT/20_Regional_Chapters/10_Lyon_v2.0.md,2,당일치기·우천·피로 대안,city-guide,0,0,0,
10_Lyon_v2.0#032,source/CURRENT/20_Regional_Chapters/10_Lyon_v2.0.md,2,Day 24 Vieux Lyon 우천/피로,city-guide,11,0,0,de504bd4de695b63
10_Lyon_v2.0#033,source/CURRENT/20_Regional_Chapters/10_Lyon_v2.0.md,2,Day 25 Croix-Rousse 우천,city-guide,15,0,0,dbb9e0839a3e3f2d
10_Lyon_v2.0#034,source/CURRENT/20_Regional_Chapters/10_Lyon_v2.0.md,2,Day 26 Annecy 우천,city-guide,18,0,0,484ba44e29cf07bc
10_Lyon_v2.0#035,source/CURRENT/20_Regional_Chapters/10_Lyon_v2.0.md,2,예약·비용·안전·주차·귀가,city-guide,0,0,0,
10_Lyon_v2.0#036,source/CURRENT/20_Regional_Chapters/10_Lyon_v2.0.md,3,숙소와 생활권,city-guide,60,0,0,7e9667f4c1fdb227
10_Lyon_v2.0#037,source/CURRENT/20_Regional_Chapters/10_Lyon_v2.0.md,3,핵심 안전 및 이동 확인,city-guide,99,0,0,1adc7330488fdc0d
10_Lyon_v2.0#038,source/CURRENT/20_Regional_Chapters/10_Lyon_v2.0.md,2,공식 확인 정보와 재확인 대상,city-guide,0,0,0,
10_Lyon_v2.0#039,source/CURRENT/20_Regional_Chapters/10_Lyon_v2.0.md,3,출발 전 최종 확인,city-guide,61,0,0,3cd4f61c492643a8
10_Lyon_v2.0#040,source/CURRENT/20_Regional_Chapters/10_Lyon_v2.0.md,3,공식 정보원,city-guide,28,0,0,9fca9df9bc843e90
10_Lyon_v2.0#041,source/CURRENT/20_Regional_Chapters/10_Lyon_v2.0.md,2,검증 상태 — 보강본 근거,city-guide,84,0,0,b2694ed0c9f9bc87
10_Lyon_v2.0#042,source/CURRENT/20_Regional_Chapters/10_Lyon_v2.0.md,2,실행지도 · 현장 사용,city-guide,37,3,0,b6318c6c9365ac03
10_Lyon_v2.0#043,source/CURRENT/20_Regional_Chapters/10_Lyon_v2.0.md,2,Day 23 — 9월 20일 일요일,city-guide,0,0,0,
10_Lyon_v2.0#044,source/CURRENT/20_Regional_Chapters/10_Lyon_v2.0.md,3,TGV 이동 & Lyon 적응,city-guide,18,0,0,384106221b05cb1e
10_Lyon_v2.0#045,source/CURRENT/20_Regional_Chapters/10_Lyon_v2.0.md,4,실행 시간표,city-guide,127,0,0,06d103443980e947
10_Lyon_v2.0#046,source/CURRENT/20_Regional_Chapters/10_Lyon_v2.0.md,2,Day 24 — 9월 21일 월요일,city-guide,0,0,0,
10_Lyon_v2.0#047,source/CURRENT/20_Regional_Chapters/10_Lyon_v2.0.md,3,Fourvière와 Vieux Lyon 역사축,city-guide,16,0,0,7a8761196a036e69
10_Lyon_v2.0#048,source/CURRENT/20_Regional_Chapters/10_Lyon_v2.0.md,4,실행 시간표,city-guide,118,0,0,d2f2274039b5e2ba
10_Lyon_v2.0#049,source/CURRENT/20_Regional_Chapters/10_Lyon_v2.0.md,2,Day 25 — 9월 22일 화요일,city-guide,0,0,0,
10_Lyon_v2.0#050,source/CURRENT/20_Regional_Chapters/10_Lyon_v2.0.md,3,Croix-Rousse 비단동네 & 미식 시장,city-guide,20,0,0,07ec020755ccfc70
10_Lyon_v2.0#051,source/CURRENT/20_Regional_Chapters/10_Lyon_v2.0.md,4,실행 시간표,city-guide,115,0,0,88b4fad7b2cad962
10_Lyon_v2.0#052,source/CURRENT/20_Regional_Chapters/10_Lyon_v2.0.md,2,Day 26 — 9월 23일 수요일,city-guide,0,0,0,
10_Lyon_v2.0#053,source/CURRENT/20_Regional_Chapters/10_Lyon_v2.0.md,3,Annecy 호수도시 당일치기,city-guide,16,0,0,447250e673a995a7
10_Lyon_v2.0#054,source/CURRENT/20_Regional_Chapters/10_Lyon_v2.0.md,4,실행 시간표,city-guide,107,0,0,1ff7b7f272b7146f
10_Lyon_v2.0#055,source/CURRENT/20_Regional_Chapters/10_Lyon_v2.0.md,2,Day 27 — 9월 24일 목요일,city-guide,0,0,0,
10_Lyon_v2.0#056,source/CURRENT/20_Regional_Chapters/10_Lyon_v2.0.md,3,Paris 이동일,city-guide,20,0,0,722cc3466e0d0f40
10_Lyon_v2.0#057,source/CURRENT/20_Regional_Chapters/10_Lyon_v2.0.md,4,실행 시간표,city-guide,94,0,0,28997f2d8e485c26
11_Paris_Long_Stay_v2.0#000,source/CURRENT/20_Regional_Chapters/11_Paris_Long_Stay_v2.0.md,0,(preamble),city-guide,82,2,1,fd9dd554eca5a608
11_Paris_Long_Stay_v2.0#001,source/CURRENT/20_Regional_Chapters/11_Paris_Long_Stay_v2.0.md,1,Commercial Guide Module,city-guide,0,0,0,
11_Paris_Long_Stay_v2.0#002,source/CURRENT/20_Regional_Chapters/11_Paris_Long_Stay_v2.0.md,2,Editor’s Verdict — 이 지역에 시간을 쓸 가치와 한계,city-guide,64,0,0,52a01932e13df705
11_Paris_Long_Stay_v2.0#003,source/CURRENT/20_Regional_Chapters/11_Paris_Long_Stay_v2.0.md,3,이번 15박 체류의 핵심,city-guide,64,0,0,b25c6ffcaa919485
11_Paris_Long_Stay_v2.0#004,source/CURRENT/20_Regional_Chapters/11_Paris_Long_Stay_v2.0.md,2,한눈에 보기 — 일정,city-guide,237,0,0,8b0da416e01db062
11_Paris_Long_Stay_v2.0#005,source/CURRENT/20_Regional_Chapters/11_Paris_Long_Stay_v2.0.md,1,Regional Context & Scheduled Place Dossiers,city-guide,0,0,0,
11_Paris_Long_Stay_v2.0#006,source/CURRENT/20_Regional_Chapters/11_Paris_Long_Stay_v2.0.md,2,구역별 이해와 숙소 생활권,city-guide,0,0,0,
11_Paris_Long_Stay_v2.0#007,source/CURRENT/20_Regional_Chapters/11_Paris_Long_Stay_v2.0.md,3,숙소와 15구 생활권,city-guide,65,0,0,6d91d915c67c7108
11_Paris_Long_Stay_v2.0#008,source/CURRENT/20_Regional_Chapters/11_Paris_Long_Stay_v2.0.md,3,아침 운동,city-guide,21,0,0,281ab477764a90b4
11_Paris_Long_Stay_v2.0#009,source/CURRENT/20_Regional_Chapters/11_Paris_Long_Stay_v2.0.md,2,도착·출발·지역 내 교통,city-guide,0,0,0,
11_Paris_Long_Stay_v2.0#010,source/CURRENT/20_Regional_Chapters/11_Paris_Long_Stay_v2.0.md,3,평소에는 Metro와 도보,city-guide,28,0,0,374c5fa1ea717205
11_Paris_Long_Stay_v2.0#011,source/CURRENT/20_Regional_Chapters/11_Paris_Long_Stay_v2.0.md,3,오후 일정은 생활권에서 한 번에 이동,city-guide,22,0,0,8858dbd0f0f9c071
11_Paris_Long_Stay_v2.0#012,source/CURRENT/20_Regional_Chapters/11_Paris_Long_Stay_v2.0.md,3,대중교통 이용권 전략,city-guide,108,0,0,caa7aa42ec6eab30
11_Paris_Long_Stay_v2.0#013,source/CURRENT/20_Regional_Chapters/11_Paris_Long_Stay_v2.0.md,3,근교일은 철도,city-guide,13,0,0,c550adf0e73b1627
11_Paris_Long_Stay_v2.0#014,source/CURRENT/20_Regional_Chapters/11_Paris_Long_Stay_v2.0.md,3,출국일은 CDG 이동,city-guide,31,0,0,7ddcf445200f0d88
11_Paris_Long_Stay_v2.0#015,source/CURRENT/20_Regional_Chapters/11_Paris_Long_Stay_v2.0.md,2,핵심 셀프가이드,city-guide,0,0,0,da39a3ee5e6b4b0d
11_Paris_Long_Stay_v2.0#016,source/CURRENT/20_Regional_Chapters/11_Paris_Long_Stay_v2.0.md,4,Grand Palais {{grade:essential|필수}},city-guide,40,1,0,92e3d9e2be8021c1
11_Paris_Long_Stay_v2.0#017,source/CURRENT/20_Regional_Chapters/11_Paris_Long_Stay_v2.0.md,4,Musée du Luxembourg {{grade:essential|필수}},city-guide,34,1,0,927b5c2ac134cb10
11_Paris_Long_Stay_v2.0#018,source/CURRENT/20_Regional_Chapters/11_Paris_Long_Stay_v2.0.md,4,Musée de l'Orangerie {{grade:essential|필수}},city-guide,44,1,0,2385a865b54336a9
11_Paris_Long_Stay_v2.0#019,source/CURRENT/20_Regional_Chapters/11_Paris_Long_Stay_v2.0.md,4,Musée Gustave Moreau {{grade:essential|필수}},city-guide,34,1,0,899813f3665d53e3
11_Paris_Long_Stay_v2.0#020,source/CURRENT/20_Regional_Chapters/11_Paris_Long_Stay_v2.0.md,4,Musée d'Orsay {{grade:essential|필수}},city-guide,53,1,0,7a173108333b60ad
11_Paris_Long_Stay_v2.0#021,source/CURRENT/20_Regional_Chapters/11_Paris_Long_Stay_v2.0.md,4,Musée Rodin {{grade:essential|필수}},city-guide,39,1,0,ef90a62fcedb2fdc
11_Paris_Long_Stay_v2.0#022,source/CURRENT/20_Regional_Chapters/11_Paris_Long_Stay_v2.0.md,4,Petit Palais {{grade:essential|필수}},city-guide,35,1,0,fdc7ed4409da33a4
11_Paris_Long_Stay_v2.0#023,source/CURRENT/20_Regional_Chapters/11_Paris_Long_Stay_v2.0.md,4,Château de Versailles {{grade:essential|필수}},city-guide,46,1,0,7b558c160aa999bc
11_Paris_Long_Stay_v2.0#024,source/CURRENT/20_Regional_Chapters/11_Paris_Long_Stay_v2.0.md,4,Musée du Louvre {{grade:essential|필수}},city-guide,48,1,0,44841d951e0c019f
11_Paris_Long_Stay_v2.0#025,source/CURRENT/20_Regional_Chapters/11_Paris_Long_Stay_v2.0.md,4,Musée Marmottan Monet {{grade:essential|필수}},city-guide,41,1,0,a613e96929067f9d
11_Paris_Long_Stay_v2.0#026,source/CURRENT/20_Regional_Chapters/11_Paris_Long_Stay_v2.0.md,4,Musée Jacquemart-André {{grade:essential|필수}},city-guide,39,1,0,35c843acf90569b3
11_Paris_Long_Stay_v2.0#027,source/CURRENT/20_Regional_Chapters/11_Paris_Long_Stay_v2.0.md,4,Musée Picasso Paris {{grade:essential|필수}},city-guide,43,1,0,ae21f2d9b8ae37ca
11_Paris_Long_Stay_v2.0#028,source/CURRENT/20_Regional_Chapters/11_Paris_Long_Stay_v2.0.md,4,Musée Carnavalet {{grade:essential|필수}},city-guide,42,1,0,f32ebf65fa6a3c52
11_Paris_Long_Stay_v2.0#029,source/CURRENT/20_Regional_Chapters/11_Paris_Long_Stay_v2.0.md,4,Bourse de Commerce — Pinault Collection {{grade:essential|필수}},city-guide,43,1,0,ee485e91ce96fbbe
11_Paris_Long_Stay_v2.0#030,source/CURRENT/20_Regional_Chapters/11_Paris_Long_Stay_v2.0.md,4,Musée Guimet {{grade:essential|필수}},city-guide,35,1,0,6d1535378db5226c
11_Paris_Long_Stay_v2.0#031,source/CURRENT/20_Regional_Chapters/11_Paris_Long_Stay_v2.0.md,4,Musée d'Art Moderne de Paris (MAM) {{grade:essential|필수}},city-guide,42,1,0,2aa7ef9b79851faa
11_Paris_Long_Stay_v2.0#032,source/CURRENT/20_Regional_Chapters/11_Paris_Long_Stay_v2.0.md,4,Notre-Dame de Paris {{grade:essential|필수}},city-guide,46,1,0,51de9570563b3d56
11_Paris_Long_Stay_v2.0#033,source/CURRENT/20_Regional_Chapters/11_Paris_Long_Stay_v2.0.md,4,Le Marais {{grade:essential|필수}},city-guide,46,1,0,24d2230298004818
11_Paris_Long_Stay_v2.0#034,source/CURRENT/20_Regional_Chapters/11_Paris_Long_Stay_v2.0.md,4,Latin Quarter {{grade:essential|필수}},city-guide,36,1,0,3f76c4494aab24ea
11_Paris_Long_Stay_v2.0#035,source/CURRENT/20_Regional_Chapters/11_Paris_Long_Stay_v2.0.md,4,Montmartre · South Pigalle {{grade:essential|필수}},city-guide,35,1,0,d255e1b487eddd9d
11_Paris_Long_Stay_v2.0#036,source/CURRENT/20_Regional_Chapters/11_Paris_Long_Stay_v2.0.md,4,BnF Richelieu {{grade:priority|우선추천}},city-guide,37,1,0,385c76494546319f
11_Paris_Long_Stay_v2.0#037,source/CURRENT/20_Regional_Chapters/11_Paris_Long_Stay_v2.0.md,4,Montorgueil {{grade:priority|우선추천}},city-guide,35,1,0,91743abe13be909b
11_Paris_Long_Stay_v2.0#038,source/CURRENT/20_Regional_Chapters/11_Paris_Long_Stay_v2.0.md,4,Giverny {{grade:priority|우선추천}},city-guide,23,1,0,29d18d8e7f3e135c
11_Paris_Long_Stay_v2.0#039,source/CURRENT/20_Regional_Chapters/11_Paris_Long_Stay_v2.0.md,4,Centre Pompidou {{grade:excluded|제외}},city-guide,28,1,0,231de4a9fdf41092
11_Paris_Long_Stay_v2.0#040,source/CURRENT/20_Regional_Chapters/11_Paris_Long_Stay_v2.0.md,4,Boulangerie Pichard {{grade:essential|필수}},city-guide,19,1,0,2719be1d219415e0
11_Paris_Long_Stay_v2.0#041,source/CURRENT/20_Regional_Chapters/11_Paris_Long_Stay_v2.0.md,4,Marché Convention {{grade:essential|필수}},city-guide,20,1,0,79f4ae4aaac72478
11_Paris_Long_Stay_v2.0#042,source/CURRENT/20_Regional_Chapters/11_Paris_Long_Stay_v2.0.md,4,Café du Commerce {{grade:essential|필수}},city-guide,16,1,0,b0f9dc1c0868b796
11_Paris_Long_Stay_v2.0#043,source/CURRENT/20_Regional_Chapters/11_Paris_Long_Stay_v2.0.md,4,Le Grand Pan {{grade:essential|필수}},city-guide,20,1,0,1040acba696c6d66
11_Paris_Long_Stay_v2.0#044,source/CURRENT/20_Regional_Chapters/11_Paris_Long_Stay_v2.0.md,4,Bouillon Chartier Montparnasse {{grade:essential|필수}},city-guide,18,1,0,9d973d030acf7057
11_Paris_Long_Stay_v2.0#045,source/CURRENT/20_Regional_Chapters/11_Paris_Long_Stay_v2.0.md,2,음식·시장·카페·생활체험,city-guide,0,0,0,
11_Paris_Long_Stay_v2.0#046,source/CURRENT/20_Regional_Chapters/11_Paris_Long_Stay_v2.0.md,2,15구에서 반복해서 이용하기,city-guide,65,2,0,66dab44a6a372173
11_Paris_Long_Stay_v2.0#047,source/CURRENT/20_Regional_Chapters/11_Paris_Long_Stay_v2.0.md,2,시장과 장보기,city-guide,29,0,0,747a2def2e3782fb
11_Paris_Long_Stay_v2.0#048,source/CURRENT/20_Regional_Chapters/11_Paris_Long_Stay_v2.0.md,2,Paris에서 맛볼 식재료와 음식,city-guide,92,0,0,2afc6aaecf08333e
11_Paris_Long_Stay_v2.0#049,source/CURRENT/20_Regional_Chapters/11_Paris_Long_Stay_v2.0.md,2,일정에서 이용하는 식당과 카페,city-guide,0,0,0,
11_Paris_Long_Stay_v2.0#050,source/CURRENT/20_Regional_Chapters/11_Paris_Long_Stay_v2.0.md,3,방문 업소,city-guide,52,3,0,adad084d087f8604
11_Paris_Long_Stay_v2.0#051,source/CURRENT/20_Regional_Chapters/11_Paris_Long_Stay_v2.0.md,3,식사 원칙,city-guide,22,0,0,b62a54a31fcef413
11_Paris_Long_Stay_v2.0#052,source/CURRENT/20_Regional_Chapters/11_Paris_Long_Stay_v2.0.md,2,당일치기·우천·피로 대안,city-guide,0,0,0,
11_Paris_Long_Stay_v2.0#053,source/CURRENT/20_Regional_Chapters/11_Paris_Long_Stay_v2.0.md,2,비 오는 날의 대안,city-guide,28,0,0,6240f0ea455b0414
11_Paris_Long_Stay_v2.0#054,source/CURRENT/20_Regional_Chapters/11_Paris_Long_Stay_v2.0.md,2,피로 누적 시 대안,city-guide,25,0,0,b750a4649b69a712
11_Paris_Long_Stay_v2.0#055,source/CURRENT/20_Regional_Chapters/11_Paris_Long_Stay_v2.0.md,2,예약·비용·안전·주차·귀가,city-guide,0,0,0,
11_Paris_Long_Stay_v2.0#056,source/CURRENT/20_Regional_Chapters/11_Paris_Long_Stay_v2.0.md,3,출국 항공편,city-guide,16,0,0,6a61f0fe40123f5b
11_Paris_Long_Stay_v2.0#057,source/CURRENT/20_Regional_Chapters/11_Paris_Long_Stay_v2.0.md,3,숙소와 생활권,city-guide,24,0,0,fd7fbb3b9ec66c83
11_Paris_Long_Stay_v2.0#058,source/CURRENT/20_Regional_Chapters/11_Paris_Long_Stay_v2.0.md,3,주요 예약 및 안전 원칙,city-guide,40,0,0,d063635a2d0c27c6
11_Paris_Long_Stay_v2.0#059,source/CURRENT/20_Regional_Chapters/11_Paris_Long_Stay_v2.0.md,2,공식 확인 정보와 재확인 대상,city-guide,0,0,0,
11_Paris_Long_Stay_v2.0#060,source/CURRENT/20_Regional_Chapters/11_Paris_Long_Stay_v2.0.md,3,출발 전 최종 확인,city-guide,123,0,0,9453395dcf289407
11_Paris_Long_Stay_v2.0#061,source/CURRENT/20_Regional_Chapters/11_Paris_Long_Stay_v2.0.md,3,공식 정보원,city-guide,48,0,0,c2586bc86b2f7e1c
11_Paris_Long_Stay_v2.0#062,source/CURRENT/20_Regional_Chapters/11_Paris_Long_Stay_v2.0.md,2,검증 상태 — 보강본 근거,city-guide,93,0,0,2326345ba3a90205
11_Paris_Long_Stay_v2.0#063,source/CURRENT/20_Regional_Chapters/11_Paris_Long_Stay_v2.0.md,2,실행지도 · 현장 사용,city-guide,32,3,0,0cecb8835f2f8636
11_Paris_Long_Stay_v2.0#064,source/CURRENT/20_Regional_Chapters/11_Paris_Long_Stay_v2.0.md,2,Day 27 — 2026-09-24,city-guide,0,0,0,
11_Paris_Long_Stay_v2.0#065,source/CURRENT/20_Regional_Chapters/11_Paris_Long_Stay_v2.0.md,3,"Lyon→Paris, 17일 거주자가 되는 날",city-guide,0,0,0,
11_Paris_Long_Stay_v2.0#066,source/CURRENT/20_Regional_Chapters/11_Paris_Long_Stay_v2.0.md,4,실행 시간표,city-guide,152,0,0,abadc73d3be2d50f
11_Paris_Long_Stay_v2.0#067,source/CURRENT/20_Regional_Chapters/11_Paris_Long_Stay_v2.0.md,2,Day 28 — 2026-09-25,city-guide,0,0,0,
11_Paris_Long_Stay_v2.0#068,source/CURRENT/20_Regional_Chapters/11_Paris_Long_Stay_v2.0.md,3,파리 시티투어 풀 루프 & 그랑 팔레 세잔 특별전,city-guide,0,0,0,
11_Paris_Long_Stay_v2.0#069,source/CURRENT/20_Regional_Chapters/11_Paris_Long_Stay_v2.0.md,4,실행 시간표,city-guide,136,0,0,3012c93400dcd6ee
11_Paris_Long_Stay_v2.0#070,source/CURRENT/20_Regional_Chapters/11_Paris_Long_Stay_v2.0.md,2,Day 29 — 2026-09-26,city-guide,0,0,0,
11_Paris_Long_Stay_v2.0#071,source/CURRENT/20_Regional_Chapters/11_Paris_Long_Stay_v2.0.md,3,뤽상부르 워홀전 & 생제르맹 지성 산책 & 노트르담,city-guide,0,0,0,
11_Paris_Long_Stay_v2.0#072,source/CURRENT/20_Regional_Chapters/11_Paris_Long_Stay_v2.0.md,4,실행 시간표,city-guide,135,0,0,d63a4b037ddef44f
11_Paris_Long_Stay_v2.0#073,source/CURRENT/20_Regional_Chapters/11_Paris_Long_Stay_v2.0.md,2,Day 30 — 2026-09-27,city-guide,0,0,0,
11_Paris_Long_Stay_v2.0#074,source/CURRENT/20_Regional_Chapters/11_Paris_Long_Stay_v2.0.md,3,오랑주리 수련 연작 & 튀일르리·팔레 루아얄 고전 파리,city-guide,0,0,0,
11_Paris_Long_Stay_v2.0#075,source/CURRENT/20_Regional_Chapters/11_Paris_Long_Stay_v2.0.md,4,실행 시간표,city-guide,136,0,0,58a5bf9eb80d1be6
11_Paris_Long_Stay_v2.0#076,source/CURRENT/20_Regional_Chapters/11_Paris_Long_Stay_v2.0.md,2,Day 31 — 2026-09-28,city-guide,0,0,0,
11_Paris_Long_Stay_v2.0#077,source/CURRENT/20_Regional_Chapters/11_Paris_Long_Stay_v2.0.md,3,모로 아틀리에 & 파리 패션위크 개막 & 마레 지구,city-guide,0,0,0,
11_Paris_Long_Stay_v2.0#078,source/CURRENT/20_Regional_Chapters/11_Paris_Long_Stay_v2.0.md,4,실행 시간표,city-guide,119,0,0,644f8d5ec50bd2a1
11_Paris_Long_Stay_v2.0#079,source/CURRENT/20_Regional_Chapters/11_Paris_Long_Stay_v2.0.md,2,Day 32 — 2026-09-29,city-guide,0,0,0,
11_Paris_Long_Stay_v2.0#080,source/CURRENT/20_Regional_Chapters/11_Paris_Long_Stay_v2.0.md,3,오르세 미술관 집중 관람 & 로댕 조각 정원,city-guide,0,0,0,
11_Paris_Long_Stay_v2.0#081,source/CURRENT/20_Regional_Chapters/11_Paris_Long_Stay_v2.0.md,4,실행 시간표,city-guide,149,0,0,fa9e20e5773e7685
11_Paris_Long_Stay_v2.0#082,source/CURRENT/20_Regional_Chapters/11_Paris_Long_Stay_v2.0.md,2,Day 33 — 2026-09-30,city-guide,0,0,0,
11_Paris_Long_Stay_v2.0#083,source/CURRENT/20_Regional_Chapters/11_Paris_Long_Stay_v2.0.md,3,프티 팔레 & 몽테뉴 패션위크 & 팔레 드 도쿄,city-guide,0,0,0,
11_Paris_Long_Stay_v2.0#084,source/CURRENT/20_Regional_Chapters/11_Paris_Long_Stay_v2.0.md,4,실행 시간표,city-guide,107,0,0,1c9964d4e41ffe42
11_Paris_Long_Stay_v2.0#085,source/CURRENT/20_Regional_Chapters/11_Paris_Long_Stay_v2.0.md,2,Day 34 — 2026-10-01,city-guide,0,0,0,
11_Paris_Long_Stay_v2.0#086,source/CURRENT/20_Regional_Chapters/11_Paris_Long_Stay_v2.0.md,3,베르사유 궁전 & 대정원 & 트리아농 전일 투어,city-guide,0,0,0,
11_Paris_Long_Stay_v2.0#087,source/CURRENT/20_Regional_Chapters/11_Paris_Long_Stay_v2.0.md,4,실행 시간표,city-guide,137,0,0,6382c8a201afe1c6
11_Paris_Long_Stay_v2.0#088,source/CURRENT/20_Regional_Chapters/11_Paris_Long_Stay_v2.0.md,2,Day 35 — 2026-10-02,city-guide,0,0,0,
11_Paris_Long_Stay_v2.0#089,source/CURRENT/20_Regional_Chapters/11_Paris_Long_Stay_v2.0.md,3,루브르 박물관 4시간 마스터피스 집중 관람,city-guide,0,0,0,
11_Paris_Long_Stay_v2.0#090,source/CURRENT/20_Regional_Chapters/11_Paris_Long_Stay_v2.0.md,4,실행 시간표,city-guide,95,0,0,57952af96830964f
11_Paris_Long_Stay_v2.0#091,source/CURRENT/20_Regional_Chapters/11_Paris_Long_Stay_v2.0.md,2,Day 36 — 2026-10-03,city-guide,0,0,0,
11_Paris_Long_Stay_v2.0#092,source/CURRENT/20_Regional_Chapters/11_Paris_Long_Stay_v2.0.md,3,"마르모탕 모네 <인상, 해돋이> & 파시 고급 지구 산책",city-guide,0,0,0,
11_Paris_Long_Stay_v2.0#093,source/CURRENT/20_Regional_Chapters/11_Paris_Long_Stay_v2.0.md,4,실행 시간표,city-guide,115,0,0,ee0d56b7d554967d
11_Paris_Long_Stay_v2.0#094,source/CURRENT/20_Regional_Chapters/11_Paris_Long_Stay_v2.0.md,2,Day 37 — 2026-10-04,city-guide,0,0,0,
11_Paris_Long_Stay_v2.0#095,source/CURRENT/20_Regional_Chapters/11_Paris_Long_Stay_v2.0.md,3,개선문상 경마 대회 (Qatar Prix de l'Arc de Triomphe),city-guide,0,0,0,
11_Paris_Long_Stay_v2.0#096,source/CURRENT/20_Regional_Chapters/11_Paris_Long_Stay_v2.0.md,4,실행 시간표,city-guide,88,0,0,ded4f29afa8cae1e
11_Paris_Long_Stay_v2.0#097,source/CURRENT/20_Regional_Chapters/11_Paris_Long_Stay_v2.0.md,2,Day 38 — 2026-10-05,city-guide,0,0,0,
11_Paris_Long_Stay_v2.0#098,source/CURRENT/20_Regional_Chapters/11_Paris_Long_Stay_v2.0.md,3,개선문상 후 회복 & 자크마르-앙드레 & 몽소 공원,city-guide,0,0,0,
11_Paris_Long_Stay_v2.0#099,source/CURRENT/20_Regional_Chapters/11_Paris_Long_Stay_v2.0.md,4,실행 시간표,city-guide,96,0,0,06e0a305ae5c058a
11_Paris_Long_Stay_v2.0#100,source/CURRENT/20_Regional_Chapters/11_Paris_Long_Stay_v2.0.md,2,Day 39 — 2026-10-06,city-guide,0,0,0,
11_Paris_Long_Stay_v2.0#101,source/CURRENT/20_Regional_Chapters/11_Paris_Long_Stay_v2.0.md,3,오르세 카사트 특별전 개막 & 마레 지구 예술 산책,city-guide,0,0,0,
11_Paris_Long_Stay_v2.0#102,source/CURRENT/20_Regional_Chapters/11_Paris_Long_Stay_v2.0.md,4,실행 시간표,city-guide,112,0,0,1bdf5e4ce52f12a7
11_Paris_Long_Stay_v2.0#103,source/CURRENT/20_Regional_Chapters/11_Paris_Long_Stay_v2.0.md,2,Day 40 — 2026-10-07,city-guide,0,0,0,
11_Paris_Long_Stay_v2.0#104,source/CURRENT/20_Regional_Chapters/11_Paris_Long_Stay_v2.0.md,3,부르스 드 코메르스 개막일 & 몽마르트르 포도 수확 축제,city-guide,0,0,0,
11_Paris_Long_Stay_v2.0#105,source/CURRENT/20_Regional_Chapters/11_Paris_Long_Stay_v2.0.md,4,실행 시간표,city-guide,102,0,0,861abd40a922e7d1
11_Paris_Long_Stay_v2.0#106,source/CURRENT/20_Regional_Chapters/11_Paris_Long_Stay_v2.0.md,2,Day 41 — 2026-10-08,city-guide,0,0,0,
11_Paris_Long_Stay_v2.0#107,source/CURRENT/20_Regional_Chapters/11_Paris_Long_Stay_v2.0.md,3,기메 동양미술관 & 파리 현대미술관 & 트로카데로 고별 일몰,city-guide,0,0,0,
11_Paris_Long_Stay_v2.0#108,source/CURRENT/20_Regional_Chapters/11_Paris_Long_Stay_v2.0.md,4,실행 시간표,city-guide,144,0,0,aba9644ac8c99c1d
11_Paris_Long_Stay_v2.0#109,source/CURRENT/20_Regional_Chapters/11_Paris_Long_Stay_v2.0.md,2,Day 42 — 2026-10-09,city-guide,0,0,0,
11_Paris_Long_Stay_v2.0#110,source/CURRENT/20_Regional_Chapters/11_Paris_Long_Stay_v2.0.md,3,파리 15박 체크아웃 ➔ CDG 공항 ➔ 인천 귀국 (OZ502),city-guide,0,0,0,
11_Paris_Long_Stay_v2.0#111,source/CURRENT/20_Regional_Chapters/11_Paris_Long_Stay_v2.0.md,4,실행 시간표,city-guide,102,0,0,3a22e308594dd28d
11_Paris_Long_Stay_v2.0#112,source/CURRENT/20_Regional_Chapters/11_Paris_Long_Stay_v2.0.md,2,Day 43 — 2026-10-10,city-guide,0,0,0,
11_Paris_Long_Stay_v2.0#113,source/CURRENT/20_Regional_Chapters/11_Paris_Long_Stay_v2.0.md,3,기내와 인천 도착 — 43일의 끝,city-guide,0,0,0,
11_Paris_Long_Stay_v2.0#114,source/CURRENT/20_Regional_Chapters/11_Paris_Long_Stay_v2.0.md,4,실행 시간표,city-guide,55,0,0,8a0ea41855691a1b
aix#000,source/CURRENT/20_Regions/aix.md,0,(preamble),reference,10,0,0,276c5405b2c6fbe6
aix#001,source/CURRENT/20_Regions/aix.md,2,Aix-en-Provence를 이렇게 본다,reference,63,0,0,367876dd205c18e9
aix#002,source/CURRENT/20_Regions/aix.md,3,이번 체류의 핵심,reference,51,0,0,655800f4819f0f4f
aix#003,source/CURRENT/20_Regions/aix.md,2,일정,reference,62,0,0,f2ec32e441ffb6c8
aix#004,source/CURRENT/20_Regions/aix.md,2,숙소와 생활권,reference,56,0,0,974a0f0f39b3e22a
aix#005,source/CURRENT/20_Regions/aix.md,3,아침 운동,reference,22,0,0,e5c3943b2c3c38a3
aix#006,source/CURRENT/20_Regions/aix.md,2,Aix에서 이동하기,reference,0,0,0,
aix#007,source/CURRENT/20_Regions/aix.md,3,시내에서는 걷기,reference,20,0,0,ab288fbe8da42a6e
aix#008,source/CURRENT/20_Regions/aix.md,3,Cassis는 렌터카,reference,14,0,0,594b7b858117cc87
aix#009,source/CURRENT/20_Regions/aix.md,3,Marseille는 TER,reference,18,0,0,c7bd29d6138794c2
aix#010,source/CURRENT/20_Regions/aix.md,3,Luberon으로 출발하는 날,reference,16,0,0,66e7dd4869ff5e88
aix#011,source/CURRENT/20_Regions/aix.md,2,먹고 장보기,reference,0,0,0,
aix#012,source/CURRENT/20_Regions/aix.md,3,프로방스에서 먹어볼 것,reference,98,0,0,34289ff16a6852b0
aix#013,source/CURRENT/20_Regions/aix.md,3,시장과 장보기,reference,25,1,0,9ba7a5b3c8a549c1
aix#014,source/CURRENT/20_Regions/aix.md,3,일정에서 이용하는 식당과 카페,reference,0,0,0,
aix#015,source/CURRENT/20_Regions/aix.md,4,방문 업소,reference,30,2,0,36d65390ccc0b2c0
aix#016,source/CURRENT/20_Regions/aix.md,4,식사 원칙,reference,20,0,0,c07ec823e6c0718a
avignon#000,source/CURRENT/20_Regions/avignon.md,0,(preamble),reference,12,0,0,2f9e04efd2114b64
avignon#001,source/CURRENT/20_Regions/avignon.md,2,Avignon과 서부 Provence를 이렇게 본다,reference,60,0,0,c04784d93c0e0734
avignon#002,source/CURRENT/20_Regions/avignon.md,3,이번 체류의 핵심,reference,60,0,0,8d2eee16195f7112
avignon#003,source/CURRENT/20_Regions/avignon.md,2,일정,reference,69,0,0,38ddf78047d9c7c1
avignon#004,source/CURRENT/20_Regions/avignon.md,2,숙소와 생활권,reference,48,0,0,944b044c96e3f525
avignon#005,source/CURRENT/20_Regions/avignon.md,4,아침 운동,reference,27,0,0,cc7ad72de98128a4
avignon#006,source/CURRENT/20_Regions/avignon.md,2,Avignon에서 이동하기,reference,0,0,0,
avignon#007,source/CURRENT/20_Regions/avignon.md,3,시내에서는 걷기,reference,23,0,0,82ee4848322cbe2e
avignon#008,source/CURRENT/20_Regions/avignon.md,3,Uzès와 Pont du Gard는 렌터카,reference,20,0,0,e48b11f6d991b14e
avignon#009,source/CURRENT/20_Regions/avignon.md,3,Arles는 TER,reference,11,0,0,61dc0c799bd68b3f
avignon#010,source/CURRENT/20_Regions/avignon.md,3,Lyon으로 출발하는 날,reference,18,0,0,044a617efe4fc5e9
avignon#011,source/CURRENT/20_Regions/avignon.md,2,먹고 장보기,reference,0,0,0,
avignon#012,source/CURRENT/20_Regions/avignon.md,3,아비뇽과 서부 프로방스에서 맛볼 식재료,reference,108,0,0,bfc33591c4ea0feb
avignon#013,source/CURRENT/20_Regions/avignon.md,3,시장과 장보기,reference,54,3,0,37062d297328bc32
avignon#014,source/CURRENT/20_Regions/avignon.md,3,일정에서 이용하는 식당과 카페,reference,0,0,0,
avignon#015,source/CURRENT/20_Regions/avignon.md,4,방문 업소,reference,50,3,0,2d20bcca373f920d
avignon#016,source/CURRENT/20_Regions/avignon.md,4,식사 원칙,reference,28,0,0,0a1acea397cfa2c0
barcelona#000,source/CURRENT/20_Regions/barcelona.md,0,(preamble),reference,9,0,0,7e713b27485fbd83
barcelona#001,source/CURRENT/20_Regions/barcelona.md,2,바르셀로나와 시체스를 이렇게 본다,reference,69,0,0,53108bed799a4dcd
barcelona#002,source/CURRENT/20_Regions/barcelona.md,3,이번 3박의 핵심,reference,62,0,0,12ad5da23568eb8b
barcelona#003,source/CURRENT/20_Regions/barcelona.md,2,일정,reference,41,0,0,9e7047c39f06fbca
barcelona#004,source/CURRENT/20_Regions/barcelona.md,2,숙소와 생활권,reference,116,0,0,2d151d87c69bf40c
barcelona#005,source/CURRENT/20_Regions/barcelona.md,3,아침 운동,reference,102,0,0,551fe8cd57d8425e
barcelona#006,source/CURRENT/20_Regions/barcelona.md,2,바르셀로나에서 이동하기,reference,0,0,0,
barcelona#007,source/CURRENT/20_Regions/barcelona.md,3,시내에서는 도보와 메트로,reference,39,0,0,515d042cd70069be
barcelona#008,source/CURRENT/20_Regions/barcelona.md,3,9월 1일 렌터카 인수,reference,46,0,0,4bbea83f4f9d50f1
barcelona#009,source/CURRENT/20_Regions/barcelona.md,3,Sitges를 거쳐 Girona로,reference,45,0,0,424f56477ad9b017
barcelona#010,source/CURRENT/20_Regions/barcelona.md,2,먹고 장보기,reference,0,0,0,
barcelona#011,source/CURRENT/20_Regions/barcelona.md,3,카탈루냐에서 먹어볼 것,reference,141,0,0,5b49efb101d3a825
barcelona#012,source/CURRENT/20_Regions/barcelona.md,3,식사 시간,reference,31,0,0,042933b13acd3e8d
barcelona#013,source/CURRENT/20_Regions/barcelona.md,3,시장과 장보기,reference,207,0,0,211624a279bec8c7
girona#000,source/CURRENT/20_Regions/girona.md,0,(preamble),reference,10,0,0,9e2f2f9f6285c725
girona#001,source/CURRENT/20_Regions/girona.md,2,Girona와 Costa Brava를 이렇게 본다,reference,55,0,0,afadadb905c8e068
girona#002,source/CURRENT/20_Regions/girona.md,3,이번 3박의 핵심,reference,50,0,0,0b666ef74bd29600
girona#003,source/CURRENT/20_Regions/girona.md,2,일정,reference,45,0,0,02b1afee373fa9a5
girona#004,source/CURRENT/20_Regions/girona.md,2,숙소와 생활권,reference,51,0,0,ac283ad92b41c1f6
girona#005,source/CURRENT/20_Regions/girona.md,3,아침 운동,reference,21,0,0,db6d7b168aee7c54
girona#006,source/CURRENT/20_Regions/girona.md,2,이 지역에서 운전하기,reference,0,0,0,
girona#007,source/CURRENT/20_Regions/girona.md,3,스페인과 프랑스 국경을 넘을 때,reference,54,0,0,0b9f22d1b8097bc9
girona#008,source/CURRENT/20_Regions/girona.md,3,도로와 통행료,reference,52,0,0,17dc2148aaa0a634
girona#009,source/CURRENT/20_Regions/girona.md,3,주유,reference,55,0,0,82fa9a6802e67218
girona#010,source/CURRENT/20_Regions/girona.md,3,목적지별 주차,reference,77,0,0,1bfe5caef46ae14f
girona#011,source/CURRENT/20_Regions/girona.md,2,먹고 장보기,reference,0,0,0,
girona#012,source/CURRENT/20_Regions/girona.md,3,Empordà에서 먹어볼 것,reference,127,0,0,a1308c8b9bdd59ce
girona#013,source/CURRENT/20_Regions/girona.md,3,시장과 장보기,reference,56,1,0,7219218a9543eef1
girona#014,source/CURRENT/20_Regions/girona.md,3,일정에서 이용하는 식당과 카페,reference,0,0,0,
girona#015,source/CURRENT/20_Regions/girona.md,4,방문 업소,reference,24,1,0,5f7e3ca57d9ad974
girona#016,source/CURRENT/20_Regions/girona.md,4,일정별 식사 전략,reference,64,0,0,c456192f9b7a9bd5
luberon#000,source/CURRENT/20_Regions/luberon.md,0,(preamble),reference,9,0,0,678034d911ad14a2
luberon#001,source/CURRENT/20_Regions/luberon.md,2,Luberon을 이렇게 본다,reference,43,0,0,24c29284b336db33
luberon#002,source/CURRENT/20_Regions/luberon.md,3,이번 2박의 핵심,reference,50,0,0,735281c71f70dbae
luberon#003,source/CURRENT/20_Regions/luberon.md,2,일정,reference,48,0,0,5168f926a2bf64dd
luberon#004,source/CURRENT/20_Regions/luberon.md,2,농가와 생활권,reference,50,0,0,0c5b97f7307726df
luberon#005,source/CURRENT/20_Regions/luberon.md,2,Luberon에서 이동하기,reference,0,0,0,
luberon#006,source/CURRENT/20_Regions/luberon.md,3,이동은 렌터카,reference,14,0,0,859c1d9c93709d97
luberon#007,source/CURRENT/20_Regions/luberon.md,3,마을에서는 외곽에 주차하고 걷기,reference,20,0,0,5b201b6835a10d27
luberon#008,source/CURRENT/20_Regions/luberon.md,3,Gordes로 돌아오는 시간,reference,19,0,0,9aa64b2a155b0821
luberon#009,source/CURRENT/20_Regions/luberon.md,3,Avignon으로 출발하는 날,reference,23,0,0,b886d55c668779ba
luberon#010,source/CURRENT/20_Regions/luberon.md,2,먹고 장보기,reference,0,0,0,
luberon#011,source/CURRENT/20_Regions/luberon.md,3,Luberon에서 맛볼 프로방스 식재료,reference,85,0,0,82654ce5ab1a07e3
luberon#012,source/CURRENT/20_Regions/luberon.md,3,이번 일정의 식사 배치,reference,56,0,0,6e25d0f2316f61a0
lyon#000,source/CURRENT/20_Regions/lyon.md,0,(preamble),reference,8,0,0,3655a0fb1e527577
lyon#001,source/CURRENT/20_Regions/lyon.md,2,Lyon을 이렇게 본다,reference,51,0,0,99bd240bd9ee799d
lyon#002,source/CURRENT/20_Regions/lyon.md,3,이번 4박의 핵심,reference,45,0,0,a434f0b0b32ed985
lyon#003,source/CURRENT/20_Regions/lyon.md,2,일정,reference,70,0,0,7047d97204d3bf41
lyon#004,source/CURRENT/20_Regions/lyon.md,2,숙소와 생활권,reference,53,0,0,a16ed0ee03598a78
lyon#005,source/CURRENT/20_Regions/lyon.md,4,아침 운동,reference,14,0,0,db9e92f162c7fc2d
lyon#006,source/CURRENT/20_Regions/lyon.md,2,Lyon에서 이동하기,reference,0,0,0,
lyon#007,source/CURRENT/20_Regions/lyon.md,3,도심에서는 메트로와 도보,reference,21,0,0,80509e5a32e7b64c
lyon#008,source/CURRENT/20_Regions/lyon.md,3,Part-Dieu역과 숙소 이동,reference,19,0,0,2fadef9e823719f8
lyon#009,source/CURRENT/20_Regions/lyon.md,3,Annecy는 직행 TER,reference,20,0,0,3d7003704ca135b7
lyon#010,source/CURRENT/20_Regions/lyon.md,3,Paris로 출발하는 날,reference,17,0,0,8c4366cdd2cc9efe
lyon#011,source/CURRENT/20_Regions/lyon.md,2,먹고 장보기,reference,0,0,0,
lyon#012,source/CURRENT/20_Regions/lyon.md,3,Lyon과 사부아에서 맛볼 식재료와 전통 요리,reference,132,0,0,6558cc71e091f70c
lyon#013,source/CURRENT/20_Regions/lyon.md,3,시장과 장보기,reference,42,2,0,148449f9422c7069
lyon#014,source/CURRENT/20_Regions/lyon.md,3,일정에서 이용하는 식당과 카페,reference,0,0,0,
lyon#015,source/CURRENT/20_Regions/lyon.md,4,방문 업소,reference,55,3,0,facd94c105fa3e03
lyon#016,source/CURRENT/20_Regions/lyon.md,4,식사 원칙,reference,19,0,0,5c61ffd03e953290
nice#000,source/CURRENT/20_Regions/nice.md,0,(preamble),reference,11,0,0,fbb381c3793c500c
nice#001,source/CURRENT/20_Regions/nice.md,2,Nice와 Côte d'Azur를 이렇게 본다,reference,97,0,0,76afd6f650c37a85
nice#002,source/CURRENT/20_Regions/nice.md,3,이번 5박의 핵심,reference,62,0,0,75143a033eb31e37
nice#003,source/CURRENT/20_Regions/nice.md,2,일정,reference,61,0,0,64667bdc19fa8f17
nice#004,source/CURRENT/20_Regions/nice.md,2,숙소와 생활권,reference,58,0,0,ac05e2048591b5bb
nice#005,source/CURRENT/20_Regions/nice.md,3,생활과 회복,reference,43,0,0,b01b36a7736437cf
nice#006,source/CURRENT/20_Regions/nice.md,2,Nice와 Côte d'Azur에서 이동하기,reference,0,0,0,
nice#007,source/CURRENT/20_Regions/nice.md,3,공항에서 숙소로,reference,26,0,0,dcb3e4f8fb2020f5
nice#008,source/CURRENT/20_Regions/nice.md,3,Antibes·Cannes·Monaco·Menton은 TER,reference,39,0,0,9640fcb88fde3507
nice#009,source/CURRENT/20_Regions/nice.md,3,렌터카를 받는 날,reference,59,0,0,9ab4c3d5b4bbd96c
nice#010,source/CURRENT/20_Regions/nice.md,2,먹고 장보기,reference,28,0,0,acfa990f5deec247
nice#011,source/CURRENT/20_Regions/nice.md,3,니스에서 먹어볼 것,reference,139,0,0,8ee82f9cad9b7c6e
nice#012,source/CURRENT/20_Regions/nice.md,3,시장과 장보기,reference,71,0,0,08cdf24c72630dbe
nice#013,source/CURRENT/20_Regions/nice.md,3,일정에서 이용하는 식당과 카페,reference,71,0,0,e6b124146c091293
paris#000,source/CURRENT/20_Regions/paris.md,0,(preamble),reference,10,0,0,e23bfe98aad504dd
paris#001,source/CURRENT/20_Regions/paris.md,2,Paris에서 15박을 이렇게 보낸다,reference,64,0,0,52a01932e13df705
paris#002,source/CURRENT/20_Regions/paris.md,3,이번 15박 체류의 핵심,reference,64,0,0,b25c6ffcaa919485
paris#003,source/CURRENT/20_Regions/paris.md,2,일정,reference,237,0,0,8b0da416e01db062
paris#004,source/CURRENT/20_Regions/paris.md,2,숙소와 15구 생활권,reference,0,0,0,
paris#005,source/CURRENT/20_Regions/paris.md,4,숙소와 15구 생활권,reference,65,0,0,6d91d915c67c7108
paris#006,source/CURRENT/20_Regions/paris.md,4,아침 운동,reference,21,0,0,281ab477764a90b4
paris#007,source/CURRENT/20_Regions/paris.md,2,Paris에서 이동하기,reference,0,0,0,
paris#008,source/CURRENT/20_Regions/paris.md,4,평소에는 Metro와 도보,reference,28,0,0,374c5fa1ea717205
paris#009,source/CURRENT/20_Regions/paris.md,4,오후 일정은 생활권에서 한 번에 이동,reference,22,0,0,8858dbd0f0f9c071
paris#010,source/CURRENT/20_Regions/paris.md,4,대중교통 이용권 전략,reference,108,0,0,caa7aa42ec6eab30
paris#011,source/CURRENT/20_Regions/paris.md,4,근교일은 철도,reference,13,0,0,c550adf0e73b1627
paris#012,source/CURRENT/20_Regions/paris.md,4,출국일은 CDG 이동,reference,31,0,0,7ddcf445200f0d88
paris#013,source/CURRENT/20_Regions/paris.md,2,먹고 장보기,reference,0,0,0,
paris#014,source/CURRENT/20_Regions/paris.md,3,15구에서 반복해서 이용하기,reference,65,2,0,66dab44a6a372173
paris#015,source/CURRENT/20_Regions/paris.md,3,시장과 장보기,reference,29,0,0,747a2def2e3782fb
paris#016,source/CURRENT/20_Regions/paris.md,3,Paris에서 맛볼 식재료와 음식,reference,92,0,0,2afc6aaecf08333e
paris#017,source/CURRENT/20_Regions/paris.md,3,일정에서 이용하는 식당과 카페,reference,0,0,0,
paris#018,source/CURRENT/20_Regions/paris.md,4,방문 업소,reference,52,3,0,adad084d087f8604
paris#019,source/CURRENT/20_Regions/paris.md,4,식사 원칙,reference,22,0,0,b62a54a31fcef413
abbaye-de-senanque#000,source/CURRENT/30_Places/abbaye-de-senanque.md,0,(preamble),reference,50,0,0,39c8b10bc8218774
abbaye-de-senanque#001,source/CURRENT/30_Places/abbaye-de-senanque.md,2,현장 실행,reference,52,0,0,6ac6c6dd8f89358d
abbaye-de-senanque#002,source/CURRENT/30_Places/abbaye-de-senanque.md,3,Trip Layer,reference,35,0,0,b449c1109d56a062
abbaye-de-senanque#003,source/CURRENT/30_Places/abbaye-de-senanque.md,2,왜 가는가,reference,74,0,0,c4eb3765edd49a89
abbaye-de-senanque#004,source/CURRENT/30_Places/abbaye-de-senanque.md,3,Editor's Verdict,reference,78,0,0,759278ce12bfab2b
abbaye-de-senanque#005,source/CURRENT/30_Places/abbaye-de-senanque.md,2,더 깊이,reference,0,0,0,
abbaye-de-senanque#006,source/CURRENT/30_Places/abbaye-de-senanque.md,3,1. 장식을 없앤 것이 곧 설계다 (알아야 보인다),reference,83,0,0,4b238d427ffdfd62
abbaye-de-senanque#007,source/CURRENT/30_Places/abbaye-de-senanque.md,3,2. 살아있는 현역 수도원,reference,25,0,0,efc7445cc2e7a9a0
abbaye-de-senanque#008,source/CURRENT/30_Places/abbaye-de-senanque.md,3,3. Don't Miss & Look Closer,reference,40,0,0,7ec2eb60f137c296
abbaye-de-senanque#009,source/CURRENT/30_Places/abbaye-de-senanque.md,2,실용 & 주차/에티켓,reference,96,0,0,a15af40d975305f7
annecy#000,source/CURRENT/30_Places/annecy.md,0,(preamble),reference,59,0,0,53af249b6ab48587
annecy#001,source/CURRENT/30_Places/annecy.md,2,왜 가는가,reference,94,0,0,a8f22fb1506f97a1
annecy#002,source/CURRENT/30_Places/annecy.md,3,Editor's Verdict,reference,105,0,0,dd9f3611c894ac4d
annecy#003,source/CURRENT/30_Places/annecy.md,2,더 깊이,reference,0,0,0,
annecy#004,source/CURRENT/30_Places/annecy.md,3,1. 운하와 호수의 3대 랜드마크 (알아야 보인다),reference,124,0,0,091aa6c6d087e025
annecy#005,source/CURRENT/30_Places/annecy.md,3,2. 사부아(Savoie) 전통 미식 가이드,reference,68,0,0,dba7a3c54184f926
annecy#006,source/CURRENT/30_Places/annecy.md,3,3. 추천 당일치기 도보 동선 (약 3km),reference,82,0,0,967a53cfa154d08a
annecy#007,source/CURRENT/30_Places/annecy.md,2,실용 & 교통/이동,reference,108,0,0,85518069c2dc031c
arenes-d-arles#000,source/CURRENT/30_Places/arenes-d-arles.md,0,(preamble),reference,64,0,0,af092f78e67e809e
arenes-d-arles#001,source/CURRENT/30_Places/arenes-d-arles.md,2,왜 가는가,reference,81,0,0,e403fae76974405e
arenes-d-arles#002,source/CURRENT/30_Places/arenes-d-arles.md,3,Editor's Verdict,reference,95,0,0,21ab2776044e2d32
arenes-d-arles#003,source/CURRENT/30_Places/arenes-d-arles.md,2,더 깊이,reference,0,0,0,
arenes-d-arles#004,source/CURRENT/30_Places/arenes-d-arles.md,3,1. 경기장이 요새 마을이 된 천 년의 역사 (알아야 보인다),reference,80,0,0,1b9bc4457a24a701
arenes-d-arles#005,source/CURRENT/30_Places/arenes-d-arles.md,3,2. 관람석(Cavea)과 관중 분산 시스템 (Vomitoria),reference,40,0,0,b44fe932a1b4d726
arenes-d-arles#006,source/CURRENT/30_Places/arenes-d-arles.md,3,3. Don't Miss & Look Closer,reference,49,0,0,d5aacba7a4c263c1
arenes-d-arles#007,source/CURRENT/30_Places/arenes-d-arles.md,2,실용 & 티켓/관람 팁,reference,94,0,0,944961f29e07be8c
arenes-de-nimes#000,source/CURRENT/30_Places/arenes-de-nimes.md,0,(preamble),reference,68,0,0,9fa699c0c44ed9df
arenes-de-nimes#001,source/CURRENT/30_Places/arenes-de-nimes.md,2,왜 가는가,reference,112,0,0,3c424894da8574ac
arenes-de-nimes#002,source/CURRENT/30_Places/arenes-de-nimes.md,3,Editor's Verdict,reference,90,0,0,2670f7aea6718dbc
arenes-de-nimes#003,source/CURRENT/30_Places/arenes-de-nimes.md,2,더 깊이,reference,0,0,0,
arenes-de-nimes#004,source/CURRENT/30_Places/arenes-de-nimes.md,3,1. 완벽한 보존과 방사형 관중 분산 시스템 (알아야 보인다),reference,61,0,0,ccf7ca1c83188919
arenes-de-nimes#005,source/CURRENT/30_Places/arenes-de-nimes.md,3,2. 검투사 경기와 맹수 사냥의 현장,reference,40,0,0,ab5eb4530e36c84e
arenes-de-nimes#006,source/CURRENT/30_Places/arenes-de-nimes.md,3,3. Don't Miss & Look Closer,reference,50,0,0,c3215d96412b251b
arenes-de-nimes#007,source/CURRENT/30_Places/arenes-de-nimes.md,2,실용 & 티켓/관람 팁,reference,78,0,0,0c7df8060f417cb0
arles#000,source/CURRENT/30_Places/arles.md,0,(preamble),reference,53,0,0,bf714bdf52f279e8
arles#001,source/CURRENT/30_Places/arles.md,2,왜 가는가,reference,79,0,0,71625d8013a62a1a
arles#002,source/CURRENT/30_Places/arles.md,3,Editor's Verdict,reference,109,0,0,c5350a70fa2c18b7
arles#003,source/CURRENT/30_Places/arles.md,2,더 깊이,reference,0,0,0,
arles#004,source/CURRENT/30_Places/arles.md,3,1. 세 가지 지층이 겹치는 도시 구조 (알아야 보인다),reference,54,0,0,c8adeae5f9b10687
arles#005,source/CURRENT/30_Places/arles.md,3,2. 반 고흐의 흔적 — 사실과 현장의 구분,reference,79,0,0,b6b489c39f6cca19
arles#006,source/CURRENT/30_Places/arles.md,3,"3. 추천 시티 워크 동선 (Classic Arles Walk, 약 3.5km)",reference,95,0,0,964af64ef14d4343
arles#007,source/CURRENT/30_Places/arles.md,2,실용 & 교통/패스,reference,110,0,0,667de764e4103ac0
atelier-des-lauves#000,source/CURRENT/30_Places/atelier-des-lauves.md,0,(preamble),reference,66,0,0,bb7adad799bc3d8f
atelier-des-lauves#001,source/CURRENT/30_Places/atelier-des-lauves.md,2,왜 가는가,reference,85,0,0,ab4a06cb8305ed06
atelier-des-lauves#002,source/CURRENT/30_Places/atelier-des-lauves.md,3,Editor's Verdict,reference,100,0,0,6e313beb7d9a5af2
atelier-des-lauves#003,source/CURRENT/30_Places/atelier-des-lauves.md,2,더 깊이,reference,0,0,0,
atelier-des-lauves#004,source/CURRENT/30_Places/atelier-des-lauves.md,3,1. 공간 자체가 하나의 도구다 (알아야 보인다),reference,108,0,0,fcda4e2b95bfb286
atelier-des-lauves#005,source/CURRENT/30_Places/atelier-des-lauves.md,3,2. 2026년 리뉴얼과 접근성 개선,reference,38,0,0,a39cfa61cc95ea28
atelier-des-lauves#006,source/CURRENT/30_Places/atelier-des-lauves.md,3,3. Don't Miss & Look Closer,reference,37,0,0,43e820554d4346fe
atelier-des-lauves#007,source/CURRENT/30_Places/atelier-des-lauves.md,2,실용,reference,106,0,0,1057d3db25a3bd80
bar-canete#000,source/CURRENT/30_Places/bar-canete.md,0,(preamble),reference,54,0,0,f6f5662305d5e926
bar-canete#001,source/CURRENT/30_Places/bar-canete.md,2,왜 가는가,reference,77,0,0,306fe5c6bcaaab03
bar-canete#002,source/CURRENT/30_Places/bar-canete.md,3,Editor's Verdict,reference,56,0,0,730ec293c80424e7
bar-canete#003,source/CURRENT/30_Places/bar-canete.md,2,더 깊이,reference,0,0,0,
bar-canete#004,source/CURRENT/30_Places/bar-canete.md,3,1. 바 카운터(Barra)와 식탁(Mantel)의 조화,reference,24,0,0,02e117e068893cea
bar-canete#005,source/CURRENT/30_Places/bar-canete.md,3,2. 시그니처 추천 타파스,reference,68,0,0,131b9cd542980057
bar-canete#006,source/CURRENT/30_Places/bar-canete.md,3,3. 과하지 않게 주문하는 법,reference,67,0,0,249cc295151ab789
bar-canete#007,source/CURRENT/30_Places/bar-canete.md,2,실용,reference,73,2,0,f2c3c719a98390f7
barcelona-sants#000,source/CURRENT/30_Places/barcelona-sants.md,0,(preamble),reference,27,0,0,f17096c91d54445e
barcelona-sants#001,source/CURRENT/30_Places/barcelona-sants.md,2,더 깊이,reference,48,0,0,ba15b6350aed4c1e
barri-gotic#000,source/CURRENT/30_Places/barri-gotic.md,0,(preamble),reference,45,0,0,8f3aecd68f27fa3b
barri-gotic#001,source/CURRENT/30_Places/barri-gotic.md,2,왜 가는가,reference,136,0,0,01233a9140ca7502
barri-gotic#002,source/CURRENT/30_Places/barri-gotic.md,3,Editor's Verdict,reference,90,0,0,487805f80fa3d99c
barri-gotic#003,source/CURRENT/30_Places/barri-gotic.md,2,더 깊이,reference,0,0,0,
barri-gotic#004,source/CURRENT/30_Places/barri-gotic.md,3,1. 2천 년의 지층 — 로마 바르시노에서 중세까지,reference,60,0,0,8b244d0420ca740b
barri-gotic#005,source/CURRENT/30_Places/barri-gotic.md,3,2. 펠립 네리 광장 (Plaça de Sant Felip Neri) — 비극과 고요의 공간,reference,59,0,0,b1db5d246f7d759d
barri-gotic#006,source/CURRENT/30_Places/barri-gotic.md,3,3. 자우메 광장 (Plaça de Sant Jaume) — 카탈루냐 정치의 심장,reference,39,0,0,30ff0a7821b30c45
barri-gotic#007,source/CURRENT/30_Places/barri-gotic.md,3,4. Don't Miss & Look Closer,reference,83,0,0,b23e91868b54f1ae
barri-gotic#008,source/CURRENT/30_Places/barri-gotic.md,2,실용,reference,108,0,0,e7e60165405cb629
bastide-du-jas-de-bouffan#000,source/CURRENT/30_Places/bastide-du-jas-de-bouffan.md,0,(preamble),reference,67,0,0,494e4fb2bb671868
bastide-du-jas-de-bouffan#001,source/CURRENT/30_Places/bastide-du-jas-de-bouffan.md,2,왜 가는가,reference,70,0,0,f014c5844708c14d
bastide-du-jas-de-bouffan#002,source/CURRENT/30_Places/bastide-du-jas-de-bouffan.md,3,Editor's Verdict,reference,82,0,0,0c50dd02d2a5c5ed
bastide-du-jas-de-bouffan#003,source/CURRENT/30_Places/bastide-du-jas-de-bouffan.md,2,더 깊이,reference,0,0,0,
bastide-du-jas-de-bouffan#004,source/CURRENT/30_Places/bastide-du-jas-de-bouffan.md,3,1. 살롱 벽화와 화가의 시작 (알아야 보인다),reference,72,0,0,1e6a38efccec38e6
bastide-du-jas-de-bouffan#005,source/CURRENT/30_Places/bastide-du-jas-de-bouffan.md,3,2. 2026년 복원 재개관,reference,34,0,0,c91107e94dcd95c0
bastide-du-jas-de-bouffan#006,source/CURRENT/30_Places/bastide-du-jas-de-bouffan.md,3,3. Don't Miss & Look Closer,reference,39,0,0,ea8c14dad14fa214
bastide-du-jas-de-bouffan#007,source/CURRENT/30_Places/bastide-du-jas-de-bouffan.md,2,실용,reference,100,0,0,884bce1628c479a3
bellecour#000,source/CURRENT/30_Places/bellecour.md,0,(preamble),reference,50,0,0,fb9fe4d8dc0b1e86
bellecour#001,source/CURRENT/30_Places/bellecour.md,2,왜 가는가,reference,78,0,0,9e3e1c719f92aed6
bellecour#002,source/CURRENT/30_Places/bellecour.md,3,Editor's Verdict,reference,85,0,0,d247d6ba27d25266
bellecour#003,source/CURRENT/30_Places/bellecour.md,2,더 깊이,reference,0,0,0,
bellecour#004,source/CURRENT/30_Places/bellecour.md,3,1. 도시의 공간 축과 루이 14세 기마상 (알아야 보인다),reference,73,0,0,b757af488965142c
bellecour#005,source/CURRENT/30_Places/bellecour.md,3,2. 생텍쥐페리와 어린 왕자 동상,reference,37,0,0,03996ce2c8936e07
bellecour#006,source/CURRENT/30_Places/bellecour.md,3,3. Don't Miss & Look Closer,reference,32,0,0,8a4c70618d19aed9
bellecour#007,source/CURRENT/30_Places/bellecour.md,2,실용 & 교통,reference,45,0,0,f59a49c610c20ac1
biblioteca-de-catalunya#000,source/CURRENT/30_Places/biblioteca-de-catalunya.md,0,(preamble),reference,54,0,0,2dfd7d2ff96ee593
biblioteca-de-catalunya#001,source/CURRENT/30_Places/biblioteca-de-catalunya.md,2,왜 가는가,reference,107,0,0,abc9aaf5a7d7bd50
biblioteca-de-catalunya#002,source/CURRENT/30_Places/biblioteca-de-catalunya.md,3,Editor's Verdict,reference,69,0,0,0453c3f22c7430a6
biblioteca-de-catalunya#003,source/CURRENT/30_Places/biblioteca-de-catalunya.md,2,더 깊이,reference,0,0,0,
biblioteca-de-catalunya#004,source/CURRENT/30_Places/biblioteca-de-catalunya.md,3,1. 병동 아치 아래 꽂힌 책들,reference,36,0,0,1c9345f86186995b
biblioteca-de-catalunya#005,source/CURRENT/30_Places/biblioteca-de-catalunya.md,3,2. 구 산타 크레우 병원 중정 (Pati de la Santa Creu),reference,35,0,0,549ebe85ba244b21
biblioteca-de-catalunya#006,source/CURRENT/30_Places/biblioteca-de-catalunya.md,3,3. Don't Miss,reference,41,0,0,51b9bc35d0cbdb77
biblioteca-de-catalunya#007,source/CURRENT/30_Places/biblioteca-de-catalunya.md,2,실용,reference,68,1,0,d130dced25ef12df
bnf-richelieu#000,source/CURRENT/30_Places/bnf-richelieu.md,0,(preamble),reference,59,0,0,e99f06d0e013657e
bnf-richelieu#001,source/CURRENT/30_Places/bnf-richelieu.md,2,왜 가는가,reference,96,0,0,618d6eea87231085
bnf-richelieu#002,source/CURRENT/30_Places/bnf-richelieu.md,3,Editor's Verdict,reference,106,0,0,418d07fd6de71b89
bnf-richelieu#003,source/CURRENT/30_Places/bnf-richelieu.md,2,더 깊이,reference,0,0,0,
bnf-richelieu#004,source/CURRENT/30_Places/bnf-richelieu.md,3,1. 두 개의 전설적인 열람실 (알아야 보인다),reference,85,0,0,04a81539e14e7bf7
bnf-richelieu#005,source/CURRENT/30_Places/bnf-richelieu.md,3,2. BnF 박물관 (Musée de la BnF) & 마자랭 갤러리,reference,37,0,0,4c5c02fc70ab38c7
bnf-richelieu#006,source/CURRENT/30_Places/bnf-richelieu.md,3,3. Don't Miss & Look Closer,reference,37,0,0,ba44e86063544ea2
bnf-richelieu#007,source/CURRENT/30_Places/bnf-richelieu.md,2,실용 & 위치/운영,reference,84,0,0,0c6bba8a17192c6c
bodega-joan#000,source/CURRENT/30_Places/bodega-joan.md,0,(preamble),reference,50,0,0,8f5ed7f2249bf6ed
bodega-joan#001,source/CURRENT/30_Places/bodega-joan.md,2,왜 가는가,reference,69,0,0,f767e426d173ed6a
bodega-joan#002,source/CURRENT/30_Places/bodega-joan.md,3,Editor's Verdict,reference,61,0,0,de34432459d8d014
bodega-joan#003,source/CURRENT/30_Places/bodega-joan.md,2,더 깊이,reference,0,0,0,
bodega-joan#004,source/CURRENT/30_Places/bodega-joan.md,3,1. 1942년 에이샴플레의 살아있는 보데가,reference,21,0,0,1d89fb78fee72e11
bodega-joan#005,source/CURRENT/30_Places/bodega-joan.md,3,2. 대표 메뉴와 주문 추천,reference,64,0,0,ca9dc5c3c03fbd8b
bodega-joan#006,source/CURRENT/30_Places/bodega-joan.md,3,3. 예산에 맞춘 2인 주문 예시,reference,88,0,0,92190c4a47336899
bodega-joan#007,source/CURRENT/30_Places/bodega-joan.md,2,실용,reference,76,2,0,45c5ed8058a86b84
bonnieux#000,source/CURRENT/30_Places/bonnieux.md,0,(preamble),reference,39,0,0,acf2c20ba28c842f
bonnieux#001,source/CURRENT/30_Places/bonnieux.md,2,현장 실행,reference,63,0,0,d861711361a03e7a
bonnieux#002,source/CURRENT/30_Places/bonnieux.md,3,Trip Layer,reference,10,0,0,3b979640831fc9eb
bonnieux#003,source/CURRENT/30_Places/bonnieux.md,2,왜 가는가,reference,75,0,0,2cf5109689a4774b
bonnieux#004,source/CURRENT/30_Places/bonnieux.md,3,Editor's Verdict,reference,87,0,0,1593d215c95a22e9
bonnieux#005,source/CURRENT/30_Places/bonnieux.md,2,더 깊이,reference,0,0,0,
bonnieux#006,source/CURRENT/30_Places/bonnieux.md,3,1. 라코스트와의 대칭 구조 (알아야 보인다),reference,55,0,0,51f9550f587e4dc7
bonnieux#007,source/CURRENT/30_Places/bonnieux.md,3,2. 제빵과 농업의 역사,reference,23,0,0,479be74f52f7fea1
bonnieux#008,source/CURRENT/30_Places/bonnieux.md,3,3. Don't Miss & Look Closer,reference,41,0,0,cb77c0e0ff32e3f9
bonnieux#009,source/CURRENT/30_Places/bonnieux.md,2,실용 & 주차,reference,67,0,0,e09e447313ed3d85
bouillon-chartier-montparnasse#000,source/CURRENT/30_Places/bouillon-chartier-montparnasse.md,0,(preamble),reference,57,0,0,236b6d24a0c48d5a
bouillon-chartier-montparnasse#001,source/CURRENT/30_Places/bouillon-chartier-montparnasse.md,2,왜 가는가,reference,101,0,0,b805f14ed34e0d09
bouillon-chartier-montparnasse#002,source/CURRENT/30_Places/bouillon-chartier-montparnasse.md,3,Editor's Verdict,reference,71,0,0,646175d9522215dc
bouillon-chartier-montparnasse#003,source/CURRENT/30_Places/bouillon-chartier-montparnasse.md,2,더 깊이,reference,0,0,0,
bouillon-chartier-montparnasse#004,source/CURRENT/30_Places/bouillon-chartier-montparnasse.md,3,1. 부이용(Bouillon)이란?,reference,24,0,0,939d27b532a5530d
bouillon-chartier-montparnasse#005,source/CURRENT/30_Places/bouillon-chartier-montparnasse.md,3,2. 추천 가성비 대표 메뉴,reference,57,0,0,fc12be4ec72a2723
bouillon-chartier-montparnasse#006,source/CURRENT/30_Places/bouillon-chartier-montparnasse.md,2,실용,reference,74,1,0,2038b3121fa76ff0
boulangerie-pichard#000,source/CURRENT/30_Places/boulangerie-pichard.md,0,(preamble),reference,59,0,0,692d49e5c5e0dabe
boulangerie-pichard#001,source/CURRENT/30_Places/boulangerie-pichard.md,2,왜 가는가,reference,99,0,0,e2025e5751e1c351
boulangerie-pichard#002,source/CURRENT/30_Places/boulangerie-pichard.md,3,Editor's Verdict,reference,73,0,0,88d42613e77232c2
boulangerie-pichard#003,source/CURRENT/30_Places/boulangerie-pichard.md,2,더 깊이,reference,0,0,0,
boulangerie-pichard#004,source/CURRENT/30_Places/boulangerie-pichard.md,3,1. 바게트 트라디시옹(Tradition)과 일반 바게트의 차이,reference,34,0,0,0f30ce1ca07d3140
boulangerie-pichard#005,source/CURRENT/30_Places/boulangerie-pichard.md,3,2. 추천 대표 품목,reference,55,0,0,acc0fc677b3906ba
boulangerie-pichard#006,source/CURRENT/30_Places/boulangerie-pichard.md,2,실용,reference,76,1,0,a8bb2db208badb04
bourse-de-commerce-pinault-collection#000,source/CURRENT/30_Places/bourse-de-commerce-pinault-collection.md,0,(preamble),reference,64,0,0,dfb0cfb492df39d4
bourse-de-commerce-pinault-collection#001,source/CURRENT/30_Places/bourse-de-commerce-pinault-collection.md,2,왜 가는가,reference,92,0,0,b3c02463a881e077
bourse-de-commerce-pinault-collection#002,source/CURRENT/30_Places/bourse-de-commerce-pinault-collection.md,3,Editor's Verdict,reference,91,0,0,9a6a4e37d038df42
bourse-de-commerce-pinault-collection#003,source/CURRENT/30_Places/bourse-de-commerce-pinault-collection.md,2,더 깊이,reference,0,0,0,
bourse-de-commerce-pinault-collection#004,source/CURRENT/30_Places/bourse-de-commerce-pinault-collection.md,3,1. 세 세기가 겹쳐진 건축의 기적 (알아야 보인다),reference,58,0,0,0608273ef2c550d2
bourse-de-commerce-pinault-collection#005,source/CURRENT/30_Places/bourse-de-commerce-pinault-collection.md,3,2. Don't Miss & Look Closer,reference,45,0,0,da73ad4b73a9c33d
bourse-de-commerce-pinault-collection#006,source/CURRENT/30_Places/bourse-de-commerce-pinault-collection.md,2,실용 & 위치/운영,reference,81,0,0,e31c1d4d8c78fbd7
cafe-comptoir-abel#000,source/CURRENT/30_Places/cafe-comptoir-abel.md,0,(preamble),reference,62,0,0,104d5d283aa2d043
cafe-comptoir-abel#001,source/CURRENT/30_Places/cafe-comptoir-abel.md,2,왜 가는가,reference,98,0,0,283a9467d0a28db9
cafe-comptoir-abel#002,source/CURRENT/30_Places/cafe-comptoir-abel.md,3,Editor's Verdict,reference,62,0,0,5c89297f090a4837
cafe-comptoir-abel#003,source/CURRENT/30_Places/cafe-comptoir-abel.md,2,더 깊이,reference,0,0,0,
cafe-comptoir-abel#004,source/CURRENT/30_Places/cafe-comptoir-abel.md,3,1. 메르(Mères Lyonnaises)의 요리 유산,reference,30,0,0,c5a3fe059337a755
cafe-comptoir-abel#005,source/CURRENT/30_Places/cafe-comptoir-abel.md,3,2. 추천 대표 메뉴,reference,72,0,0,fa3d2ffbc2914c6e
cafe-comptoir-abel#006,source/CURRENT/30_Places/cafe-comptoir-abel.md,2,실용,reference,74,2,0,bf162e472ce89bfd
cafe-du-commerce#000,source/CURRENT/30_Places/cafe-du-commerce.md,0,(preamble),reference,62,0,0,a16ad885c06e2cad
cafe-du-commerce#001,source/CURRENT/30_Places/cafe-du-commerce.md,2,왜 가는가,reference,92,0,0,18e85c8a5a18f18f
cafe-du-commerce#002,source/CURRENT/30_Places/cafe-du-commerce.md,3,Editor's Verdict,reference,80,0,0,56fe108fa31db4fa
cafe-du-commerce#003,source/CURRENT/30_Places/cafe-du-commerce.md,2,더 깊이,reference,0,0,0,
cafe-du-commerce#004,source/CURRENT/30_Places/cafe-du-commerce.md,3,1. 1920년대 벨에포크·아르데코의 공간미,reference,26,0,0,fce8b6ba43e6e1a3
cafe-du-commerce#005,source/CURRENT/30_Places/cafe-du-commerce.md,3,2. 추천 대표 메뉴,reference,65,0,0,b59a28aea79edf5d
cafe-du-commerce#006,source/CURRENT/30_Places/cafe-du-commerce.md,2,실용,reference,78,1,0,03369c3add7ca98e
calanques#000,source/CURRENT/30_Places/calanques.md,0,(preamble),reference,56,0,0,0f5ea99947f5d90f
calanques#001,source/CURRENT/30_Places/calanques.md,2,왜 가는가,reference,65,0,0,4140d2b73ae41a1d
calanques#002,source/CURRENT/30_Places/calanques.md,3,Editor's Verdict,reference,84,0,0,8c8536e6dac3e051
calanques#003,source/CURRENT/30_Places/calanques.md,2,더 깊이,reference,0,0,0,
calanques#004,source/CURRENT/30_Places/calanques.md,3,1. 두 가지 접근 방식과 선택 기준 (알아야 보인다),reference,58,0,0,eccc6282b61883c6
calanques#005,source/CURRENT/30_Places/calanques.md,3,2. 대표적인 3대 칼랑크,reference,47,0,0,12baeeff69aaa9ca
calanques#006,source/CURRENT/30_Places/calanques.md,2,실용,reference,92,0,0,4840a3072d2fa599
calella-de-palafrugell#000,source/CURRENT/30_Places/calella-de-palafrugell.md,0,(preamble),reference,55,0,0,934694cd93c0eb41
calella-de-palafrugell#001,source/CURRENT/30_Places/calella-de-palafrugell.md,2,왜 가는가,reference,87,0,0,a176fc3dd8772578
calella-de-palafrugell#002,source/CURRENT/30_Places/calella-de-palafrugell.md,3,Editor's Verdict,reference,78,0,0,af0960c29ddc7d75
calella-de-palafrugell#003,source/CURRENT/30_Places/calella-de-palafrugell.md,2,더 깊이,reference,0,0,0,
calella-de-palafrugell#004,source/CURRENT/30_Places/calella-de-palafrugell.md,3,1. 카미 데 론다 (Camí de Ronda) — 밀수꾼의 순찰로에서 세계적 트레일로,reference,38,0,0,b53ea721bff9cbc1
calella-de-palafrugell#005,source/CURRENT/30_Places/calella-de-palafrugell.md,3,2. Don't Miss,reference,50,0,0,879672b14916564b
calella-de-palafrugell#006,source/CURRENT/30_Places/calella-de-palafrugell.md,2,실용,reference,67,0,0,b961323eb7629605
cannes-walk#000,source/CURRENT/30_Places/cannes-walk.md,0,(preamble),reference,56,0,0,34b5213e834c03e7
cannes-walk#001,source/CURRENT/30_Places/cannes-walk.md,2,왜 가는가,reference,17,0,0,76718180b7d6d200
cannes-walk#002,source/CURRENT/30_Places/cannes-walk.md,3,Editor's Verdict,reference,49,0,0,9ab2f64616522dba
cannes-walk#003,source/CURRENT/30_Places/cannes-walk.md,2,더 깊이,reference,0,0,0,
cannes-walk#004,source/CURRENT/30_Places/cannes-walk.md,3,1. 도보 경로 및 관찰 지점,reference,72,0,0,538acf231789a616
cannes-walk#005,source/CURRENT/30_Places/cannes-walk.md,2,실용,reference,33,0,0,0e5d2428fe0f94fc
cannes#000,source/CURRENT/30_Places/cannes.md,0,(preamble),reference,48,0,0,b25391f1264899dc
cannes#001,source/CURRENT/30_Places/cannes.md,2,왜 가는가,reference,92,0,0,9d13e6e0edcdb458
cannes#002,source/CURRENT/30_Places/cannes.md,3,Editor's Verdict,reference,68,0,0,f345dc4a4c0aeb71
cannes#003,source/CURRENT/30_Places/cannes.md,2,더 깊이,reference,0,0,0,
cannes#004,source/CURRENT/30_Places/cannes.md,3,1. 영화제의 붉은 카펫과 스타의 거리,reference,27,0,0,75456aa9d6aa66bd
cannes#005,source/CURRENT/30_Places/cannes.md,3,2. 크루아제트 대로 (Boulevard de la Croisette),reference,29,0,0,b69bea7de2f671ba
cannes#006,source/CURRENT/30_Places/cannes.md,3,3. Don't Miss & Look Closer,reference,42,0,0,1f345fb1e1033064
cannes#007,source/CURRENT/30_Places/cannes.md,2,실용,reference,88,0,0,22366994be30040a
carrieres-de-bibemus#000,source/CURRENT/30_Places/carrieres-de-bibemus.md,0,(preamble),reference,57,0,0,e0eb7e5aa9e3843e
carrieres-de-bibemus#001,source/CURRENT/30_Places/carrieres-de-bibemus.md,2,왜 가는가,reference,68,0,0,f300ed3e793f1fb0
carrieres-de-bibemus#002,source/CURRENT/30_Places/carrieres-de-bibemus.md,3,Editor's Verdict,reference,80,0,0,15a929c87f7cfbf2
carrieres-de-bibemus#003,source/CURRENT/30_Places/carrieres-de-bibemus.md,2,더 깊이,reference,0,0,0,
carrieres-de-bibemus#004,source/CURRENT/30_Places/carrieres-de-bibemus.md,3,1. 직각의 암반과 큐비즘의 태동 (알아야 보인다),reference,77,0,0,5c1e5e9c3cee2d07
carrieres-de-bibemus#005,source/CURRENT/30_Places/carrieres-de-bibemus.md,3,2. Don't Miss & Look Closer,reference,34,0,0,5b8313e4bb665059
carrieres-de-bibemus#006,source/CURRENT/30_Places/carrieres-de-bibemus.md,2,실용,reference,94,0,0,06a3033637f3aa0c
carrieres-des-lumieres#000,source/CURRENT/30_Places/carrieres-des-lumieres.md,0,(preamble),reference,61,0,0,fec187fcf199e4f2
carrieres-des-lumieres#001,source/CURRENT/30_Places/carrieres-des-lumieres.md,2,왜 가는가,reference,78,0,0,d0c5f1761526f2e1
carrieres-des-lumieres#002,source/CURRENT/30_Places/carrieres-des-lumieres.md,3,Editor's Verdict,reference,89,0,0,06a5520b9e87981e
carrieres-des-lumieres#003,source/CURRENT/30_Places/carrieres-des-lumieres.md,2,더 깊이,reference,0,0,0,
carrieres-des-lumieres#004,source/CURRENT/30_Places/carrieres-des-lumieres.md,3,1. 채석장에서 예술 공간으로 (알아야 보인다),reference,49,0,0,0b06e7551297ac74
carrieres-des-lumieres#005,source/CURRENT/30_Places/carrieres-des-lumieres.md,3,2. 관람 팁 & 복장 주의사항,reference,40,0,0,35084164d0e98d03
carrieres-des-lumieres#006,source/CURRENT/30_Places/carrieres-des-lumieres.md,3,3. Don't Miss & Look Closer,reference,41,0,0,8e2601c82c33b3a4
carrieres-des-lumieres#007,source/CURRENT/30_Places/carrieres-des-lumieres.md,2,실용 & 예약/주차,reference,83,0,0,a7fed86ce66b6758
casa-marieta#000,source/CURRENT/30_Places/casa-marieta.md,0,(preamble),reference,53,0,0,2e681ebedbff25d8
casa-marieta#001,source/CURRENT/30_Places/casa-marieta.md,2,왜 가는가,reference,73,0,0,4f9fd547c6f1ae21
casa-marieta#002,source/CURRENT/30_Places/casa-marieta.md,3,Editor's Verdict,reference,62,0,0,b2df05778de7181b
casa-marieta#003,source/CURRENT/30_Places/casa-marieta.md,2,더 깊이,reference,0,0,0,
casa-marieta#004,source/CURRENT/30_Places/casa-marieta.md,3,1. 1892년 광장의 터줏대감,reference,21,0,0,993da086a99d7290
casa-marieta#005,source/CURRENT/30_Places/casa-marieta.md,3,2. 추천 전통 요리,reference,64,0,0,46347d264d246cec
casa-marieta#006,source/CURRENT/30_Places/casa-marieta.md,2,실용,reference,70,2,0,7a231585f2bc5541
cassis#000,source/CURRENT/30_Places/cassis.md,0,(preamble),reference,54,0,0,cec35d24d75cf51e
cassis#001,source/CURRENT/30_Places/cassis.md,2,왜 가는가,reference,66,0,0,141867d734122363
cassis#002,source/CURRENT/30_Places/cassis.md,3,Editor's Verdict,reference,80,0,0,8c7d4b0e2595da08
cassis#003,source/CURRENT/30_Places/cassis.md,2,더 깊이,reference,0,0,0,
cassis#004,source/CURRENT/30_Places/cassis.md,3,1. 카시스 화이트 와인 (AOC Cassis) (알아야 보인다),reference,40,0,0,d48bba29c65bd1ea
cassis#005,source/CURRENT/30_Places/cassis.md,3,2. 캅 카나유 (Cap Canaille),reference,18,0,0,90fc7e22216e165d
cassis#006,source/CURRENT/30_Places/cassis.md,3,3. Don't Miss & Look Closer,reference,44,0,0,04391c8da4c8052d
cassis#007,source/CURRENT/30_Places/cassis.md,2,실용,reference,65,0,0,613556eb8c95fe9d
cau-ferrat#000,source/CURRENT/30_Places/cau-ferrat.md,0,(preamble),reference,34,0,0,833ed2c5bcd4c9f2
cau-ferrat#001,source/CURRENT/30_Places/cau-ferrat.md,2,왜 가는가,reference,63,0,0,bc1b33a9d7e5be87
cau-ferrat#002,source/CURRENT/30_Places/cau-ferrat.md,2,더 깊이,reference,0,0,0,
cau-ferrat#003,source/CURRENT/30_Places/cau-ferrat.md,3,핵심 — 다섯 번의 축제가 만든 것,reference,67,0,0,e2c331f0f3aca1bb
cau-ferrat#004,source/CURRENT/30_Places/cau-ferrat.md,3,소장품에서 볼 것,reference,78,0,0,0e202b96527f70b3
cau-ferrat#005,source/CURRENT/30_Places/cau-ferrat.md,2,실용,reference,0,0,0,
cau-ferrat#006,source/CURRENT/30_Places/cau-ferrat.md,5,실용,reference,25,0,0,e4458c28fcc16bb5
centre-pompidou#000,source/CURRENT/30_Places/centre-pompidou.md,0,(preamble),reference,57,0,0,6944b6beafcb3732
centre-pompidou#001,source/CURRENT/30_Places/centre-pompidou.md,2,왜 가는가,reference,58,0,0,1643053a9caef810
centre-pompidou#002,source/CURRENT/30_Places/centre-pompidou.md,3,⚠ 중요: 2025–2030년 전면 리노베이션 폐관 안내,reference,91,0,0,f441ff577645c117
centre-pompidou#003,source/CURRENT/30_Places/centre-pompidou.md,2,더 깊이,reference,0,0,0,
centre-pompidou#004,source/CURRENT/30_Places/centre-pompidou.md,3,1. 건축사적 의미 (알아야 보인다),reference,44,0,0,322bb085ff9336cb
centre-pompidou#005,source/CURRENT/30_Places/centre-pompidou.md,3,2. 대체 현대미술관 추천,reference,50,0,0,822b39993dde9e7d
centre-pompidou#006,source/CURRENT/30_Places/centre-pompidou.md,2,실용 & 위치,reference,43,0,0,1e7bc663773b5082
chez-gilbert-cassis#000,source/CURRENT/30_Places/chez-gilbert-cassis.md,0,(preamble),reference,58,0,0,e71c7bade5bb7e9f
chez-gilbert-cassis#001,source/CURRENT/30_Places/chez-gilbert-cassis.md,2,왜 가는가,reference,78,0,0,0e388569b6f96b27
chez-gilbert-cassis#002,source/CURRENT/30_Places/chez-gilbert-cassis.md,3,Editor's Verdict,reference,74,0,0,24a35ba9a4cb4bca
chez-gilbert-cassis#003,source/CURRENT/30_Places/chez-gilbert-cassis.md,2,더 깊이,reference,0,0,0,
chez-gilbert-cassis#004,source/CURRENT/30_Places/chez-gilbert-cassis.md,3,1. 부야베스 서빙 방식 (알아야 맛있다),reference,40,0,0,0580f5ed9ddc3637
chez-gilbert-cassis#005,source/CURRENT/30_Places/chez-gilbert-cassis.md,3,2. 추천 대표 메뉴,reference,64,0,0,23a52039cf3c3c40
chez-gilbert-cassis#006,source/CURRENT/30_Places/chez-gilbert-cassis.md,2,실용,reference,81,2,0,7d816c7b00468c28
chez-mamie-lise#000,source/CURRENT/30_Places/chez-mamie-lise.md,0,(preamble),reference,61,0,0,5392646ccba03c3f
chez-mamie-lise#001,source/CURRENT/30_Places/chez-mamie-lise.md,2,왜 가는가,reference,92,0,0,cbdf21873eeb5f3e
chez-mamie-lise#002,source/CURRENT/30_Places/chez-mamie-lise.md,3,Editor's Verdict,reference,71,0,0,3f1594a8ab5407e8
chez-mamie-lise#003,source/CURRENT/30_Places/chez-mamie-lise.md,2,더 깊이,reference,0,0,0,
chez-mamie-lise#004,source/CURRENT/30_Places/chez-mamie-lise.md,3,1. 사부아 치즈 요리의 원형 (알아야 맛있다),reference,60,0,0,b0a88e1183dbc126
chez-mamie-lise#005,source/CURRENT/30_Places/chez-mamie-lise.md,3,2. 가벼운 식사 팁,reference,27,0,0,077ed2985b72d79c
chez-mamie-lise#006,source/CURRENT/30_Places/chez-mamie-lise.md,2,실용,reference,79,1,0,0fe49ac05dd0731e
cloitre-saint-trophime#000,source/CURRENT/30_Places/cloitre-saint-trophime.md,0,(preamble),reference,57,0,0,72353f278b9a0f16
cloitre-saint-trophime#001,source/CURRENT/30_Places/cloitre-saint-trophime.md,2,왜 가는가,reference,81,0,0,eae1013c68b077ce
cloitre-saint-trophime#002,source/CURRENT/30_Places/cloitre-saint-trophime.md,3,Editor's Verdict,reference,85,0,0,4f009b2eab465047
cloitre-saint-trophime#003,source/CURRENT/30_Places/cloitre-saint-trophime.md,2,더 깊이,reference,0,0,0,
cloitre-saint-trophime#004,source/CURRENT/30_Places/cloitre-saint-trophime.md,3,1. 한 회랑 속의 두 가지 건축 양식 (알아야 보인다),reference,64,0,0,3cccdafdb6db5445
cloitre-saint-trophime#005,source/CURRENT/30_Places/cloitre-saint-trophime.md,3,2. 파사드의 「최후의 심판」 (Portail Royal),reference,36,0,0,9f80194e08b8c470
cloitre-saint-trophime#006,source/CURRENT/30_Places/cloitre-saint-trophime.md,3,3. Don't Miss & Look Closer,reference,43,0,0,d0fa03a4eca56e3b
cloitre-saint-trophime#007,source/CURRENT/30_Places/cloitre-saint-trophime.md,2,실용 & 티켓/정보,reference,75,0,0,e883ec066b91ead6
colline-du-chateau#000,source/CURRENT/30_Places/colline-du-chateau.md,0,(preamble),reference,54,0,0,1505a4857a584b38
colline-du-chateau#001,source/CURRENT/30_Places/colline-du-chateau.md,2,왜 가는가,reference,92,0,0,2b401524f3e319ea
colline-du-chateau#002,source/CURRENT/30_Places/colline-du-chateau.md,3,Editor's Verdict,reference,75,0,0,00f59750091f8fbe
colline-du-chateau#003,source/CURRENT/30_Places/colline-du-chateau.md,2,더 깊이,reference,0,0,0,
colline-du-chateau#004,source/CURRENT/30_Places/colline-du-chateau.md,3,1. 요새의 파괴와 공원화의 역사,reference,38,0,0,22248a9216e42e28
colline-du-chateau#005,source/CURRENT/30_Places/colline-du-chateau.md,3,2. 벨랑다 탑 (Tour Bellanda)과 인공폭포 (Cascade),reference,41,0,0,23359c694eda55cd
colline-du-chateau#006,source/CURRENT/30_Places/colline-du-chateau.md,3,3. Don't Miss & Look Closer,reference,42,0,0,00083c628aac1e75
colline-du-chateau#007,source/CURRENT/30_Places/colline-du-chateau.md,2,실용,reference,89,0,0,5f432777cbf53610
collioure#000,source/CURRENT/30_Places/collioure.md,0,(preamble),reference,42,0,0,e56e31b848027175
collioure#001,source/CURRENT/30_Places/collioure.md,2,왜 가는가,reference,93,0,0,988845d060b47bf5
collioure#002,source/CURRENT/30_Places/collioure.md,3,Editor's Verdict,reference,89,0,0,eeea72e543aa0ff1
collioure#003,source/CURRENT/30_Places/collioure.md,2,더 깊이,reference,0,0,0,
collioure#004,source/CURRENT/30_Places/collioure.md,3,1. 야수파의 길 (Chemin du Fauvisme) — 그림과 현실의 겹침,reference,46,0,0,4d8df3fb67665a92
collioure#005,source/CURRENT/30_Places/collioure.md,3,2. 샤토 로얄 (Château Royal de Collioure),reference,36,0,0,58fd600729befcb4
collioure#006,source/CURRENT/30_Places/collioure.md,3,3. Don't Miss & Look Closer,reference,66,0,0,255765ca64c2797e
collioure#007,source/CURRENT/30_Places/collioure.md,2,실용,reference,104,1,0,0b40e9beed6a5262
cours-mirabeau#000,source/CURRENT/30_Places/cours-mirabeau.md,0,(preamble),reference,51,0,0,d9647ac9cdb6553d
cours-mirabeau#001,source/CURRENT/30_Places/cours-mirabeau.md,2,왜 가는가,reference,86,0,0,fe47bbb9f6379b76
cours-mirabeau#002,source/CURRENT/30_Places/cours-mirabeau.md,3,Editor's Verdict,reference,112,0,0,218cc00bae5aed6c
cours-mirabeau#003,source/CURRENT/30_Places/cours-mirabeau.md,2,더 깊이,reference,0,0,0,
cours-mirabeau#004,source/CURRENT/30_Places/cours-mirabeau.md,3,1. 남북의 비대칭 — 대로를 읽는 법,reference,85,0,0,19c9bc8bb2a5f923
cours-mirabeau#005,source/CURRENT/30_Places/cours-mirabeau.md,3,2. 대로를 가로지르는 4대 분수 (서 → 동),reference,111,0,0,0256c1251e4688fc
cours-mirabeau#006,source/CURRENT/30_Places/cours-mirabeau.md,3,3. 세잔의 흔적과 청년기,reference,27,0,0,eaf8484601272317
cours-mirabeau#007,source/CURRENT/30_Places/cours-mirabeau.md,2,실용,reference,94,0,0,545434c4778eadc9
cours-saleya#000,source/CURRENT/30_Places/cours-saleya.md,0,(preamble),reference,47,0,0,f6bb447f38e166e5
cours-saleya#001,source/CURRENT/30_Places/cours-saleya.md,2,왜 가는가,reference,71,0,0,e74c5541e04d8528
cours-saleya#002,source/CURRENT/30_Places/cours-saleya.md,3,Editor's Verdict,reference,71,0,0,15d75324b81cc65e
cours-saleya#003,source/CURRENT/30_Places/cours-saleya.md,2,더 깊이,reference,0,0,0,
cours-saleya#004,source/CURRENT/30_Places/cours-saleya.md,3,1. 퐁셰트 (Les Ponchettes)와 옥상 산책로,reference,37,0,0,f0bc14d76eb88f95
cours-saleya#005,source/CURRENT/30_Places/cours-saleya.md,3,2. 소카 (Socca) — 니스 노동자들의 영혼의 음식,reference,31,0,0,d29b3bfaca92af5b
cours-saleya#006,source/CURRENT/30_Places/cours-saleya.md,3,3. Don't Miss & Look Closer,reference,43,0,0,f169398d63dd4fd9
cours-saleya#007,source/CURRENT/30_Places/cours-saleya.md,2,실용,reference,77,0,0,ff8ab69d87ffc490
coustellet#000,source/CURRENT/30_Places/coustellet.md,0,(preamble),reference,54,0,0,03cc05af2a74ba4b
coustellet#001,source/CURRENT/30_Places/coustellet.md,2,왜 가는가,reference,75,0,0,298ebfd81eae3ab4
coustellet#002,source/CURRENT/30_Places/coustellet.md,3,Editor's Verdict,reference,82,0,0,cdf4b28765033bbd
coustellet#003,source/CURRENT/30_Places/coustellet.md,2,더 깊이,reference,0,0,0,
coustellet#004,source/CURRENT/30_Places/coustellet.md,3,1. 생산자 시장(Marché Paysan)의 원칙 (알아야 보인다),reference,52,0,0,0ff45478f87b9391
coustellet#005,source/CURRENT/30_Places/coustellet.md,3,2. 주방형 숙소 체류를 위한 장보기 팁,reference,35,0,0,a2860ff124c07182
coustellet#006,source/CURRENT/30_Places/coustellet.md,2,실용 & 주차/운전,reference,84,0,0,1c64e406b129d2c8
croix-rousse#000,source/CURRENT/30_Places/croix-rousse.md,0,(preamble),reference,66,0,0,84bf81e2927ea538
croix-rousse#001,source/CURRENT/30_Places/croix-rousse.md,2,왜 가는가,reference,103,0,0,a160522470108616
croix-rousse#002,source/CURRENT/30_Places/croix-rousse.md,3,Editor's Verdict,reference,119,0,0,886c37cccb183945
croix-rousse#003,source/CURRENT/30_Places/croix-rousse.md,2,더 깊이,reference,0,0,0,
croix-rousse#004,source/CURRENT/30_Places/croix-rousse.md,3,1. 자카르 직조기가 바꾼 건축과 도시 (알아야 보인다),reference,53,0,0,d306620177f263ac
croix-rousse#005,source/CURRENT/30_Places/croix-rousse.md,3,2. 쿠르 데 보라스 (Cour des Voraces) — 카뉘 반란의 심장,reference,58,0,0,808fd5081bed8b1b
croix-rousse#006,source/CURRENT/30_Places/croix-rousse.md,3,3. Don't Miss & Look Closer,reference,91,0,0,8e4de8d7c5a3cfb1
croix-rousse#007,source/CURRENT/30_Places/croix-rousse.md,2,실용 & 교통/시장,reference,115,0,0,3e9b0f650ee320b8
daniel-et-denise#000,source/CURRENT/30_Places/daniel-et-denise.md,0,(preamble),reference,62,0,0,2a326d3a04466ec6
daniel-et-denise#001,source/CURRENT/30_Places/daniel-et-denise.md,2,왜 가는가,reference,99,0,0,10d00a460499932a
daniel-et-denise#002,source/CURRENT/30_Places/daniel-et-denise.md,3,Editor's Verdict,reference,71,0,0,dcccd6160121687e
daniel-et-denise#003,source/CURRENT/30_Places/daniel-et-denise.md,2,더 깊이,reference,0,0,0,
daniel-et-denise#004,source/CURRENT/30_Places/daniel-et-denise.md,3,1. 파테 앙 크루트 세계 챔피언의 위엄,reference,30,0,0,81d0e5ae2c77ef66
daniel-et-denise#005,source/CURRENT/30_Places/daniel-et-denise.md,3,2. 추천 대표 메뉴,reference,62,0,0,f6f7fb0808a4ba0c
daniel-et-denise#006,source/CURRENT/30_Places/daniel-et-denise.md,2,실용,reference,78,2,0,bbd1c892b4f58269
fondation-vincent-van-gogh-arles#000,source/CURRENT/30_Places/fondation-vincent-van-gogh-arles.md,0,(preamble),reference,67,0,0,ce092dcfd073be3e
fondation-vincent-van-gogh-arles#001,source/CURRENT/30_Places/fondation-vincent-van-gogh-arles.md,2,왜 가는가,reference,81,0,0,5093be6b00dd2398
fondation-vincent-van-gogh-arles#002,source/CURRENT/30_Places/fondation-vincent-van-gogh-arles.md,3,Editor's Verdict,reference,77,0,0,3d5093fb8d86c881
fondation-vincent-van-gogh-arles#003,source/CURRENT/30_Places/fondation-vincent-van-gogh-arles.md,2,더 깊이,reference,0,0,0,
fondation-vincent-van-gogh-arles#004,source/CURRENT/30_Places/fondation-vincent-van-gogh-arles.md,3,1. 관람 전 기대치 관리 (알아야 보인다),reference,49,0,0,5d9735efc8ff641c
fondation-vincent-van-gogh-arles#005,source/CURRENT/30_Places/fondation-vincent-van-gogh-arles.md,3,2. Don't Miss & Look Closer,reference,43,0,0,1e81cb650b1cb46f
fondation-vincent-van-gogh-arles#006,source/CURRENT/30_Places/fondation-vincent-van-gogh-arles.md,2,실용 & 위치,reference,51,0,0,30c8366bdc13f65a
fontaine-de-vaucluse#000,source/CURRENT/30_Places/fontaine-de-vaucluse.md,0,(preamble),reference,47,0,0,71fcc1a058525dd7
fontaine-de-vaucluse#001,source/CURRENT/30_Places/fontaine-de-vaucluse.md,2,현장 실행,reference,59,0,0,176de76b6cd9e815
fontaine-de-vaucluse#002,source/CURRENT/30_Places/fontaine-de-vaucluse.md,3,Trip Layer,reference,13,0,0,1e73fc163c93606b
fontaine-de-vaucluse#003,source/CURRENT/30_Places/fontaine-de-vaucluse.md,2,왜 가는가,reference,43,0,0,0b4d32a11e510582
fontaine-de-vaucluse#004,source/CURRENT/30_Places/fontaine-de-vaucluse.md,2,더 깊이,reference,0,0,0,
fontaine-de-vaucluse#005,source/CURRENT/30_Places/fontaine-de-vaucluse.md,3,카르스트 수원,reference,21,0,0,3e957004f259ff73
fontaine-de-vaucluse#006,source/CURRENT/30_Places/fontaine-de-vaucluse.md,3,Vallis Clausa,reference,18,0,0,1dc522c08d683b51
fontaine-de-vaucluse#007,source/CURRENT/30_Places/fontaine-de-vaucluse.md,2,실용 & 주차,reference,37,0,0,41211f9b470a6447
fontaine-de-vaucluse#008,source/CURRENT/30_Places/fontaine-de-vaucluse.md,2,공식·지도,reference,9,2,0,035754d8c435a270
fort-saint-jean#000,source/CURRENT/30_Places/fort-saint-jean.md,0,(preamble),reference,55,0,0,909271b3dc0a4611
fort-saint-jean#001,source/CURRENT/30_Places/fort-saint-jean.md,2,왜 가는가,reference,80,0,0,5cc9beccb16d2ea1
fort-saint-jean#002,source/CURRENT/30_Places/fort-saint-jean.md,3,Editor's Verdict,reference,88,0,0,e1140702c6aa62fc
fort-saint-jean#003,source/CURRENT/30_Places/fort-saint-jean.md,2,더 깊이,reference,0,0,0,
fort-saint-jean#004,source/CURRENT/30_Places/fort-saint-jean.md,3,1. 포문이 도시를 향한 이유 (알아야 보인다),reference,62,0,0,6a3933001ae93260
fort-saint-jean#005,source/CURRENT/30_Places/fort-saint-jean.md,3,2. 역사적 탑과 보도교 네트워크,reference,42,0,0,db84d44bdc94bbd5
fort-saint-jean#006,source/CURRENT/30_Places/fort-saint-jean.md,3,3. Don't Miss & Look Closer,reference,39,0,0,56e0ad2f89d39838
fort-saint-jean#007,source/CURRENT/30_Places/fort-saint-jean.md,2,실용,reference,65,0,0,2e2b1bfbdd463ca7
fou-de-fafa-avignon#000,source/CURRENT/30_Places/fou-de-fafa-avignon.md,0,(preamble),reference,58,0,0,beda27fb93974ffa
fou-de-fafa-avignon#001,source/CURRENT/30_Places/fou-de-fafa-avignon.md,2,왜 가는가,reference,78,0,0,85da24b17335eeba
fou-de-fafa-avignon#002,source/CURRENT/30_Places/fou-de-fafa-avignon.md,3,Editor's Verdict,reference,62,0,0,93352102e9035c77
fou-de-fafa-avignon#003,source/CURRENT/30_Places/fou-de-fafa-avignon.md,2,더 깊이,reference,0,0,0,
fou-de-fafa-avignon#004,source/CURRENT/30_Places/fou-de-fafa-avignon.md,3,1. 부부 셰프의 정성과 아늑한 공간,reference,17,0,0,1f4ab3e89216f9bd
fou-de-fafa-avignon#005,source/CURRENT/30_Places/fou-de-fafa-avignon.md,3,2. 추천 대표 코스 요리,reference,37,0,0,64b17d937774433c
fou-de-fafa-avignon#006,source/CURRENT/30_Places/fou-de-fafa-avignon.md,2,실용,reference,75,1,0,7ac29938f6cbe350
fourviere#000,source/CURRENT/30_Places/fourviere.md,0,(preamble),reference,57,0,0,d315725e792b12e5
fourviere#001,source/CURRENT/30_Places/fourviere.md,2,왜 가는가,reference,89,0,0,dc79bda27eb7945e
fourviere#002,source/CURRENT/30_Places/fourviere.md,3,Editor's Verdict,reference,117,0,0,1ec07a48c17a0f8a
fourviere#003,source/CURRENT/30_Places/fourviere.md,2,더 깊이,reference,0,0,0,
fourviere#004,source/CURRENT/30_Places/fourviere.md,3,1. 한 언덕에 겹쳐진 두 개의 권력 지층 (알아야 보인다),reference,126,0,0,a8770a1e9bf9e518
fourviere#005,source/CURRENT/30_Places/fourviere.md,3,2. 푸르비에르 파노라마 테라스에서 도시 읽기,reference,49,0,0,c40669d47b484cb5
fourviere#006,source/CURRENT/30_Places/fourviere.md,3,3. Don't Miss & Look Closer,reference,50,0,0,2d116591638c394c
fourviere#007,source/CURRENT/30_Places/fourviere.md,2,실용 & 교통/이동 팁,reference,87,0,0,3267a79682579038
girona-cathedral#000,source/CURRENT/30_Places/girona-cathedral.md,0,(preamble),reference,47,0,0,a3e96442dc287936
girona-cathedral#001,source/CURRENT/30_Places/girona-cathedral.md,2,왜 가는가,reference,110,0,0,f98785461da60147
girona-cathedral#002,source/CURRENT/30_Places/girona-cathedral.md,3,Editor's Verdict,reference,89,0,0,bfeb0ff0e7d6bedf
girona-cathedral#003,source/CURRENT/30_Places/girona-cathedral.md,2,더 깊이,reference,0,0,0,
girona-cathedral#004,source/CURRENT/30_Places/girona-cathedral.md,3,1. 23미터의 결단 — 기둥을 없앤 중세의 도박,reference,64,0,0,45d76177ff2dcbe1
girona-cathedral#005,source/CURRENT/30_Places/girona-cathedral.md,3,2. <창조의 태피스트리> (Tapís de la Creació) — 11세기의 세계관,reference,65,0,0,5b87565cb3ad08e8
girona-cathedral#006,source/CURRENT/30_Places/girona-cathedral.md,3,3. 로마네스크 회랑 (Cloister) — 고딕 신랑과의 200년 시간차,reference,31,0,0,b0c6a091bde5fbe7
girona-cathedral#007,source/CURRENT/30_Places/girona-cathedral.md,3,4. Don't Miss & Look Closer,reference,58,0,0,b3c050c378b8126f
girona-cathedral#008,source/CURRENT/30_Places/girona-cathedral.md,2,실용,reference,110,1,0,e1eee80618375cb1
giverny#000,source/CURRENT/30_Places/giverny.md,0,(preamble),reference,54,0,0,52421c12941a1a1f
giverny#001,source/CURRENT/30_Places/giverny.md,2,왜 가는가,reference,96,0,0,9534bc25bbd3753e
giverny#002,source/CURRENT/30_Places/giverny.md,3,Editor's Verdict,reference,95,0,0,2e6c85a10d72e115
giverny#003,source/CURRENT/30_Places/giverny.md,2,더 깊이,reference,0,0,0,
giverny#004,source/CURRENT/30_Places/giverny.md,3,1. 두 개의 정원과 모네의 예술 세계 (알아야 보인다),reference,94,0,0,0a01bd690e15da74
giverny#005,source/CURRENT/30_Places/giverny.md,3,2. 시즌 운영 안내 (3월 말–11월 초 한정),reference,37,0,0,f5bb7889dccc3ca3
giverny#006,source/CURRENT/30_Places/giverny.md,2,실용 & 예약/교통,reference,89,0,0,a162a22134d6300d
glanum#000,source/CURRENT/30_Places/glanum.md,0,(preamble),reference,57,0,0,1f91153332d30101
glanum#001,source/CURRENT/30_Places/glanum.md,2,왜 가는가,reference,80,0,0,063f819fd6758242
glanum#002,source/CURRENT/30_Places/glanum.md,3,Editor's Verdict,reference,78,0,0,3fa96542e77a4aa8
glanum#003,source/CURRENT/30_Places/glanum.md,2,더 깊이,reference,0,0,0,
glanum#004,source/CURRENT/30_Places/glanum.md,3,1. 세 문명이 겹친 도시 지층 (알아야 보인다),reference,49,0,0,8a15afe9b4acd48c
glanum#005,source/CURRENT/30_Places/glanum.md,3,"2. 레 장티크 (Les Antiques) — 2,000년의 기적",reference,51,0,0,9a54c0bda6a33294
glanum#006,source/CURRENT/30_Places/glanum.md,3,3. Don't Miss & Look Closer,reference,41,0,0,c86784128f4f86cb
glanum#007,source/CURRENT/30_Places/glanum.md,2,실용 & 주차,reference,71,0,0,bdf7e5358d2d00d2
gordes#000,source/CURRENT/30_Places/gordes.md,0,(preamble),reference,40,0,0,2f76e631fa0e1a60
gordes#001,source/CURRENT/30_Places/gordes.md,2,현장 실행,reference,75,0,0,b3f661f8f10f0eb8
gordes#002,source/CURRENT/30_Places/gordes.md,3,Trip Layer,reference,21,0,0,202d5a10ed8352fa
gordes#003,source/CURRENT/30_Places/gordes.md,2,왜 가는가,reference,83,0,0,97e02d8d2a4e73d4
gordes#004,source/CURRENT/30_Places/gordes.md,3,Editor's Verdict,reference,104,0,0,4ae575dc223b8d58
gordes#005,source/CURRENT/30_Places/gordes.md,2,더 깊이,reference,0,0,0,
gordes#006,source/CURRENT/30_Places/gordes.md,3,1. 도착의 순간 — 진입로 전망대 (Town View Point) (알아야 보인다),reference,52,0,0,b6fe3ef1850c7614
gordes#007,source/CURRENT/30_Places/gordes.md,3,2. 건식 석조와 중세 성채의 방어 지형,reference,53,0,0,2276224e80ab858a
gordes#008,source/CURRENT/30_Places/gordes.md,3,3. Don't Miss & Look Closer,reference,40,0,0,28b40672c9e42885
gordes#009,source/CURRENT/30_Places/gordes.md,2,실용 & 운전/주차,reference,106,0,0,62eddb3aff907ba8
goult#000,source/CURRENT/30_Places/goult.md,0,(preamble),reference,49,0,0,1f35549f4b104239
goult#001,source/CURRENT/30_Places/goult.md,2,현장 실행,reference,58,0,0,aa34b2b35a1a539c
goult#002,source/CURRENT/30_Places/goult.md,3,Trip Layer,reference,10,0,0,5fd31a94f302b537
goult#003,source/CURRENT/30_Places/goult.md,2,왜 가는가,reference,70,0,0,ff5f55f8f886fde0
goult#004,source/CURRENT/30_Places/goult.md,3,Editor's Verdict,reference,86,0,0,f0cf31f01fa776f2
goult#005,source/CURRENT/30_Places/goult.md,2,더 깊이,reference,0,0,0,
goult#006,source/CURRENT/30_Places/goult.md,3,1. 예루살렘 풍차 (Moulin de Jérusalem) (알아야 보인다),reference,39,0,0,606d69d44c107f0a
goult#007,source/CURRENT/30_Places/goult.md,3,2. 살아있는 생활 마을,reference,17,0,0,e6788b1fc8cf45d1
goult#008,source/CURRENT/30_Places/goult.md,3,3. Don't Miss & Look Closer,reference,40,0,0,7a62e645f8216d37
goult#009,source/CURRENT/30_Places/goult.md,2,실용 & 주차,reference,63,0,0,a99d6a5df9ac16a3
grand-palais#000,source/CURRENT/30_Places/grand-palais.md,0,(preamble),reference,58,0,0,3c6b258eb336f705
grand-palais#001,source/CURRENT/30_Places/grand-palais.md,2,왜 가는가,reference,84,0,0,03d7a569fceac16a
grand-palais#002,source/CURRENT/30_Places/grand-palais.md,3,Editor's Verdict,reference,86,0,0,043092a22b08e87a
grand-palais#003,source/CURRENT/30_Places/grand-palais.md,2,더 깊이,reference,0,0,0,
grand-palais#004,source/CURRENT/30_Places/grand-palais.md,3,1. 1900년 만국박람회의 건축 혁신 (알아야 보인다),reference,50,0,0,6fccfbfdc7a8cc8f
grand-palais#005,source/CURRENT/30_Places/grand-palais.md,3,2. 기획전시 관람 전략,reference,39,0,0,9fb14aeea9d7bd12
grand-palais#006,source/CURRENT/30_Places/grand-palais.md,3,3. Don't Miss & Look Closer,reference,53,0,0,f29e10ab60994567
grand-palais#007,source/CURRENT/30_Places/grand-palais.md,2,실용 & 예약/교통,reference,78,0,0,4bff7e60c0519bab
grasse#000,source/CURRENT/30_Places/grasse.md,0,(preamble),reference,50,0,0,a77e002e2628cfff
grasse#001,source/CURRENT/30_Places/grasse.md,2,왜 가는가,reference,74,0,0,4a57c3c8d24e2c14
grasse#002,source/CURRENT/30_Places/grasse.md,3,Editor's Verdict,reference,86,0,0,82d704dc639e04e2
grasse#003,source/CURRENT/30_Places/grasse.md,2,더 깊이,reference,0,0,0,
grasse#004,source/CURRENT/30_Places/grasse.md,3,1. 가죽 장갑에서 향수 산업으로 (알아야 보인다),reference,40,0,0,aa471929770249d2
grasse#005,source/CURRENT/30_Places/grasse.md,3,2. 프라고나르 유서 깊은 공장 (Usine Historique Fragonard),reference,26,0,0,6d373764d8e82dbf
grasse#006,source/CURRENT/30_Places/grasse.md,3,3. Don't Miss & Look Closer,reference,46,0,0,010b63163e388259
grasse#007,source/CURRENT/30_Places/grasse.md,2,실용,reference,62,0,0,de4645cfa4a728b4
halles-de-lyon-paul-bocuse#000,source/CURRENT/30_Places/halles-de-lyon-paul-bocuse.md,0,(preamble),reference,76,0,0,85bc8582be1044c3
halles-de-lyon-paul-bocuse#001,source/CURRENT/30_Places/halles-de-lyon-paul-bocuse.md,2,왜 가는가,reference,90,0,0,34db0d1f7edbf8c9
halles-de-lyon-paul-bocuse#002,source/CURRENT/30_Places/halles-de-lyon-paul-bocuse.md,3,Editor's Verdict,reference,92,0,0,958adfd2db2090f9
halles-de-lyon-paul-bocuse#003,source/CURRENT/30_Places/halles-de-lyon-paul-bocuse.md,2,더 깊이,reference,0,0,0,
halles-de-lyon-paul-bocuse#004,source/CURRENT/30_Places/halles-de-lyon-paul-bocuse.md,3,1. 전설적인 명점과 필수 맛보기 (알아야 보인다),reference,91,0,0,b74b482e920dc54d
halles-de-lyon-paul-bocuse#005,source/CURRENT/30_Places/halles-de-lyon-paul-bocuse.md,3,2. 시장 이용 전략 — 식사와 쇼핑의 분리,reference,39,0,0,c7c6b7953ed46a7f
halles-de-lyon-paul-bocuse#006,source/CURRENT/30_Places/halles-de-lyon-paul-bocuse.md,2,실용 & 위치/운영,reference,69,0,0,4233e2e6c777e375
l-isle-sur-la-sorgue#000,source/CURRENT/30_Places/l-isle-sur-la-sorgue.md,0,(preamble),reference,56,0,0,1878ab08fece9e2f
l-isle-sur-la-sorgue#001,source/CURRENT/30_Places/l-isle-sur-la-sorgue.md,2,현장 실행,reference,62,0,0,90568f10f24809b2
l-isle-sur-la-sorgue#002,source/CURRENT/30_Places/l-isle-sur-la-sorgue.md,3,Trip Layer,reference,25,0,0,7fdce636c8e18906
l-isle-sur-la-sorgue#003,source/CURRENT/30_Places/l-isle-sur-la-sorgue.md,2,왜 가는가,reference,67,0,0,b2e2b512dcc7bbd1
l-isle-sur-la-sorgue#004,source/CURRENT/30_Places/l-isle-sur-la-sorgue.md,3,Editor's Verdict,reference,88,0,0,712cb2f288603bfb
l-isle-sur-la-sorgue#005,source/CURRENT/30_Places/l-isle-sur-la-sorgue.md,2,더 깊이,reference,0,0,0,
l-isle-sur-la-sorgue#006,source/CURRENT/30_Places/l-isle-sur-la-sorgue.md,3,1. 15개의 목조 물레바퀴와 섬의 역사 (알아야 보인다),reference,54,0,0,be9b6f9255ce59aa
l-isle-sur-la-sorgue#007,source/CURRENT/30_Places/l-isle-sur-la-sorgue.md,3,2. 유럽 3대 골동품의 도시,reference,60,0,0,c5270777b6beeb81
l-isle-sur-la-sorgue#008,source/CURRENT/30_Places/l-isle-sur-la-sorgue.md,3,3. Don't Miss & Look Closer,reference,48,0,0,ea9bcba1f4a03e97
l-isle-sur-la-sorgue#009,source/CURRENT/30_Places/l-isle-sur-la-sorgue.md,2,실용 & 주차,reference,86,0,0,aa75e6e30780474d
la-roquette#000,source/CURRENT/30_Places/la-roquette.md,0,(preamble),reference,58,0,0,30800d93b9e977aa
la-roquette#001,source/CURRENT/30_Places/la-roquette.md,2,왜 가는가,reference,84,0,0,1cf5eb2c88ea4363
la-roquette#002,source/CURRENT/30_Places/la-roquette.md,3,Editor's Verdict,reference,81,0,0,caa076643da03d82
la-roquette#003,source/CURRENT/30_Places/la-roquette.md,2,더 깊이,reference,0,0,0,
la-roquette#004,source/CURRENT/30_Places/la-roquette.md,3,1. 뱃사공과 어부의 역사 (알아야 보인다),reference,53,0,0,9dd3c93a200fd1e1
la-roquette#005,source/CURRENT/30_Places/la-roquette.md,3,2. Don't Miss & Look Closer,reference,44,0,0,4714b5cf7e4db054
la-roquette#006,source/CURRENT/30_Places/la-roquette.md,2,실용 & 위치,reference,41,0,0,661250bc57eaa998
la-zorra#000,source/CURRENT/30_Places/la-zorra.md,0,(preamble),reference,51,0,0,5f30e4bba335751d
la-zorra#001,source/CURRENT/30_Places/la-zorra.md,2,왜 가는가,reference,69,0,0,e5b0df6c9278cc01
la-zorra#002,source/CURRENT/30_Places/la-zorra.md,3,Editor's Verdict,reference,57,0,0,099935885dbd8515
la-zorra#003,source/CURRENT/30_Places/la-zorra.md,2,더 깊이,reference,0,0,0,
la-zorra#004,source/CURRENT/30_Places/la-zorra.md,3,1. 정통 소카랏(Socarrat)과 감칠맛 육수,reference,21,0,0,f912bbc1969be041
la-zorra#005,source/CURRENT/30_Places/la-zorra.md,3,2. 추천 대표 메뉴,reference,54,0,0,9ef711a30e26a157
la-zorra#006,source/CURRENT/30_Places/la-zorra.md,3,3. 이동일 점심으로 쓰는 법,reference,89,0,0,c303d4f9abd2401b
la-zorra#007,source/CURRENT/30_Places/la-zorra.md,2,실용,reference,76,2,0,c92d7bfbd1d3c571
lacoste#000,source/CURRENT/30_Places/lacoste.md,0,(preamble),reference,40,0,0,d11b19c678e26983
lacoste#001,source/CURRENT/30_Places/lacoste.md,2,현장 실행,reference,61,0,0,d097b64de1a89211
lacoste#002,source/CURRENT/30_Places/lacoste.md,3,Trip Layer,reference,13,0,0,70c331367be522e2
lacoste#003,source/CURRENT/30_Places/lacoste.md,2,왜 가는가,reference,48,0,0,82294244b73c1ac6
lacoste#004,source/CURRENT/30_Places/lacoste.md,2,더 깊이,reference,0,0,0,
lacoste#005,source/CURRENT/30_Places/lacoste.md,3,마주 보는 두 언덕마을,reference,18,0,0,93e53caa096cf6d3
lacoste#006,source/CURRENT/30_Places/lacoste.md,3,돌길과 성문,reference,20,0,0,853bfc521f44b170
lacoste#007,source/CURRENT/30_Places/lacoste.md,2,실용 & 주차,reference,34,0,0,4ffe00070f1c33b6
lacoste#008,source/CURRENT/30_Places/lacoste.md,2,공식·지도,reference,8,2,0,a294c3460aeb3092
latin-quarter#000,source/CURRENT/30_Places/latin-quarter.md,0,(preamble),reference,58,0,0,723066f1ba01b49a
latin-quarter#001,source/CURRENT/30_Places/latin-quarter.md,2,왜 가는가,reference,94,0,0,f203fbc920df9d74
latin-quarter#002,source/CURRENT/30_Places/latin-quarter.md,3,Editor's Verdict,reference,91,0,0,36cfc46035a6b5a5
latin-quarter#003,source/CURRENT/30_Places/latin-quarter.md,2,더 깊이,reference,0,0,0,
latin-quarter#004,source/CURRENT/30_Places/latin-quarter.md,3,1. 라탱 지구의 핵심 지적 지층 (알아야 보인다),reference,133,0,0,06acb219e5c73dd2
latin-quarter#005,source/CURRENT/30_Places/latin-quarter.md,3,2. 뤽상부르 공원 (Jardin du Luxembourg),reference,36,0,0,f3079b4429569d3f
latin-quarter#006,source/CURRENT/30_Places/latin-quarter.md,2,실용 & 교통,reference,69,0,0,56cff2cb443cb39a
le-figuier-de-saint-esprit#000,source/CURRENT/30_Places/le-figuier-de-saint-esprit.md,0,(preamble),reference,65,0,0,08bb126223dfbeaa
le-figuier-de-saint-esprit#001,source/CURRENT/30_Places/le-figuier-de-saint-esprit.md,2,왜 가는가,reference,69,0,0,29fbbc53f1f12e57
le-figuier-de-saint-esprit#002,source/CURRENT/30_Places/le-figuier-de-saint-esprit.md,3,Editor’s Verdict,reference,65,0,0,9e685b4cedbc8c32
le-figuier-de-saint-esprit#003,source/CURRENT/30_Places/le-figuier-de-saint-esprit.md,2,더 깊이,reference,0,0,0,
le-figuier-de-saint-esprit#004,source/CURRENT/30_Places/le-figuier-de-saint-esprit.md,3,1. 셰프 크리스티앙 모리세와 무화과나무 중정,reference,31,0,0,dbb66e0fdc685db8
le-figuier-de-saint-esprit#005,source/CURRENT/30_Places/le-figuier-de-saint-esprit.md,3,2. 시그니처 요리와 코스 구성,reference,70,0,0,7de1ce30d284f6ab
le-figuier-de-saint-esprit#006,source/CURRENT/30_Places/le-figuier-de-saint-esprit.md,2,실용,reference,68,1,0,d1eaea6ae16356af
le-gibolin-arles#000,source/CURRENT/30_Places/le-gibolin-arles.md,0,(preamble),reference,55,0,0,a8451c0069d57842
le-gibolin-arles#001,source/CURRENT/30_Places/le-gibolin-arles.md,2,왜 가는가,reference,90,0,0,e2403668608b4648
le-gibolin-arles#002,source/CURRENT/30_Places/le-gibolin-arles.md,3,Editor's Verdict,reference,68,0,0,68ed01590f748fb4
le-gibolin-arles#003,source/CURRENT/30_Places/le-gibolin-arles.md,2,더 깊이,reference,0,0,0,
le-gibolin-arles#004,source/CURRENT/30_Places/le-gibolin-arles.md,3,1. 카마르그의 영혼을 담은 요리,reference,22,0,0,359fcc7f899ed118
le-gibolin-arles#005,source/CURRENT/30_Places/le-gibolin-arles.md,3,2. 추천 대표 메뉴,reference,52,0,0,9940fd1a53ca3e9f
le-gibolin-arles#006,source/CURRENT/30_Places/le-gibolin-arles.md,2,실용,reference,82,1,0,359881f45fd75597
le-grand-pan#000,source/CURRENT/30_Places/le-grand-pan.md,0,(preamble),reference,60,0,0,2008eecf3969b3f0
le-grand-pan#001,source/CURRENT/30_Places/le-grand-pan.md,2,왜 가는가,reference,96,0,0,28007e2c1c0eb6bf
le-grand-pan#002,source/CURRENT/30_Places/le-grand-pan.md,3,Editor's Verdict,reference,80,0,0,da5f6b13e5837767
le-grand-pan#003,source/CURRENT/30_Places/le-grand-pan.md,2,더 깊이,reference,0,0,0,
le-grand-pan#004,source/CURRENT/30_Places/le-grand-pan.md,3,1. 칠판 메뉴와 숯불 그릴의 미학,reference,32,0,0,0481aba5e1b91673
le-grand-pan#005,source/CURRENT/30_Places/le-grand-pan.md,3,2. 추천 대표 메뉴,reference,68,0,0,fc3aedd137fc5119
le-grand-pan#006,source/CURRENT/30_Places/le-grand-pan.md,2,실용,reference,86,1,0,b8c6f7867916d99d
le-marais#000,source/CURRENT/30_Places/le-marais.md,0,(preamble),reference,59,0,0,bc0c28324a92c658
le-marais#001,source/CURRENT/30_Places/le-marais.md,2,왜 가는가,reference,111,0,0,9338501c1e3ce306
le-marais#002,source/CURRENT/30_Places/le-marais.md,3,Editor's Verdict,reference,97,0,0,fcba65030b5b2ae3
le-marais#003,source/CURRENT/30_Places/le-marais.md,2,더 깊이,reference,0,0,0,
le-marais#004,source/CURRENT/30_Places/le-marais.md,3,1. 남마레와 북마레의 두 얼굴 (알아야 보인다),reference,144,0,0,037f35595adfb38e
le-marais#005,source/CURRENT/30_Places/le-marais.md,3,2. Don't Miss & Look Closer,reference,45,0,0,95010c5fbe502380
le-marais#006,source/CURRENT/30_Places/le-marais.md,2,실용 & 교통,reference,66,0,0,855ec53d8ceab05b
le-panier#000,source/CURRENT/30_Places/le-panier.md,0,(preamble),reference,57,0,0,d268dc8b0bff437f
le-panier#001,source/CURRENT/30_Places/le-panier.md,2,왜 가는가,reference,76,0,0,5811f9d7383a7d2a
le-panier#002,source/CURRENT/30_Places/le-panier.md,3,Editor's Verdict,reference,89,0,0,3ee4c3ffb7bb5f34
le-panier#003,source/CURRENT/30_Places/le-panier.md,2,더 깊이,reference,0,0,0,
le-panier#004,source/CURRENT/30_Places/le-panier.md,3,1. 비에이 샤리테 (Vieille Charité) — 자선과 격리의 지층 (알아야 보인다),reference,46,0,0,5f6aa3da02652d9c
le-panier#005,source/CURRENT/30_Places/le-panier.md,3,2. 렝슈 광장 (Place de Lenche),reference,28,0,0,bbf4ccacbe193273
le-panier#006,source/CURRENT/30_Places/le-panier.md,3,3. Don't Miss & Look Closer,reference,43,0,0,81cdf97473a4ef31
le-panier#007,source/CURRENT/30_Places/le-panier.md,2,실용,reference,75,0,0,1b15b8c96dd114b4
le-rocher#000,source/CURRENT/30_Places/le-rocher.md,0,(preamble),reference,44,0,0,fd5ad0c2015a1216
le-rocher#001,source/CURRENT/30_Places/le-rocher.md,2,왜 가는가,reference,90,0,0,9b2b4cc5a2f36b22
le-rocher#002,source/CURRENT/30_Places/le-rocher.md,3,Editor's Verdict,reference,73,0,0,cfd37ff4f620f508
le-rocher#003,source/CURRENT/30_Places/le-rocher.md,2,더 깊이,reference,0,0,0,
le-rocher#004,source/CURRENT/30_Places/le-rocher.md,3,1. 11:55 대공궁 위병 교대식 (Changement de la Garde),reference,45,0,0,3e0e586003046730
le-rocher#005,source/CURRENT/30_Places/le-rocher.md,3,2. 모나코 대성당과 그레이스 켈리의 묘,reference,39,0,0,24cff821cadb7521
le-rocher#006,source/CURRENT/30_Places/le-rocher.md,3,3. Don't Miss & Look Closer,reference,45,0,0,d0bb5d076b470bbe
le-rocher#007,source/CURRENT/30_Places/le-rocher.md,2,실용,reference,90,0,0,8b733f22bca41574
le-suquet#000,source/CURRENT/30_Places/le-suquet.md,0,(preamble),reference,47,0,0,7be884360fb49da4
le-suquet#001,source/CURRENT/30_Places/le-suquet.md,2,왜 가는가,reference,91,0,0,5946ab7132033ec6
le-suquet#002,source/CURRENT/30_Places/le-suquet.md,3,Editor's Verdict,reference,68,0,0,87817c23d53e7be5
le-suquet#003,source/CURRENT/30_Places/le-suquet.md,2,더 깊이,reference,0,0,0,
le-suquet#004,source/CURRENT/30_Places/le-suquet.md,3,1. 뤼 생탄투안과 어부들의 계단길,reference,34,0,0,6ec99ae4bef21952
le-suquet#005,source/CURRENT/30_Places/le-suquet.md,3,2. 노트르담 드 레스페랑스 성당과 카스트르 박물관,reference,60,0,0,9d54c96f2452e0be
le-suquet#006,source/CURRENT/30_Places/le-suquet.md,3,3. Don't Miss,reference,36,0,0,3e81ca25831552ef
le-suquet#007,source/CURRENT/30_Places/le-suquet.md,2,실용,reference,71,0,0,c1720b48a131f149
les-baux-de-provence#000,source/CURRENT/30_Places/les-baux-de-provence.md,0,(preamble),reference,62,0,0,f772a754cd269449
les-baux-de-provence#001,source/CURRENT/30_Places/les-baux-de-provence.md,2,현장 실행,reference,60,0,0,9c1be9c1a4d3f608
les-baux-de-provence#002,source/CURRENT/30_Places/les-baux-de-provence.md,3,Trip Layer,reference,14,0,0,59568ed49d649e62
les-baux-de-provence#003,source/CURRENT/30_Places/les-baux-de-provence.md,2,왜 가는가,reference,77,0,0,a3f24ceadc80f46f
les-baux-de-provence#004,source/CURRENT/30_Places/les-baux-de-provence.md,3,Editor's Verdict,reference,85,0,0,59d613aa8bf4a46d
les-baux-de-provence#005,source/CURRENT/30_Places/les-baux-de-provence.md,2,더 깊이,reference,0,0,0,
les-baux-de-provence#006,source/CURRENT/30_Places/les-baux-de-provence.md,3,1. 바위와 건물의 일체화 (알아야 보인다),reference,52,0,0,a7ce6b66f341d22d
les-baux-de-provence#007,source/CURRENT/30_Places/les-baux-de-provence.md,3,2. Don't Miss & Look Closer,reference,29,0,0,c262743a112ace79
les-baux-de-provence#008,source/CURRENT/30_Places/les-baux-de-provence.md,2,실용 & 주차/운전,reference,69,0,0,2c74489ba8ffc5a6
les-cocottes-saint-louis#000,source/CURRENT/30_Places/les-cocottes-saint-louis.md,0,(preamble),reference,62,0,0,5b316a70c37a8704
les-cocottes-saint-louis#001,source/CURRENT/30_Places/les-cocottes-saint-louis.md,2,왜 가는가,reference,84,0,0,b3cac698add9b6ac
les-cocottes-saint-louis#002,source/CURRENT/30_Places/les-cocottes-saint-louis.md,3,Editor's Verdict,reference,61,0,0,54a4c0de6a76e801
les-cocottes-saint-louis#003,source/CURRENT/30_Places/les-cocottes-saint-louis.md,2,더 깊이,reference,0,0,0,
les-cocottes-saint-louis#004,source/CURRENT/30_Places/les-cocottes-saint-louis.md,3,1. 16세기 르네상스 수도원의 건축미,reference,19,0,0,187024771246e1b6
les-cocottes-saint-louis#005,source/CURRENT/30_Places/les-cocottes-saint-louis.md,3,2. 추천 코코트 요리,reference,57,0,0,b8f6d9373b9d9201
les-cocottes-saint-louis#006,source/CURRENT/30_Places/les-cocottes-saint-louis.md,2,실용,reference,70,1,0,f3d6e8cba70931cb
les-halles#000,source/CURRENT/30_Places/les-halles.md,0,(preamble),reference,62,0,0,fffd4cf46b7d4fd7
les-halles#001,source/CURRENT/30_Places/les-halles.md,2,왜 가는가,reference,79,0,0,adadcd55535e0fd6
les-halles#002,source/CURRENT/30_Places/les-halles.md,3,Editor's Verdict,reference,95,0,0,b36f30857847e7d7
les-halles#003,source/CURRENT/30_Places/les-halles.md,2,더 깊이,reference,0,0,0,
les-halles#004,source/CURRENT/30_Places/les-halles.md,3,1. 파트리크 블랑의 수직 정원 (Mur Végétal) (알아야 보인다),reference,42,0,0,50ea705c67d314bb
les-halles#005,source/CURRENT/30_Places/les-halles.md,3,2. 시장 안에서 꼭 맛봐야 할 것,reference,42,0,0,b1baf78250e02930
les-halles#006,source/CURRENT/30_Places/les-halles.md,2,실용 & 주차/운영,reference,57,0,0,d6534d3e56b6a4f3
lourmarin#000,source/CURRENT/30_Places/lourmarin.md,0,(preamble),reference,38,0,0,43659488af8d4787
lourmarin#001,source/CURRENT/30_Places/lourmarin.md,2,현장 실행,reference,86,0,0,45bad1001e548698
lourmarin#002,source/CURRENT/30_Places/lourmarin.md,3,Trip Layer,reference,20,0,0,f6af6273567739a7
lourmarin#003,source/CURRENT/30_Places/lourmarin.md,2,왜 가는가,reference,80,0,0,e38136e55b03a282
lourmarin#004,source/CURRENT/30_Places/lourmarin.md,3,Editor's Verdict,reference,91,0,0,38a16dba83d227aa
lourmarin#005,source/CURRENT/30_Places/lourmarin.md,2,더 깊이,reference,0,0,0,
lourmarin#006,source/CURRENT/30_Places/lourmarin.md,3,1. 카뮈의 무덤 — 크기가 곧 메시지다 (알아야 보인다),reference,92,0,0,44eb44eba0ba0805
lourmarin#007,source/CURRENT/30_Places/lourmarin.md,3,2. 프로방스 최초의 르네상스 성 (Château de Lourmarin),reference,48,0,0,0b9747ffc122b8df
lourmarin#008,source/CURRENT/30_Places/lourmarin.md,3,3. Don't Miss & Look Closer,reference,48,0,0,8330351548fc51c7
lourmarin#009,source/CURRENT/30_Places/lourmarin.md,2,실용 & 주차,reference,96,0,0,02346dbbbd00f2dc
macba#000,source/CURRENT/30_Places/macba.md,0,(preamble),reference,39,0,0,450a1ee2aa4c32d6
macba#001,source/CURRENT/30_Places/macba.md,2,왜 가는가,reference,84,0,0,fa8469cde27866b0
macba#002,source/CURRENT/30_Places/macba.md,3,Editor's Verdict,reference,80,0,0,6d993a9bde5bec78
macba#003,source/CURRENT/30_Places/macba.md,2,더 깊이,reference,0,0,0,
macba#004,source/CURRENT/30_Places/macba.md,3,1. 리처드 마이어의 빛과 백색 공간,reference,27,0,0,a1d24dc9aad4ac1c
macba#005,source/CURRENT/30_Places/macba.md,3,2. 세계 스케이트보드 성지가 된 광장,reference,22,0,0,5b02e85ebefb4c8c
macba#006,source/CURRENT/30_Places/macba.md,3,3. Don't Miss,reference,63,0,0,ba10780126a51437
macba#007,source/CURRENT/30_Places/macba.md,2,실용,reference,62,1,0,6cf3c350083ca7c9
maison-carree#000,source/CURRENT/30_Places/maison-carree.md,0,(preamble),reference,61,0,0,1d4e5a01a6c8328b
maison-carree#001,source/CURRENT/30_Places/maison-carree.md,2,왜 가는가,reference,134,0,0,6b5071ef39aaa595
maison-carree#002,source/CURRENT/30_Places/maison-carree.md,3,Editor's Verdict,reference,108,0,0,9802845748eece1c
maison-carree#003,source/CURRENT/30_Places/maison-carree.md,2,더 깊이,reference,0,0,0,
maison-carree#004,source/CURRENT/30_Places/maison-carree.md,3,1. 2천 년을 온전히 버텨낸 기적의 보존사 (알아야 보인다),reference,71,0,0,293b81b71229aa49
maison-carree#005,source/CURRENT/30_Places/maison-carree.md,3,2. 가삼랑식(Pseudoperipteral) 건축 기법,reference,54,0,0,47e9875970276397
maison-carree#006,source/CURRENT/30_Places/maison-carree.md,3,3. Don't Miss & Look Closer,reference,45,0,0,e43b0a27f7ef12a8
maison-carree#007,source/CURRENT/30_Places/maison-carree.md,2,실용 & 티켓/관람 팁,reference,87,0,0,41d6c73fd11e47bf
marche-convention#000,source/CURRENT/30_Places/marche-convention.md,0,(preamble),reference,61,0,0,111972106572319e
marche-convention#001,source/CURRENT/30_Places/marche-convention.md,2,왜 가는가,reference,107,0,0,0c35c9de8d740970
marche-convention#002,source/CURRENT/30_Places/marche-convention.md,3,Editor's Verdict,reference,79,0,0,98788ceb9990825b
marche-convention#003,source/CURRENT/30_Places/marche-convention.md,2,더 깊이,reference,0,0,0,
marche-convention#004,source/CURRENT/30_Places/marche-convention.md,3,1. 마르셰 콩방시옹 100% 활용법,reference,47,0,0,fab1bb1f3c0f9613
marche-convention#005,source/CURRENT/30_Places/marche-convention.md,2,실용,reference,86,1,0,38301f72106dcd7a
marche-de-la-liberation#000,source/CURRENT/30_Places/marche-de-la-liberation.md,0,(preamble),reference,55,0,0,230c6b0602a7240a
marche-de-la-liberation#001,source/CURRENT/30_Places/marche-de-la-liberation.md,2,왜 가는가,reference,65,0,0,0211d058d7884a73
marche-de-la-liberation#002,source/CURRENT/30_Places/marche-de-la-liberation.md,3,Editor's Verdict,reference,60,0,0,4361a882adf1e091
marche-de-la-liberation#003,source/CURRENT/30_Places/marche-de-la-liberation.md,2,더 깊이,reference,0,0,0,
marche-de-la-liberation#004,source/CURRENT/30_Places/marche-de-la-liberation.md,3,1. 가르 뒤 쉬드 (Gare du Sud),reference,30,0,0,56630ac4b12ef86f
marche-de-la-liberation#005,source/CURRENT/30_Places/marche-de-la-liberation.md,2,실용,reference,45,0,0,9aa1e0e31c154197
marche-forville#000,source/CURRENT/30_Places/marche-forville.md,0,(preamble),reference,43,0,0,d07e131162bfa0b4
marche-forville#001,source/CURRENT/30_Places/marche-forville.md,2,왜 가는가,reference,54,0,0,4f73a3da32452cfa
marche-forville#002,source/CURRENT/30_Places/marche-forville.md,3,Editor's Verdict,reference,59,0,0,524829e529e84bb6
marche-forville#003,source/CURRENT/30_Places/marche-forville.md,2,더 깊이,reference,0,0,0,
marche-forville#004,source/CURRENT/30_Places/marche-forville.md,3,1. 포르빌의 미식 아이템,reference,21,0,0,4755da31a710fcad
marche-forville#005,source/CURRENT/30_Places/marche-forville.md,2,실용,reference,54,0,0,0515c77518c39a91
marseille#000,source/CURRENT/30_Places/marseille.md,0,(preamble),reference,48,0,0,2a2c2e89e4491cff
marseille#001,source/CURRENT/30_Places/marseille.md,2,왜 가는가,reference,85,0,0,d1ffd8073f833efe
marseille#002,source/CURRENT/30_Places/marseille.md,3,Editor's Verdict,reference,84,0,0,c1d0f2773168c7f7
marseille#003,source/CURRENT/30_Places/marseille.md,2,더 깊이,reference,0,0,0,
marseille#004,source/CURRENT/30_Places/marseille.md,3,1. 마르세유를 이해하는 4대 레이어 (알아야 보인다),reference,71,0,0,6a1a7a609d2e5431
marseille#005,source/CURRENT/30_Places/marseille.md,3,2. Aix-en-Provence와의 상호보완적 관계,reference,28,0,0,f89903072f5990de
marseille#006,source/CURRENT/30_Places/marseille.md,3,3. Don't Miss & Look Closer,reference,28,0,0,026b2d5cff53519b
marseille#007,source/CURRENT/30_Places/marseille.md,2,실용,reference,94,0,0,0f0cc7991b4dcec2
menerbes#000,source/CURRENT/30_Places/menerbes.md,0,(preamble),reference,47,0,0,5eb2528e60a8f295
menerbes#001,source/CURRENT/30_Places/menerbes.md,2,현장 실행,reference,70,0,0,53909aeacab20ee6
menerbes#002,source/CURRENT/30_Places/menerbes.md,3,Trip Layer,reference,16,0,0,e5165a30706af960
menerbes#003,source/CURRENT/30_Places/menerbes.md,2,왜 가는가,reference,90,0,0,22d55b13e0bcb04d
menerbes#004,source/CURRENT/30_Places/menerbes.md,3,Editor's Verdict,reference,90,0,0,cda7ab0dcf694899
menerbes#005,source/CURRENT/30_Places/menerbes.md,2,더 깊이,reference,0,0,0,
menerbes#006,source/CURRENT/30_Places/menerbes.md,3,1. 능선 지형과 요새의 역사 (알아야 보인다),reference,49,0,0,bb5568594443ec3d
menerbes#007,source/CURRENT/30_Places/menerbes.md,3,2. 예술가들의 자취와 트러플 하우스,reference,54,0,0,ca6b2e5d55787499
menerbes#008,source/CURRENT/30_Places/menerbes.md,3,3. Don't Miss & Look Closer,reference,39,0,0,ef31437b7e030b7c
menerbes#009,source/CURRENT/30_Places/menerbes.md,2,실용 & 주차,reference,62,0,0,0498b210891b66a9
menton#000,source/CURRENT/30_Places/menton.md,0,(preamble),reference,49,0,0,7f9bce4f69bc9cbc
menton#001,source/CURRENT/30_Places/menton.md,2,왜 가는가,reference,83,0,0,4e2ca53a7354bcf9
menton#002,source/CURRENT/30_Places/menton.md,3,Editor's Verdict,reference,100,0,0,5cc542aaae1f389c
menton#003,source/CURRENT/30_Places/menton.md,2,더 깊이,reference,0,0,0,
menton#004,source/CURRENT/30_Places/menton.md,3,1. 생 미셸 대성당과 자갈 모자이크 광장 (La Calade),reference,58,0,0,1615a9fb21198ab3
menton#005,source/CURRENT/30_Places/menton.md,3,2. 프랑스와 이탈리아의 국경 문화사,reference,34,0,0,41842dbac0f2a59d
menton#006,source/CURRENT/30_Places/menton.md,3,3. Don't Miss & Look Closer,reference,88,0,0,854f3478c44c855b
menton#007,source/CURRENT/30_Places/menton.md,2,실용,reference,117,0,0,1bb2e58681b7b498
mercat-concepcio#000,source/CURRENT/30_Places/mercat-concepcio.md,0,(preamble),reference,55,0,0,53a01a8cc03ec0f9
mercat-concepcio#001,source/CURRENT/30_Places/mercat-concepcio.md,2,왜 가는가,reference,77,0,0,348416007b5bfc48
mercat-concepcio#002,source/CURRENT/30_Places/mercat-concepcio.md,3,Editor's Verdict,reference,64,0,0,0ad937ddd51fba75
mercat-concepcio#003,source/CURRENT/30_Places/mercat-concepcio.md,2,더 깊이,reference,0,0,0,
mercat-concepcio#004,source/CURRENT/30_Places/mercat-concepcio.md,3,1. 19세기 모더니즘 철골 건축,reference,17,0,0,447bb4440b255cfe
mercat-concepcio#005,source/CURRENT/30_Places/mercat-concepcio.md,3,2. 시장에서 맛보고 살 것들,reference,36,0,0,25761686b085f314
mercat-concepcio#006,source/CURRENT/30_Places/mercat-concepcio.md,3,3. 숙소에서 먹을 것을 사는 목록,reference,73,0,0,537d4e3621672560
mercat-concepcio#007,source/CURRENT/30_Places/mercat-concepcio.md,2,실용,reference,72,1,0,2dc067941de61503
mercat-del-lleo#000,source/CURRENT/30_Places/mercat-del-lleo.md,0,(preamble),reference,59,0,0,eee0617ad61f88b4
mercat-del-lleo#001,source/CURRENT/30_Places/mercat-del-lleo.md,2,왜 가는가,reference,72,0,0,88309351666715cc
mercat-del-lleo#002,source/CURRENT/30_Places/mercat-del-lleo.md,3,Editor's Verdict,reference,58,0,0,9932f5014f6cd084
mercat-del-lleo#003,source/CURRENT/30_Places/mercat-del-lleo.md,2,더 깊이,reference,0,0,0,
mercat-del-lleo#004,source/CURRENT/30_Places/mercat-del-lleo.md,3,1. 지로나의 미식 식료품 저장고,reference,21,0,0,d6d9e33530b9f156
mercat-del-lleo#005,source/CURRENT/30_Places/mercat-del-lleo.md,3,2. 시장에서 꼭 사야 할 엠포르다 특산품,reference,46,0,0,22469e6004b78e7e
mercat-del-lleo#006,source/CURRENT/30_Places/mercat-del-lleo.md,2,실용,reference,63,1,0,d30ded0eb4048507
monaco-walk#000,source/CURRENT/30_Places/monaco-walk.md,0,(preamble),reference,64,0,0,e47b76a85875d52d
monaco-walk#001,source/CURRENT/30_Places/monaco-walk.md,2,왜 가는가,reference,22,0,0,80143562a2774b4a
monaco-walk#002,source/CURRENT/30_Places/monaco-walk.md,3,Editor's Verdict,reference,49,0,0,66e99dd6b16f9b31
monaco-walk#003,source/CURRENT/30_Places/monaco-walk.md,2,더 깊이,reference,0,0,0,
monaco-walk#004,source/CURRENT/30_Places/monaco-walk.md,3,1. 도보 경로 및 관찰 지점,reference,84,0,0,8c28c9e75270450e
monaco-walk#005,source/CURRENT/30_Places/monaco-walk.md,2,실용,reference,43,0,0,c44dfe7357e01836
monaco#000,source/CURRENT/30_Places/monaco.md,0,(preamble),reference,48,0,0,1303c73b855c2ade
monaco#001,source/CURRENT/30_Places/monaco.md,2,왜 가는가,reference,116,0,0,b148b31ef18a8f05
monaco#002,source/CURRENT/30_Places/monaco.md,3,Editor's Verdict,reference,115,0,0,f6f4e8f26fed624d
monaco#003,source/CURRENT/30_Places/monaco.md,2,더 깊이,reference,0,0,0,
monaco#004,source/CURRENT/30_Places/monaco.md,3,1. 세 개의 수직 레이어 걷기,reference,57,0,0,62f6a9592277a0d8
monaco#005,source/CURRENT/30_Places/monaco.md,3,2. 카지노 데 몬테카를로 (Casino de Monte-Carlo),reference,31,0,0,a31777a3b9448ba1
monaco#006,source/CURRENT/30_Places/monaco.md,3,3. Don't Miss & Look Closer,reference,61,0,0,1249eff203be85c6
monaco#007,source/CURRENT/30_Places/monaco.md,2,실용,reference,89,0,0,9d9cdbc518a62cc2
montagne-sainte-victoire-terrain-des-peintres#000,source/CURRENT/30_Places/montagne-sainte-victoire-terrain-des-peintres.md,0,(preamble),reference,75,0,0,9d0ef04a8f438542
montagne-sainte-victoire-terrain-des-peintres#001,source/CURRENT/30_Places/montagne-sainte-victoire-terrain-des-peintres.md,2,왜 가는가,reference,87,0,0,91ed6311d51a8f4b
montagne-sainte-victoire-terrain-des-peintres#002,source/CURRENT/30_Places/montagne-sainte-victoire-terrain-des-peintres.md,3,Editor's Verdict,reference,107,0,0,b7dbbe7ba2469115
montagne-sainte-victoire-terrain-des-peintres#003,source/CURRENT/30_Places/montagne-sainte-victoire-terrain-des-peintres.md,2,더 깊이,reference,0,0,0,
montagne-sainte-victoire-terrain-des-peintres#004,source/CURRENT/30_Places/montagne-sainte-victoire-terrain-des-peintres.md,3,1. 세잔의 시선 — 자연을 건축물로 재구성하다 (알아야 보인다),reference,84,0,0,6697708671ad0ada
montagne-sainte-victoire-terrain-des-peintres#005,source/CURRENT/30_Places/montagne-sainte-victoire-terrain-des-peintres.md,3,2. Don't Miss & Look Closer,reference,44,0,0,07810af0069181a1
montagne-sainte-victoire-terrain-des-peintres#006,source/CURRENT/30_Places/montagne-sainte-victoire-terrain-des-peintres.md,2,실용,reference,100,0,0,697dcfb9860d51fb
montmartre-south-pigalle#000,source/CURRENT/30_Places/montmartre-south-pigalle.md,0,(preamble),reference,63,0,0,e807a2855274d1f0
montmartre-south-pigalle#001,source/CURRENT/30_Places/montmartre-south-pigalle.md,2,왜 가는가,reference,128,0,0,a30408ec4225c6be
montmartre-south-pigalle#002,source/CURRENT/30_Places/montmartre-south-pigalle.md,3,Editor's Verdict,reference,90,0,0,4fb01cef26f26a83
montmartre-south-pigalle#003,source/CURRENT/30_Places/montmartre-south-pigalle.md,2,더 깊이,reference,0,0,0,
montmartre-south-pigalle#004,source/CURRENT/30_Places/montmartre-south-pigalle.md,3,1. 북-남 관통 추천 도보 루트 (알아야 보인다),reference,122,0,0,7a442228bf9c858f
montmartre-south-pigalle#005,source/CURRENT/30_Places/montmartre-south-pigalle.md,3,2. Don't Miss & Look Closer,reference,56,0,0,930a4696eabd40bd
montmartre-south-pigalle#006,source/CURRENT/30_Places/montmartre-south-pigalle.md,2,실용 & 교통/치안,reference,77,0,0,7fc0684f7c33bb52
montorgueil#000,source/CURRENT/30_Places/montorgueil.md,0,(preamble),reference,56,0,0,3495b32fa5ccb095
montorgueil#001,source/CURRENT/30_Places/montorgueil.md,2,왜 가는가,reference,100,0,0,32dd8dc8bf6d7630
montorgueil#002,source/CURRENT/30_Places/montorgueil.md,3,Editor's Verdict,reference,94,0,0,600ab9fcc5ca86ec
montorgueil#003,source/CURRENT/30_Places/montorgueil.md,2,더 깊이,reference,0,0,0,
montorgueil#004,source/CURRENT/30_Places/montorgueil.md,3,1. 몽토르게이 거리의 전설적인 미식 명가들 (알아야 보인다),reference,94,0,0,776a64d50052dd76
montorgueil#005,source/CURRENT/30_Places/montorgueil.md,3,2. Don't Miss & Look Closer,reference,32,0,0,59a88dd88910a556
montorgueil#006,source/CURRENT/30_Places/montorgueil.md,2,실용 & 교통,reference,56,0,0,d9a311ac41786a0d
mucem#000,source/CURRENT/30_Places/mucem.md,0,(preamble),reference,66,0,0,8206ef3ccbe885ca
mucem#001,source/CURRENT/30_Places/mucem.md,2,왜 가는가,reference,78,0,0,ae6a91232c8090dd
mucem#002,source/CURRENT/30_Places/mucem.md,3,Editor's Verdict,reference,95,0,0,0a46ce1588d5b727
mucem#003,source/CURRENT/30_Places/mucem.md,2,더 깊이,reference,0,0,0,
mucem#004,source/CURRENT/30_Places/mucem.md,3,1. 뤼디 리치오티의 레이스 콘크리트 (알아야 보인다),reference,72,0,0,66364b0cf27e00d9
mucem#005,source/CURRENT/30_Places/mucem.md,3,2. 옥상 테라스와 지중해 파노라마,reference,25,0,0,5e38e255400657ab
mucem#006,source/CURRENT/30_Places/mucem.md,3,3. Don't Miss & Look Closer,reference,43,0,0,8ceb94ebc53ec24a
mucem#007,source/CURRENT/30_Places/mucem.md,2,실용,reference,94,0,0,f4fb91d8851da527
musee-carnavalet#000,source/CURRENT/30_Places/musee-carnavalet.md,0,(preamble),reference,60,0,0,ca0c51f97f5e3e32
musee-carnavalet#001,source/CURRENT/30_Places/musee-carnavalet.md,2,왜 가는가,reference,75,0,0,89b326b9ee2e1c33
musee-carnavalet#002,source/CURRENT/30_Places/musee-carnavalet.md,3,Editor's Verdict,reference,82,0,0,03fa258e1a372a95
musee-carnavalet#003,source/CURRENT/30_Places/musee-carnavalet.md,2,더 깊이,reference,0,0,0,
musee-carnavalet#004,source/CURRENT/30_Places/musee-carnavalet.md,3,1. 파리의 영혼과 역사의 현장,reference,52,0,0,b725767d14524365
musee-carnavalet#005,source/CURRENT/30_Places/musee-carnavalet.md,3,2. Don't Miss & Look Closer,reference,56,0,0,585bedef6bbc8bd1
musee-carnavalet#006,source/CURRENT/30_Places/musee-carnavalet.md,2,실용 & 예약/교통,reference,80,0,0,ec1a73b97711bfc7
musee-d-art-moderne-de-paris#000,source/CURRENT/30_Places/musee-d-art-moderne-de-paris.md,0,(preamble),reference,77,0,0,473225221adf6a15
musee-d-art-moderne-de-paris#001,source/CURRENT/30_Places/musee-d-art-moderne-de-paris.md,2,왜 가는가,reference,68,0,0,b97679b989ef7b1f
musee-d-art-moderne-de-paris#002,source/CURRENT/30_Places/musee-d-art-moderne-de-paris.md,3,Editor's Verdict,reference,91,0,0,dad407121f5d85c0
musee-d-art-moderne-de-paris#003,source/CURRENT/30_Places/musee-d-art-moderne-de-paris.md,2,더 깊이,reference,0,0,0,
musee-d-art-moderne-de-paris#004,source/CURRENT/30_Places/musee-d-art-moderne-de-paris.md,3,1. 20세기 아방가르드와 대형 기념비적 벽화,reference,67,0,0,d302258f548b0592
musee-d-art-moderne-de-paris#005,source/CURRENT/30_Places/musee-d-art-moderne-de-paris.md,3,2. Don't Miss & Look Closer,reference,48,0,0,07e9b6f0fadef3eb
musee-d-art-moderne-de-paris#006,source/CURRENT/30_Places/musee-d-art-moderne-de-paris.md,2,실용 & 예약/교통,reference,77,0,0,5c58e213fa8d18f2
musee-d-orsay#000,source/CURRENT/30_Places/musee-d-orsay.md,0,(preamble),reference,55,0,0,73d0b3d0152c6474
musee-d-orsay#001,source/CURRENT/30_Places/musee-d-orsay.md,2,왜 가는가,reference,89,0,0,507844dfd25fee0d
musee-d-orsay#002,source/CURRENT/30_Places/musee-d-orsay.md,3,Editor's Verdict,reference,114,0,0,c11a1788b6f8283b
musee-d-orsay#003,source/CURRENT/30_Places/musee-d-orsay.md,2,더 깊이,reference,0,0,0,
musee-d-orsay#004,source/CURRENT/30_Places/musee-d-orsay.md,3,1. 층별 관람 하향식 공략법 (알아야 보인다),reference,101,0,0,91b0e83855a6b479
musee-d-orsay#005,source/CURRENT/30_Places/musee-d-orsay.md,3,2. Don't Miss & Look Closer,reference,49,0,0,cb1211a8c4c05a31
musee-d-orsay#006,source/CURRENT/30_Places/musee-d-orsay.md,2,실용 & 예약/교통,reference,95,0,0,162f674ed9ccf79b
musee-de-l-orangerie#000,source/CURRENT/30_Places/musee-de-l-orangerie.md,0,(preamble),reference,65,0,0,d1c86406d38b3665
musee-de-l-orangerie#001,source/CURRENT/30_Places/musee-de-l-orangerie.md,2,왜 가는가,reference,110,0,0,546ad2cd941c86ed
musee-de-l-orangerie#002,source/CURRENT/30_Places/musee-de-l-orangerie.md,3,Editor's Verdict,reference,89,0,0,f225502974161301
musee-de-l-orangerie#003,source/CURRENT/30_Places/musee-de-l-orangerie.md,2,더 깊이,reference,0,0,0,
musee-de-l-orangerie#004,source/CURRENT/30_Places/musee-de-l-orangerie.md,3,1. 타원형 방의 공간 건축과 모네의 유언 (알아야 보인다),reference,81,0,0,2c2a0a688f9a0e17
musee-de-l-orangerie#005,source/CURRENT/30_Places/musee-de-l-orangerie.md,3,2. 지하 장 발터 & 폴 기욤 컬렉션,reference,31,0,0,2273dad142087135
musee-de-l-orangerie#006,source/CURRENT/30_Places/musee-de-l-orangerie.md,3,3. Don't Miss & Look Closer,reference,31,0,0,2a6027e93fca9edb
musee-de-l-orangerie#007,source/CURRENT/30_Places/musee-de-l-orangerie.md,2,실용 & 예약/교통,reference,80,0,0,1b5169a21e032ddc
musee-du-louvre#000,source/CURRENT/30_Places/musee-du-louvre.md,0,(preamble),reference,58,0,0,40fa03a8c724c5f2
musee-du-louvre#001,source/CURRENT/30_Places/musee-du-louvre.md,2,왜 가는가,reference,86,0,0,adb2b2a4e65ab1f1
musee-du-louvre#002,source/CURRENT/30_Places/musee-du-louvre.md,3,Editor's Verdict,reference,102,0,0,14921cbf84c15e71
musee-du-louvre#003,source/CURRENT/30_Places/musee-du-louvre.md,2,더 깊이,reference,0,0,0,
musee-du-louvre#004,source/CURRENT/30_Places/musee-du-louvre.md,3,1. 3대 날개(Wing)의 공간 구조 (알아야 보인다),reference,107,0,0,bbb0b31cf4ced90b
musee-du-louvre#005,source/CURRENT/30_Places/musee-du-louvre.md,3,2. 현장 관람 팁 & 인파 분산 전략,reference,46,0,0,69535acef94bb8ca
musee-du-louvre#006,source/CURRENT/30_Places/musee-du-louvre.md,2,실용 & 예약/교통,reference,85,0,0,f30e68cca5cf4247
musee-du-luxembourg#000,source/CURRENT/30_Places/musee-du-luxembourg.md,0,(preamble),reference,62,0,0,e0aaf61fd2fc9efc
musee-du-luxembourg#001,source/CURRENT/30_Places/musee-du-luxembourg.md,2,왜 가는가,reference,71,0,0,25366a687b9980a2
musee-du-luxembourg#002,source/CURRENT/30_Places/musee-du-luxembourg.md,3,Editor's Verdict,reference,75,0,0,d2b63aa58e1e8571
musee-du-luxembourg#003,source/CURRENT/30_Places/musee-du-luxembourg.md,2,더 깊이,reference,0,0,0,
musee-du-luxembourg#004,source/CURRENT/30_Places/musee-du-luxembourg.md,3,1. 프랑스 근현대 미술 전파의 역사적 산실,reference,46,0,0,162627a8e4cc9b01
musee-du-luxembourg#005,source/CURRENT/30_Places/musee-du-luxembourg.md,3,2. Don't Miss & Look Closer,reference,46,0,0,88f73d57694a75e6
musee-du-luxembourg#006,source/CURRENT/30_Places/musee-du-luxembourg.md,2,실용 & 예약/교통,reference,77,0,0,6062f6937a259067
musee-granet#000,source/CURRENT/30_Places/musee-granet.md,0,(preamble),reference,58,0,0,f3bc66c455dbed12
musee-granet#001,source/CURRENT/30_Places/musee-granet.md,2,왜 가는가,reference,76,0,0,32dbdf369de6bc1c
musee-granet#002,source/CURRENT/30_Places/musee-granet.md,3,Editor's Verdict,reference,76,0,0,cad80ca9288f5dd6
musee-granet#003,source/CURRENT/30_Places/musee-granet.md,2,더 깊이,reference,0,0,0,
musee-granet#004,source/CURRENT/30_Places/musee-granet.md,3,1. 세잔 소장실 (Salle Cézanne) — 화가의 귀환 (알아야 보인다),reference,37,0,0,9e7661617946adca
musee-granet#005,source/CURRENT/30_Places/musee-granet.md,3,2. 장 플랑크 컬렉션 (Collection Jean Planque)과 수도원 건축,reference,45,0,0,e4fd2944c1fffd3d
musee-granet#006,source/CURRENT/30_Places/musee-granet.md,3,3. Don't Miss & Look Closer,reference,30,0,0,e83a73b10e1d81a5
musee-granet#007,source/CURRENT/30_Places/musee-granet.md,2,실용,reference,97,0,0,4dfc60a17691e2b0
musee-guimet#000,source/CURRENT/30_Places/musee-guimet.md,0,(preamble),reference,63,0,0,fb822926243d684d
musee-guimet#001,source/CURRENT/30_Places/musee-guimet.md,2,왜 가는가,reference,77,0,0,8baf3f8009788d6b
musee-guimet#002,source/CURRENT/30_Places/musee-guimet.md,3,Editor's Verdict,reference,70,0,0,14f0831f4b08c871
musee-guimet#003,source/CURRENT/30_Places/musee-guimet.md,2,더 깊이,reference,0,0,0,
musee-guimet#004,source/CURRENT/30_Places/musee-guimet.md,3,1. 동서 문명의 융합과 불교 미술의 전파,reference,67,0,0,76581240a0e5a67f
musee-guimet#005,source/CURRENT/30_Places/musee-guimet.md,3,2. Don't Miss & Look Closer,reference,54,0,0,eddc9271d975615f
musee-guimet#006,source/CURRENT/30_Places/musee-guimet.md,2,실용 & 예약/교통,reference,73,0,0,faa19c5120716254
musee-gustave-moreau#000,source/CURRENT/30_Places/musee-gustave-moreau.md,0,(preamble),reference,63,0,0,d275e6746d1a4070
musee-gustave-moreau#001,source/CURRENT/30_Places/musee-gustave-moreau.md,2,왜 가는가,reference,74,0,0,7516f78aec3e6504
musee-gustave-moreau#002,source/CURRENT/30_Places/musee-gustave-moreau.md,3,Editor's Verdict,reference,76,0,0,eff3a05085320186
musee-gustave-moreau#003,source/CURRENT/30_Places/musee-gustave-moreau.md,2,더 깊이,reference,0,0,0,
musee-gustave-moreau#004,source/CURRENT/30_Places/musee-gustave-moreau.md,3,1. 상징주의와 신비로운 회화 세계,reference,48,0,0,ec7525bdc4b99332
musee-gustave-moreau#005,source/CURRENT/30_Places/musee-gustave-moreau.md,3,2. Don't Miss & Look Closer,reference,59,0,0,8311c5d7a18070d0
musee-gustave-moreau#006,source/CURRENT/30_Places/musee-gustave-moreau.md,2,실용 & 예약/교통,reference,74,0,0,fe6b2f2f66665d08
musee-jacquemart-andre#000,source/CURRENT/30_Places/musee-jacquemart-andre.md,0,(preamble),reference,59,0,0,e339378c1d5e18a1
musee-jacquemart-andre#001,source/CURRENT/30_Places/musee-jacquemart-andre.md,2,왜 가는가,reference,74,0,0,f2e12091cc242255
musee-jacquemart-andre#002,source/CURRENT/30_Places/musee-jacquemart-andre.md,3,Editor's Verdict,reference,77,0,0,ef12373c0d4132c4
musee-jacquemart-andre#003,source/CURRENT/30_Places/musee-jacquemart-andre.md,2,더 깊이,reference,0,0,0,
musee-jacquemart-andre#004,source/CURRENT/30_Places/musee-jacquemart-andre.md,3,1. 두 예술 애호가의 사랑과 컬렉션,reference,50,0,0,764568d716023433
musee-jacquemart-andre#005,source/CURRENT/30_Places/musee-jacquemart-andre.md,3,2. Don't Miss & Look Closer,reference,48,0,0,7400a99d2566a694
musee-jacquemart-andre#006,source/CURRENT/30_Places/musee-jacquemart-andre.md,2,실용 & 예약/교통,reference,72,0,0,207844e34f982261
musee-marmottan-monet#000,source/CURRENT/30_Places/musee-marmottan-monet.md,0,(preamble),reference,59,0,0,7ca033304c70f036
musee-marmottan-monet#001,source/CURRENT/30_Places/musee-marmottan-monet.md,2,왜 가는가,reference,105,0,0,3c7d0712ffbbda94
musee-marmottan-monet#002,source/CURRENT/30_Places/musee-marmottan-monet.md,3,Editor's Verdict,reference,91,0,0,6bc4c0d0328c9b6b
musee-marmottan-monet#003,source/CURRENT/30_Places/musee-marmottan-monet.md,2,더 깊이,reference,0,0,0,
musee-marmottan-monet#004,source/CURRENT/30_Places/musee-marmottan-monet.md,3,"1. 『인상, 해돋이』와 인상파의 탄생 (알아야 보인다)",reference,71,0,0,a42953ea5b478fec
musee-marmottan-monet#005,source/CURRENT/30_Places/musee-marmottan-monet.md,3,2. Don't Miss & Look Closer,reference,37,0,0,5f664552f421d162
musee-marmottan-monet#006,source/CURRENT/30_Places/musee-marmottan-monet.md,2,실용 & 위치/교통,reference,76,0,0,f253bd6741c9dd6c
musee-picasso-paris#000,source/CURRENT/30_Places/musee-picasso-paris.md,0,(preamble),reference,64,0,0,09b2b8a16d08cfb5
musee-picasso-paris#001,source/CURRENT/30_Places/musee-picasso-paris.md,2,왜 가는가,reference,69,0,0,4611306125200148
musee-picasso-paris#002,source/CURRENT/30_Places/musee-picasso-paris.md,3,Editor's Verdict,reference,88,0,0,0c1bb123a9c65e25
musee-picasso-paris#003,source/CURRENT/30_Places/musee-picasso-paris.md,2,더 깊이,reference,0,0,0,
musee-picasso-paris#004,source/CURRENT/30_Places/musee-picasso-paris.md,3,1. 피카소의 예술적 진화 (알아야 보인다),reference,55,0,0,70578b16fefe6dfc
musee-picasso-paris#005,source/CURRENT/30_Places/musee-picasso-paris.md,3,2. Don't Miss & Look Closer,reference,69,0,0,801257cdc344d509
musee-picasso-paris#006,source/CURRENT/30_Places/musee-picasso-paris.md,2,실용 & 예약/교통,reference,85,0,0,bcd7ed94075caa62
musee-rodin#000,source/CURRENT/30_Places/musee-rodin.md,0,(preamble),reference,59,0,0,ce0b26f40f87d407
musee-rodin#001,source/CURRENT/30_Places/musee-rodin.md,2,왜 가는가,reference,59,0,0,29eaa17f7b22ecc8
musee-rodin#002,source/CURRENT/30_Places/musee-rodin.md,3,Editor's Verdict,reference,81,0,0,03f922df10d97a7a
musee-rodin#003,source/CURRENT/30_Places/musee-rodin.md,2,더 깊이,reference,0,0,0,
musee-rodin#004,source/CURRENT/30_Places/musee-rodin.md,3,1. 조각에 생명과 영혼을 불어넣은 혁신,reference,46,0,0,8d0d1159c98bad47
musee-rodin#005,source/CURRENT/30_Places/musee-rodin.md,3,2. Don't Miss & Look Closer,reference,70,0,0,e879fbcca7c50906
musee-rodin#006,source/CURRENT/30_Places/musee-rodin.md,2,실용 & 예약/교통,reference,73,0,0,eaf67c357c884a2e
nce-airport-tram#000,source/CURRENT/30_Places/nce-airport-tram.md,0,(preamble),reference,46,0,0,657bc23e9f986516
nce-airport-tram#001,source/CURRENT/30_Places/nce-airport-tram.md,2,왜 가는가,reference,43,0,0,7575631bdf02c22b
nce-airport-tram#002,source/CURRENT/30_Places/nce-airport-tram.md,3,터미널별 승강장 위치,reference,42,0,0,99fb0dbe2c2c8e8c
nce-airport-tram#003,source/CURRENT/30_Places/nce-airport-tram.md,3,Editor's Verdict,reference,50,0,0,c9c2d34cc65613c2
nce-airport-tram#004,source/CURRENT/30_Places/nce-airport-tram.md,2,실용,reference,106,0,0,a0f32b59f30a727e
nice-ville#000,source/CURRENT/30_Places/nice-ville.md,0,(preamble),reference,45,0,0,27f0f39b2409b082
nice-ville#001,source/CURRENT/30_Places/nice-ville.md,2,왜 가는가,reference,45,0,0,fb98218d8b8143c5
nice-ville#002,source/CURRENT/30_Places/nice-ville.md,3,Editor's Verdict,reference,47,0,0,91c726c3f319a49e
nice-ville#003,source/CURRENT/30_Places/nice-ville.md,2,실용,reference,84,0,0,083d16ea2ffc63b9
nice-walk#000,source/CURRENT/30_Places/nice-walk.md,0,(preamble),reference,57,0,0,75db21166857d072
nice-walk#001,source/CURRENT/30_Places/nice-walk.md,2,왜 가는가,reference,22,0,0,c41da8cdb95bb4de
nice-walk#002,source/CURRENT/30_Places/nice-walk.md,3,Editor's Verdict,reference,64,0,0,dec006cc87b2d4a2
nice-walk#003,source/CURRENT/30_Places/nice-walk.md,2,더 깊이,reference,0,0,0,
nice-walk#004,source/CURRENT/30_Places/nice-walk.md,3,1. 도보 경로 및 관찰 지점,reference,66,0,0,26c1fe2d23594f7a
nice-walk#005,source/CURRENT/30_Places/nice-walk.md,2,실용,reference,38,0,0,fbfe48b59e58614f
notre-dame-de-la-garde#000,source/CURRENT/30_Places/notre-dame-de-la-garde.md,0,(preamble),reference,74,0,0,13ca70f18017fbad
notre-dame-de-la-garde#001,source/CURRENT/30_Places/notre-dame-de-la-garde.md,2,왜 가는가,reference,81,0,0,11dd2ad1fdf471f9
notre-dame-de-la-garde#002,source/CURRENT/30_Places/notre-dame-de-la-garde.md,3,Editor's Verdict,reference,97,0,0,031ea5d14b61f5af
notre-dame-de-la-garde#003,source/CURRENT/30_Places/notre-dame-de-la-garde.md,2,더 깊이,reference,0,0,0,
notre-dame-de-la-garde#004,source/CURRENT/30_Places/notre-dame-de-la-garde.md,3,1. 뱃사람의 기도처와 봉헌물 (알아야 보인다),reference,71,0,0,fdf3544e63b4f58f
notre-dame-de-la-garde#005,source/CURRENT/30_Places/notre-dame-de-la-garde.md,3,2. 황금 성모상 (La Bonne Mère),reference,20,0,0,5de7ec0f8d57d558
notre-dame-de-la-garde#006,source/CURRENT/30_Places/notre-dame-de-la-garde.md,3,3. Don't Miss & Look Closer,reference,43,0,0,eb7263edc5144f83
notre-dame-de-la-garde#007,source/CURRENT/30_Places/notre-dame-de-la-garde.md,2,실용,reference,78,0,0,a0f20e653b271f34
notre-dame-de-paris#000,source/CURRENT/30_Places/notre-dame-de-paris.md,0,(preamble),reference,65,0,0,75cd32fe220af88d
notre-dame-de-paris#001,source/CURRENT/30_Places/notre-dame-de-paris.md,2,왜 가는가,reference,80,0,0,588e515bdd549670
notre-dame-de-paris#002,source/CURRENT/30_Places/notre-dame-de-paris.md,3,Editor's Verdict,reference,118,0,0,41d60d097a9f5462
notre-dame-de-paris#003,source/CURRENT/30_Places/notre-dame-de-paris.md,2,더 깊이,reference,0,0,0,
notre-dame-de-paris#004,source/CURRENT/30_Places/notre-dame-de-paris.md,3,1. 고딕 공학의 정점과 복원의 기적 (알아야 보인다),reference,87,0,0,a61a59e82445e6fa
notre-dame-de-paris#005,source/CURRENT/30_Places/notre-dame-de-paris.md,3,2. Don't Miss & Look Closer,reference,61,0,0,ed7e1280a13a240e
notre-dame-de-paris#006,source/CURRENT/30_Places/notre-dame-de-paris.md,2,실용 & 입장/교통,reference,84,0,0,28c88f472e0cf96f
onyar#000,source/CURRENT/30_Places/onyar.md,0,(preamble),reference,45,0,0,e4857af95f8aab7d
onyar#001,source/CURRENT/30_Places/onyar.md,2,왜 가는가,reference,79,0,0,7dbecc68d82cb8f7
onyar#002,source/CURRENT/30_Places/onyar.md,3,Editor's Verdict,reference,60,0,0,02e38b912df94966
onyar#003,source/CURRENT/30_Places/onyar.md,2,더 깊이,reference,0,0,0,
onyar#004,source/CURRENT/30_Places/onyar.md,3,1. 라파엘 마소와 카사 마소 (Casa Masó),reference,32,0,0,deafafb4541d2802
onyar#005,source/CURRENT/30_Places/onyar.md,3,2. 오냐르의 주요 다리들,reference,52,0,0,a0dfd51da2bf2939
onyar#006,source/CURRENT/30_Places/onyar.md,2,실용,reference,64,1,0,cc8833556a31a75a
oppede-le-vieux#000,source/CURRENT/30_Places/oppede-le-vieux.md,0,(preamble),reference,56,0,0,afe002c6d47a6529
oppede-le-vieux#001,source/CURRENT/30_Places/oppede-le-vieux.md,2,왜 가는가,reference,72,0,0,b7030a3410d7216d
oppede-le-vieux#002,source/CURRENT/30_Places/oppede-le-vieux.md,3,Editor's Verdict,reference,94,0,0,a453c71724a02981
oppede-le-vieux#003,source/CURRENT/30_Places/oppede-le-vieux.md,2,더 깊이,reference,0,0,0,
oppede-le-vieux#004,source/CURRENT/30_Places/oppede-le-vieux.md,3,1. 폐허와 복원의 지층 (알아야 보인다),reference,77,0,0,7a9a0e17a7aba7dd
oppede-le-vieux#005,source/CURRENT/30_Places/oppede-le-vieux.md,3,2. Don't Miss & Look Closer,reference,39,0,0,7b70a654649971e3
oppede-le-vieux#006,source/CURRENT/30_Places/oppede-le-vieux.md,2,실용 & 주차,reference,67,0,0,cb10c78c4365a08b
orange#000,source/CURRENT/30_Places/orange.md,0,(preamble),reference,40,0,0,54f93f27a88d02c0
orange#001,source/CURRENT/30_Places/orange.md,2,현장 실행,reference,44,0,0,cdcb227822ba5267
orange#002,source/CURRENT/30_Places/orange.md,3,Trip Layer,reference,27,0,0,81a0afa557c80f25
orange#003,source/CURRENT/30_Places/orange.md,2,왜 가는가,reference,42,0,0,7359310abcf2989a
orange#004,source/CURRENT/30_Places/orange.md,2,더 깊이,reference,0,0,0,
orange#005,source/CURRENT/30_Places/orange.md,3,무대벽이 만드는 공간,reference,21,0,0,8a6273c6c4c07af3
orange#006,source/CURRENT/30_Places/orange.md,3,Bonus로 보는 이유,reference,21,0,0,6c93976fb0983c2a
orange#007,source/CURRENT/30_Places/orange.md,2,실용 & 주차,reference,38,0,0,9d1e8ce5b99b977f
orange#008,source/CURRENT/30_Places/orange.md,2,공식·지도,reference,9,2,0,ef59fe7dc8383016
palais-des-papes#000,source/CURRENT/30_Places/palais-des-papes.md,0,(preamble),reference,59,0,0,3966efd3090ff968
palais-des-papes#001,source/CURRENT/30_Places/palais-des-papes.md,2,왜 가는가,reference,74,0,0,987d01e08d175fc1
palais-des-papes#002,source/CURRENT/30_Places/palais-des-papes.md,3,Editor's Verdict,reference,97,0,0,02c1ef6157d51614
palais-des-papes#003,source/CURRENT/30_Places/palais-des-papes.md,2,더 깊이,reference,0,0,0,
palais-des-papes#004,source/CURRENT/30_Places/palais-des-papes.md,3,1. 왜 성당이 아니라 요새 궁전인가 (알아야 보인다),reference,50,0,0,1d244a6bcfe0ef35
palais-des-papes#005,source/CURRENT/30_Places/palais-des-papes.md,3,2. 구궁전(Palais Vieux) vs 신궁전(Palais Nouveau)의 대비,reference,52,0,0,093b86d749aaa6fd
palais-des-papes#006,source/CURRENT/30_Places/palais-des-papes.md,3,3. 히스토패드(HistoPad) 관람 전략,reference,58,0,0,f6775aba87094a23
palais-des-papes#007,source/CURRENT/30_Places/palais-des-papes.md,3,4. Don't Miss & Look Closer,reference,76,0,0,f65e838e3a344ae1
palais-des-papes#008,source/CURRENT/30_Places/palais-des-papes.md,2,실용 & 예약/주차,reference,116,0,0,0518fff621869004
palau-de-maricel#000,source/CURRENT/30_Places/palau-de-maricel.md,0,(preamble),reference,28,0,0,e0cf0265de9c50b2
palau-de-maricel#001,source/CURRENT/30_Places/palau-de-maricel.md,2,더 깊이,reference,152,0,0,d830250e917b0ba3
pals#000,source/CURRENT/30_Places/pals.md,0,(preamble),reference,38,0,0,31b5670434e8a510
pals#001,source/CURRENT/30_Places/pals.md,2,왜 가는가,reference,78,0,0,acd577fb57a6c8a6
pals#002,source/CURRENT/30_Places/pals.md,3,Editor's Verdict,reference,66,0,0,9766ff5231f5a0cb
pals#003,source/CURRENT/30_Places/pals.md,2,더 깊이,reference,0,0,0,
pals#004,source/CURRENT/30_Places/pals.md,3,1. 호세프 플라 전망대 (Mirador Josep Pla),reference,30,0,0,d74cf24cabe0fc8e
pals#005,source/CURRENT/30_Places/pals.md,3,2. Don't Miss,reference,44,0,0,61f735dcc9395c3e
pals#006,source/CURRENT/30_Places/pals.md,2,실용,reference,64,0,0,021daa6c54674a22
parc-de-la-tete-d-or#000,source/CURRENT/30_Places/parc-de-la-tete-d-or.md,0,(preamble),reference,66,0,0,a2e287c666a23ce8
parc-de-la-tete-d-or#001,source/CURRENT/30_Places/parc-de-la-tete-d-or.md,2,왜 가는가,reference,74,0,0,eb8e0271e9d8fa58
parc-de-la-tete-d-or#002,source/CURRENT/30_Places/parc-de-la-tete-d-or.md,3,Editor's Verdict,reference,92,0,0,4384414405a0655a
parc-de-la-tete-d-or#003,source/CURRENT/30_Places/parc-de-la-tete-d-or.md,2,더 깊이,reference,0,0,0,
parc-de-la-tete-d-or#004,source/CURRENT/30_Places/parc-de-la-tete-d-or.md,3,1. 공원의 핵심 구역들 (알아야 보인다),reference,89,0,0,af57675c7d35459e
parc-de-la-tete-d-or#005,source/CURRENT/30_Places/parc-de-la-tete-d-or.md,3,2. Don't Miss & Look Closer,reference,38,0,0,d2a5562da1f53a63
parc-de-la-tete-d-or#006,source/CURRENT/30_Places/parc-de-la-tete-d-or.md,2,실용 & 교통,reference,59,0,0,1458c3c88e7f2adb
passeig-de-la-muralla#000,source/CURRENT/30_Places/passeig-de-la-muralla.md,0,(preamble),reference,55,0,0,970c12883c120009
passeig-de-la-muralla#001,source/CURRENT/30_Places/passeig-de-la-muralla.md,2,왜 가는가,reference,95,0,0,97fec975669ffeb2
passeig-de-la-muralla#002,source/CURRENT/30_Places/passeig-de-la-muralla.md,3,Editor's Verdict,reference,88,0,0,5163adbc9169f57e
passeig-de-la-muralla#003,source/CURRENT/30_Places/passeig-de-la-muralla.md,2,더 깊이,reference,0,0,0,
passeig-de-la-muralla#004,source/CURRENT/30_Places/passeig-de-la-muralla.md,3,1. 지형의 군사학 — 지로나가 불침의 요새였던 이유,reference,35,0,0,1c8371b248a7c59c
passeig-de-la-muralla#005,source/CURRENT/30_Places/passeig-de-la-muralla.md,3,2. 추천 보행 동선 (북에서 남으로 순방향),reference,63,0,0,ac888851f386c644
passeig-de-la-muralla#006,source/CURRENT/30_Places/passeig-de-la-muralla.md,3,3. Don't Miss & Look Closer,reference,49,0,0,a0a821956b422e2a
passeig-de-la-muralla#007,source/CURRENT/30_Places/passeig-de-la-muralla.md,2,실용,reference,73,0,0,d8e34a3092005c0b
patisserie-weibel#000,source/CURRENT/30_Places/patisserie-weibel.md,0,(preamble),reference,56,0,0,24981aaacb6c5e74
patisserie-weibel#001,source/CURRENT/30_Places/patisserie-weibel.md,2,왜 가는가,reference,86,0,0,c4c0925dd503c3e3
patisserie-weibel#002,source/CURRENT/30_Places/patisserie-weibel.md,3,Editor's Verdict,reference,71,0,0,f40002355ac6fc72
patisserie-weibel#003,source/CURRENT/30_Places/patisserie-weibel.md,2,더 깊이,reference,0,0,0,
patisserie-weibel#004,source/CURRENT/30_Places/patisserie-weibel.md,3,1. 1954년 리셸므 광장의 살아있는 랜드마크,reference,19,0,0,8ef446eb98f427c6
patisserie-weibel#005,source/CURRENT/30_Places/patisserie-weibel.md,3,2. 대표 메뉴와 주문 팁,reference,41,0,0,acdd58d966c56342
patisserie-weibel#006,source/CURRENT/30_Places/patisserie-weibel.md,2,실용,reference,71,1,0,d2820f5d1644729a
peralada#000,source/CURRENT/30_Places/peralada.md,0,(preamble),reference,39,0,0,51a40cc22996460a
peralada#001,source/CURRENT/30_Places/peralada.md,2,왜 가는가,reference,47,0,0,fdf57d21cd90af3c
peralada#002,source/CURRENT/30_Places/peralada.md,3,Editor's Verdict,reference,42,0,0,10f121612247fa79
peralada#003,source/CURRENT/30_Places/peralada.md,2,더 깊이,reference,0,0,0,
peralada#004,source/CURRENT/30_Places/peralada.md,3,1. 카르멜회 수도원과 도서관 (Convent del Carme),reference,22,0,0,86ffbdfc41158d56
peralada#005,source/CURRENT/30_Places/peralada.md,2,실용,reference,46,1,0,94a49e469d181920
peratallada#000,source/CURRENT/30_Places/peratallada.md,0,(preamble),reference,42,0,0,4e3e8f34461069a3
peratallada#001,source/CURRENT/30_Places/peratallada.md,2,왜 가는가,reference,80,0,0,587aa8346454877a
peratallada#002,source/CURRENT/30_Places/peratallada.md,3,Editor's Verdict,reference,59,0,0,e0e5d5c65aab4303
peratallada#003,source/CURRENT/30_Places/peratallada.md,2,더 깊이,reference,0,0,0,
peratallada#004,source/CURRENT/30_Places/peratallada.md,3,1. 해자를 먼저 보라 (El Fossat),reference,34,0,0,61dccc7c157bb9f9
peratallada#005,source/CURRENT/30_Places/peratallada.md,3,2. Don't Miss,reference,69,0,0,3f065988e64baf43
peratallada#006,source/CURRENT/30_Places/peratallada.md,2,실용,reference,77,0,0,9c8707ba3639a2ec
petit-palais#000,source/CURRENT/30_Places/petit-palais.md,0,(preamble),reference,61,0,0,6280d4dc11970f53
petit-palais#001,source/CURRENT/30_Places/petit-palais.md,2,왜 가는가,reference,69,0,0,32308db9b851c646
petit-palais#002,source/CURRENT/30_Places/petit-palais.md,3,Editor's Verdict,reference,72,0,0,270caf20dc376150
petit-palais#003,source/CURRENT/30_Places/petit-palais.md,2,더 깊이,reference,0,0,0,
petit-palais#004,source/CURRENT/30_Places/petit-palais.md,3,1. 건축과 컬렉션의 완벽한 조화,reference,40,0,0,4ec1007cbafbc7c9
petit-palais#005,source/CURRENT/30_Places/petit-palais.md,3,2. Don't Miss & Look Closer,reference,70,0,0,70013055ad5f5e76
petit-palais#006,source/CURRENT/30_Places/petit-palais.md,2,실용 & 예약/교통,reference,76,0,0,e2a28431bbb0bb6a
place-du-forum-arles#000,source/CURRENT/30_Places/place-du-forum-arles.md,0,(preamble),reference,68,0,0,787a98ce0b6d615a
place-du-forum-arles#001,source/CURRENT/30_Places/place-du-forum-arles.md,2,왜 가는가,reference,86,0,0,0ff54ca9814c5865
place-du-forum-arles#002,source/CURRENT/30_Places/place-du-forum-arles.md,3,Editor's Verdict,reference,90,0,0,2cdf53c2ac6297e0
place-du-forum-arles#003,source/CURRENT/30_Places/place-du-forum-arles.md,2,더 깊이,reference,0,0,0,
place-du-forum-arles#004,source/CURRENT/30_Places/place-du-forum-arles.md,3,1. 반 고흐의 『밤의 카페 테라스』와 현장의 진실 (알아야 보인다),reference,52,0,0,c71ccbd2f9c20b7c
place-du-forum-arles#005,source/CURRENT/30_Places/place-du-forum-arles.md,3,2. 벽 속에 박힌 로마 신전 기둥,reference,33,0,0,65ec01316eb4f98e
place-du-forum-arles#006,source/CURRENT/30_Places/place-du-forum-arles.md,3,3. Don't Miss & Look Closer,reference,46,0,0,6fd9b184555dabb8
place-du-forum-arles#007,source/CURRENT/30_Places/place-du-forum-arles.md,2,실용 & 팁,reference,58,0,0,9b072f9698f3d246
place-richelme-place-des-precheurs#000,source/CURRENT/30_Places/place-richelme-place-des-precheurs.md,0,(preamble),reference,66,0,0,6a204eddcf64920f
place-richelme-place-des-precheurs#001,source/CURRENT/30_Places/place-richelme-place-des-precheurs.md,2,왜 가는가,reference,84,0,0,4b85774c47e73703
place-richelme-place-des-precheurs#002,source/CURRENT/30_Places/place-richelme-place-des-precheurs.md,3,Editor's Verdict,reference,85,0,0,4197c7c427422ba2
place-richelme-place-des-precheurs#003,source/CURRENT/30_Places/place-richelme-place-des-precheurs.md,2,더 깊이,reference,0,0,0,
place-richelme-place-des-precheurs#004,source/CURRENT/30_Places/place-richelme-place-des-precheurs.md,3,1. 두 시장의 성격과 활용법 (알아야 보인다),reference,59,0,0,7c59e37fa66d562f
place-richelme-place-des-precheurs#005,source/CURRENT/30_Places/place-richelme-place-des-precheurs.md,3,2. 시장이 파장한 뒤의 마법,reference,26,0,0,4a9b185b5a917f24
place-richelme-place-des-precheurs#006,source/CURRENT/30_Places/place-richelme-place-des-precheurs.md,3,3. Don't Miss & Look Closer,reference,39,0,0,342106f53da21547
place-richelme-place-des-precheurs#007,source/CURRENT/30_Places/place-richelme-place-des-precheurs.md,2,실용,reference,81,0,0,9fd8bd6703593e7d
pont-du-gard#000,source/CURRENT/30_Places/pont-du-gard.md,0,(preamble),reference,60,0,0,98601abb553ade97
pont-du-gard#001,source/CURRENT/30_Places/pont-du-gard.md,2,왜 가는가,reference,83,0,0,57b7cb6857ca0c45
pont-du-gard#002,source/CURRENT/30_Places/pont-du-gard.md,3,Editor's Verdict,reference,105,0,0,1c01d7509ea405a0
pont-du-gard#003,source/CURRENT/30_Places/pont-du-gard.md,2,더 깊이,reference,0,0,0,
pont-du-gard#004,source/CURRENT/30_Places/pont-du-gard.md,3,1. 50km 중력 유수의 기적과 초정밀 측량 (알아야 보인다),reference,75,0,0,917445fe089af857
pont-du-gard#005,source/CURRENT/30_Places/pont-du-gard.md,3,2. 3단 아치 구조의 건축학,reference,86,0,0,7e3971a885f0aa66
pont-du-gard#006,source/CURRENT/30_Places/pont-du-gard.md,3,3. 왜 파괴되지 않고 살아남았는가,reference,47,0,0,99bd3f7093c5b69c
pont-du-gard#007,source/CURRENT/30_Places/pont-du-gard.md,3,4. 4대 뷰포인트 & 산책 코스,reference,67,0,0,d4a6dffa5b1df80b
pont-du-gard#008,source/CURRENT/30_Places/pont-du-gard.md,2,실용 & 주차/운전 팁,reference,162,0,0,68474992a07eef72
pont-saint-benezet#000,source/CURRENT/30_Places/pont-saint-benezet.md,0,(preamble),reference,60,0,0,2ef5fabe2ee90bbb
pont-saint-benezet#001,source/CURRENT/30_Places/pont-saint-benezet.md,2,왜 가는가,reference,83,0,0,8091712308dd156b
pont-saint-benezet#002,source/CURRENT/30_Places/pont-saint-benezet.md,3,Editor's Verdict,reference,86,0,0,2120203ca2495269
pont-saint-benezet#003,source/CURRENT/30_Places/pont-saint-benezet.md,2,더 깊이,reference,0,0,0,
pont-saint-benezet#004,source/CURRENT/30_Places/pont-saint-benezet.md,3,1. 왜 4개의 아치만 남았는가 (알아야 보인다),reference,61,0,0,30b633ee64937854
pont-saint-benezet#005,source/CURRENT/30_Places/pont-saint-benezet.md,3,2. 프랑스 왕국과 교황령의 국경 검문소,reference,36,0,0,a4663e133cb03a34
pont-saint-benezet#006,source/CURRENT/30_Places/pont-saint-benezet.md,3,3. Don't Miss & Look Closer,reference,67,0,0,bcaadd689b247173
pont-saint-benezet#007,source/CURRENT/30_Places/pont-saint-benezet.md,2,실용 & 주차/통합권,reference,90,0,0,cb597ac4b051260f
promenade-des-anglais#000,source/CURRENT/30_Places/promenade-des-anglais.md,0,(preamble),reference,50,0,0,f58f39662c12f626
promenade-des-anglais#001,source/CURRENT/30_Places/promenade-des-anglais.md,2,왜 가는가,reference,96,0,0,76e51fd90082cf13
promenade-des-anglais#002,source/CURRENT/30_Places/promenade-des-anglais.md,3,Editor's Verdict,reference,89,0,0,abbb18f31d90eca2
promenade-des-anglais#003,source/CURRENT/30_Places/promenade-des-anglais.md,2,더 깊이,reference,0,0,0,
promenade-des-anglais#004,source/CURRENT/30_Places/promenade-des-anglais.md,3,1. 벨 에포크 건축의 전시장 — 호텔 네그레스코,reference,37,0,0,875bb53aea402429
promenade-des-anglais#005,source/CURRENT/30_Places/promenade-des-anglais.md,3,2. 파란 의자 (La Chaise Bleue)의 문화사,reference,36,0,0,36588ad8c0ad45ce
promenade-des-anglais#006,source/CURRENT/30_Places/promenade-des-anglais.md,3,3. Don't Miss & Look Closer,reference,62,0,0,9f8555cfc05dfa61
promenade-des-anglais#007,source/CURRENT/30_Places/promenade-des-anglais.md,2,실용,reference,67,0,0,8cff8c5ee3314f0a
puertecillo-sagrada-familia#000,source/CURRENT/30_Places/puertecillo-sagrada-familia.md,0,(preamble),reference,58,0,0,5c327356b488c3f6
puertecillo-sagrada-familia#001,source/CURRENT/30_Places/puertecillo-sagrada-familia.md,2,왜 가는가,reference,65,0,0,cb026bd4419442dc
puertecillo-sagrada-familia#002,source/CURRENT/30_Places/puertecillo-sagrada-familia.md,3,Editor's Verdict,reference,66,0,0,6b0b6eb3e2302e90
puertecillo-sagrada-familia#003,source/CURRENT/30_Places/puertecillo-sagrada-familia.md,2,더 깊이,reference,0,0,0,
puertecillo-sagrada-familia#004,source/CURRENT/30_Places/puertecillo-sagrada-familia.md,3,1. 고르고 정하는 주문 방식,reference,26,0,0,4c00d67cc3ec5f2e
puertecillo-sagrada-familia#005,source/CURRENT/30_Places/puertecillo-sagrada-familia.md,3,2. 2인 기준 주문 요령,reference,31,0,0,baf3bbd9e5f44810
puertecillo-sagrada-familia#006,source/CURRENT/30_Places/puertecillo-sagrada-familia.md,3,3. 재확인이 필요한 것,reference,24,0,0,e299965ac01902ac
puertecillo-sagrada-familia#007,source/CURRENT/30_Places/puertecillo-sagrada-familia.md,2,실용,reference,26,0,0,f90a4c303524fe44
restaurant-beatrice#000,source/CURRENT/30_Places/restaurant-beatrice.md,0,(preamble),reference,62,0,0,df175f45bca81057
restaurant-beatrice#001,source/CURRENT/30_Places/restaurant-beatrice.md,2,왜 가는가,reference,82,0,0,4347239f9f4578c3
restaurant-beatrice#002,source/CURRENT/30_Places/restaurant-beatrice.md,3,Editor’s Verdict,reference,73,0,0,06507e2efaec64bd
restaurant-beatrice#003,source/CURRENT/30_Places/restaurant-beatrice.md,2,더 깊이,reference,0,0,0,
restaurant-beatrice#004,source/CURRENT/30_Places/restaurant-beatrice.md,3,1. 베아트리스 드 로스차일드 남작부인의 살롱,reference,18,0,0,a42f32a5f8b22aea
restaurant-beatrice#005,source/CURRENT/30_Places/restaurant-beatrice.md,3,2. 대표 메뉴와 지중해식 플레이트,reference,43,0,0,b41446db28dbc99d
restaurant-beatrice#006,source/CURRENT/30_Places/restaurant-beatrice.md,2,실용,reference,96,1,0,63427f90aa1516b1
rocher-des-doms#000,source/CURRENT/30_Places/rocher-des-doms.md,0,(preamble),reference,59,0,0,292fa6822313f2a5
rocher-des-doms#001,source/CURRENT/30_Places/rocher-des-doms.md,2,왜 가는가,reference,81,0,0,99f42f11ec4e2ebb
rocher-des-doms#002,source/CURRENT/30_Places/rocher-des-doms.md,3,Editor's Verdict,reference,79,0,0,90e075428199fee0
rocher-des-doms#003,source/CURRENT/30_Places/rocher-des-doms.md,2,더 깊이,reference,0,0,0,
rocher-des-doms#004,source/CURRENT/30_Places/rocher-des-doms.md,3,1. 지형이 만든 아비뇽의 역사 (알아야 보인다),reference,50,0,0,c2efeab035e77658
rocher-des-doms#005,source/CURRENT/30_Places/rocher-des-doms.md,3,2. Don't Miss & Look Closer,reference,51,0,0,3f46163a99bcbca0
rocher-des-doms#006,source/CURRENT/30_Places/rocher-des-doms.md,2,실용 & 접근,reference,59,0,0,e9d00ae613987c29
rotonde#000,source/CURRENT/30_Places/rotonde.md,0,(preamble),reference,57,0,0,d7d200f69aa02c32
rotonde#001,source/CURRENT/30_Places/rotonde.md,2,왜 가는가,reference,63,0,0,28d6018bdf2490fc
rotonde#002,source/CURRENT/30_Places/rotonde.md,3,Editor's Verdict,reference,76,0,0,07d0aee05a92749b
rotonde#003,source/CURRENT/30_Places/rotonde.md,2,더 깊이,reference,0,0,0,
rotonde#004,source/CURRENT/30_Places/rotonde.md,3,1. 3대 여신상이 가리키는 방향 (알아야 보인다),reference,52,0,0,2d466338615ce750
rotonde#005,source/CURRENT/30_Places/rotonde.md,3,2. 주철 사자와 백조 조각,reference,23,0,0,0e285f7745670fbf
rotonde#006,source/CURRENT/30_Places/rotonde.md,2,실용,reference,57,0,0,52b14e15f23ee565
roussillon-sentier-des-ocres#000,source/CURRENT/30_Places/roussillon-sentier-des-ocres.md,0,(preamble),reference,54,0,0,935ac684c7854320
roussillon-sentier-des-ocres#001,source/CURRENT/30_Places/roussillon-sentier-des-ocres.md,2,현장 실행,reference,68,0,0,bb4fb0ca6f5d9633
roussillon-sentier-des-ocres#002,source/CURRENT/30_Places/roussillon-sentier-des-ocres.md,3,Trip Layer,reference,23,0,0,af3f4f7536dc7248
roussillon-sentier-des-ocres#003,source/CURRENT/30_Places/roussillon-sentier-des-ocres.md,2,왜 가는가,reference,78,0,0,94ae39686bbc51e8
roussillon-sentier-des-ocres#004,source/CURRENT/30_Places/roussillon-sentier-des-ocres.md,3,Editor's Verdict,reference,95,0,0,e8a0c9028b62d3b2
roussillon-sentier-des-ocres#005,source/CURRENT/30_Places/roussillon-sentier-des-ocres.md,2,더 깊이,reference,0,0,0,
roussillon-sentier-des-ocres#006,source/CURRENT/30_Places/roussillon-sentier-des-ocres.md,3,1. 1억 년의 지질학과 17가지 색조 (알아야 보인다),reference,59,0,0,11b2106d195db464
roussillon-sentier-des-ocres#007,source/CURRENT/30_Places/roussillon-sentier-des-ocres.md,3,2. Sentier des Ocres 산책 코스 선택법,reference,48,0,0,4e8ab63971cdafbb
roussillon-sentier-des-ocres#008,source/CURRENT/30_Places/roussillon-sentier-des-ocres.md,3,3. Don't Miss & Look Closer,reference,48,0,0,f08e629dca90ec9c
roussillon-sentier-des-ocres#009,source/CURRENT/30_Places/roussillon-sentier-des-ocres.md,2,실용 & 주차/복장 수칙,reference,117,0,0,46331d5d2a994692
sagrada-familia#000,source/CURRENT/30_Places/sagrada-familia.md,0,(preamble),reference,42,0,0,5bfd3298a8fa47de
sagrada-familia#001,source/CURRENT/30_Places/sagrada-familia.md,2,왜 가는가,reference,62,0,0,7016b894fe91ce97
sagrada-familia#002,source/CURRENT/30_Places/sagrada-familia.md,3,Editor's Verdict,reference,91,0,0,7d8a0c0e3e7a951e
sagrada-familia#003,source/CURRENT/30_Places/sagrada-familia.md,2,더 깊이,reference,0,0,0,
sagrada-familia#004,source/CURRENT/30_Places/sagrada-familia.md,3,1. 구조적 혁신 — 기둥이 나무처럼 갈라지는 이유,reference,104,0,0,0ca5aa6ebd6d2626
sagrada-familia#005,source/CURRENT/30_Places/sagrada-familia.md,3,2. 빛의 오케스트라 — 시간과 색의 드라마,reference,65,0,0,5e8da15d771eed8f
sagrada-familia#006,source/CURRENT/30_Places/sagrada-familia.md,3,3. 두 파사드의 극적인 철학적 대비,reference,80,0,0,51675332c080b762
sagrada-familia#007,source/CURRENT/30_Places/sagrada-familia.md,3,4. Don't Miss & Look Closer (현장 관람 핵심),reference,69,0,0,99522fea74b16351
sagrada-familia#008,source/CURRENT/30_Places/sagrada-familia.md,2,실용,reference,132,1,0,bf12bd8ebb116057
saint-paul-de-mausole#000,source/CURRENT/30_Places/saint-paul-de-mausole.md,0,(preamble),reference,63,0,0,9c6e77d0d4ddc9be
saint-paul-de-mausole#001,source/CURRENT/30_Places/saint-paul-de-mausole.md,2,왜 가는가,reference,79,0,0,1604948ce5ab60a4
saint-paul-de-mausole#002,source/CURRENT/30_Places/saint-paul-de-mausole.md,3,Editor's Verdict,reference,82,0,0,dbe1924542ed7f1f
saint-paul-de-mausole#003,source/CURRENT/30_Places/saint-paul-de-mausole.md,2,더 깊이,reference,0,0,0,
saint-paul-de-mausole#004,source/CURRENT/30_Places/saint-paul-de-mausole.md,3,1. 창문 너머의 『별이 빛나는 밤』 (알아야 보인다),reference,61,0,0,ba1bbe972193b9f0
saint-paul-de-mausole#005,source/CURRENT/30_Places/saint-paul-de-mausole.md,3,2. 11세기 로마네스크 회랑과 정원,reference,25,0,0,1e958620c7be1b0c
saint-paul-de-mausole#006,source/CURRENT/30_Places/saint-paul-de-mausole.md,3,3. Don't Miss & Look Closer,reference,37,0,0,83097ea0b68f2c5b
saint-paul-de-mausole#007,source/CURRENT/30_Places/saint-paul-de-mausole.md,2,실용 & 주차/연계,reference,62,0,0,ef57c1af0f311ae9
saint-paul-de-vence#000,source/CURRENT/30_Places/saint-paul-de-vence.md,0,(preamble),reference,65,0,0,cab60acb25c14b77
saint-paul-de-vence#001,source/CURRENT/30_Places/saint-paul-de-vence.md,2,왜 가는가,reference,77,0,0,c31fdef0e926451d
saint-paul-de-vence#002,source/CURRENT/30_Places/saint-paul-de-vence.md,3,Editor's Verdict,reference,88,0,0,5282ee33c4a3ae7f
saint-paul-de-vence#003,source/CURRENT/30_Places/saint-paul-de-vence.md,2,더 깊이,reference,0,0,0,
saint-paul-de-vence#004,source/CURRENT/30_Places/saint-paul-de-vence.md,3,1. 마그 재단 미술관 (Fondation Maeght) — 건축과 예술의 일체화 (알아야 보인다),reference,79,0,0,101630e2768b4292
saint-paul-de-vence#005,source/CURRENT/30_Places/saint-paul-de-vence.md,3,2. 마을 묘지와 샤갈의 안식처,reference,31,0,0,ca8fce4a843b2a19
saint-paul-de-vence#006,source/CURRENT/30_Places/saint-paul-de-vence.md,3,3. Don't Miss & Look Closer,reference,46,0,0,19deff03e378294d
saint-paul-de-vence#007,source/CURRENT/30_Places/saint-paul-de-vence.md,2,실용,reference,77,0,0,cf612e8f0ce31163
saint-remy-de-provence#000,source/CURRENT/30_Places/saint-remy-de-provence.md,0,(preamble),reference,53,0,0,a7bfd40247e15008
saint-remy-de-provence#001,source/CURRENT/30_Places/saint-remy-de-provence.md,2,현장 실행,reference,71,0,0,a17ab9ac42e130cc
saint-remy-de-provence#002,source/CURRENT/30_Places/saint-remy-de-provence.md,3,Trip Layer,reference,18,0,0,cecb8b89e83604ee
saint-remy-de-provence#003,source/CURRENT/30_Places/saint-remy-de-provence.md,2,왜 가는가,reference,74,0,0,be4a52a37046699e
saint-remy-de-provence#004,source/CURRENT/30_Places/saint-remy-de-provence.md,3,Editor's Verdict,reference,84,0,0,d378bec4d62087ec
saint-remy-de-provence#005,source/CURRENT/30_Places/saint-remy-de-provence.md,2,더 깊이,reference,0,0,0,
saint-remy-de-provence#006,source/CURRENT/30_Places/saint-remy-de-provence.md,3,1. 세 인물이 교차하는 지층 (알아야 보인다),reference,66,0,0,a9d34647ccf7d9e0
saint-remy-de-provence#007,source/CURRENT/30_Places/saint-remy-de-provence.md,3,2. Don't Miss & Look Closer,reference,33,0,0,8b9fa6900d12576b
saint-remy-de-provence#008,source/CURRENT/30_Places/saint-remy-de-provence.md,2,실용 & 주차/시장,reference,69,0,0,5bf55a9c65565a54
sant-pau-recinte-modernista#000,source/CURRENT/30_Places/sant-pau-recinte-modernista.md,0,(preamble),reference,51,0,0,df1f2bf60502119b
sant-pau-recinte-modernista#001,source/CURRENT/30_Places/sant-pau-recinte-modernista.md,2,왜 가는가,reference,99,0,0,14e0639a83bb4e90
sant-pau-recinte-modernista#002,source/CURRENT/30_Places/sant-pau-recinte-modernista.md,3,Editor's Verdict,reference,84,0,0,d388a0690a3daa5b
sant-pau-recinte-modernista#003,source/CURRENT/30_Places/sant-pau-recinte-modernista.md,2,더 깊이,reference,0,0,0,
sant-pau-recinte-modernista#004,source/CURRENT/30_Places/sant-pau-recinte-modernista.md,3,1. 45도의 이유 — 바르셀로나 격자망을 거스른 건축적 섬,reference,68,0,0,568747943c22fa3d
sant-pau-recinte-modernista#005,source/CURRENT/30_Places/sant-pau-recinte-modernista.md,3,2. 정원도시와 세라믹의 치유력,reference,43,0,0,ec954d1c92803fda
sant-pau-recinte-modernista#006,source/CURRENT/30_Places/sant-pau-recinte-modernista.md,3,3. 산 라파엘 병동 (Sant Rafael Pavilion) — 100년 전의 시간 여행,reference,42,0,0,141297c6b37d52a8
sant-pau-recinte-modernista#007,source/CURRENT/30_Places/sant-pau-recinte-modernista.md,3,4. Don't Miss & Look Closer,reference,75,0,0,05cfc5507448d258
sant-pau-recinte-modernista#008,source/CURRENT/30_Places/sant-pau-recinte-modernista.md,2,실용,reference,134,1,0,593449739e936bcb
theatre-antique-arles#000,source/CURRENT/30_Places/theatre-antique-arles.md,0,(preamble),reference,64,0,0,4e236cb698722515
theatre-antique-arles#001,source/CURRENT/30_Places/theatre-antique-arles.md,2,왜 가는가,reference,80,0,0,42ff6c0ed6147fde
theatre-antique-arles#002,source/CURRENT/30_Places/theatre-antique-arles.md,3,Editor's Verdict,reference,80,0,0,e0c6f400bf049016
theatre-antique-arles#003,source/CURRENT/30_Places/theatre-antique-arles.md,2,더 깊이,reference,0,0,0,
theatre-antique-arles#004,source/CURRENT/30_Places/theatre-antique-arles.md,3,1. 원형투기장(Arènes) vs 고대 극장(Théâtre)의 차이 (알아야 보인다),reference,49,0,0,a064e92b0fe6d1d9
theatre-antique-arles#005,source/CURRENT/30_Places/theatre-antique-arles.md,3,2. '두 과부(Les Deux Veuves)'와 아를의 비너스,reference,57,0,0,8b632616e3019108
theatre-antique-arles#006,source/CURRENT/30_Places/theatre-antique-arles.md,3,3. Don't Miss & Look Closer,reference,41,0,0,a2345ac92a1182ef
theatre-antique-arles#007,source/CURRENT/30_Places/theatre-antique-arles.md,2,실용 & 티켓/연계,reference,77,0,0,af04a571ca943cd1
uzes#000,source/CURRENT/30_Places/uzes.md,0,(preamble),reference,59,0,0,718b80dcbcb786b0
uzes#001,source/CURRENT/30_Places/uzes.md,2,왜 가는가,reference,84,0,0,b995233aa3a6e2a5
uzes#002,source/CURRENT/30_Places/uzes.md,3,Editor's Verdict,reference,93,0,0,a432ba1d98e1b2d8
uzes#003,source/CURRENT/30_Places/uzes.md,2,더 깊이,reference,0,0,0,
uzes#004,source/CURRENT/30_Places/uzes.md,3,1. 에르브 광장 (Place aux Herbes) (알아야 보인다),reference,45,0,0,18995ff39653599e
uzes#005,source/CURRENT/30_Places/uzes.md,3,2. 프랑스 제1공작의 성 (Le Duché d'Uzès),reference,29,0,0,b6fc99f86f42f1c1
uzes#006,source/CURRENT/30_Places/uzes.md,3,3. 피네스트렐 탑 (Tour Fenestrelle),reference,32,0,0,c22ff1d5db5f2647
uzes#007,source/CURRENT/30_Places/uzes.md,3,4. Don't Miss & Look Closer,reference,40,0,0,5e75bdda841b46b3
uzes#008,source/CURRENT/30_Places/uzes.md,2,실용 & 주차/시장,reference,98,0,0,7635511665349d42
versailles#000,source/CURRENT/30_Places/versailles.md,0,(preamble),reference,56,0,0,c37e6f17ebb679af
versailles#001,source/CURRENT/30_Places/versailles.md,2,왜 가는가,reference,96,0,0,648c4376ea40f45c
versailles#002,source/CURRENT/30_Places/versailles.md,3,Editor's Verdict,reference,87,0,0,81bfe67a5b1a9a42
versailles#003,source/CURRENT/30_Places/versailles.md,2,더 깊이,reference,0,0,0,
versailles#004,source/CURRENT/30_Places/versailles.md,3,1. 베르사유 영역별 관람 전략 (알아야 보인다),reference,121,0,0,87787a3b442451d8
versailles#005,source/CURRENT/30_Places/versailles.md,3,2. Don't Miss & Look Closer,reference,55,0,0,85d3f4ccf400c97a
versailles#006,source/CURRENT/30_Places/versailles.md,2,실용 & 예약/교통,reference,84,0,0,d25bef7598306c48
vieil-aix#000,source/CURRENT/30_Places/vieil-aix.md,0,(preamble),reference,51,0,0,c16f2e12aa5e4886
vieil-aix#001,source/CURRENT/30_Places/vieil-aix.md,2,왜 가는가,reference,91,0,0,a146df1bfc82c753
vieil-aix#002,source/CURRENT/30_Places/vieil-aix.md,3,Editor's Verdict,reference,107,0,0,7e47608b2f9f1c0a
vieil-aix#003,source/CURRENT/30_Places/vieil-aix.md,2,더 깊이,reference,0,0,0,
vieil-aix#004,source/CURRENT/30_Places/vieil-aix.md,3,1. 알베르타스 광장 (Place d'Albertas) — 바로크적 완결성,reference,64,0,0,2acd6950582bcc3e
vieil-aix#005,source/CURRENT/30_Places/vieil-aix.md,3,"2. 생소뵈르 대성당 (Cathédrale Saint-Sauveur) — 1,500년의 지층",reference,79,0,0,94f355f8c0a2f61a
vieil-aix#006,source/CURRENT/30_Places/vieil-aix.md,3,3. 시청사 광장과 천문 시계탑 (Place de l'Hôtel de Ville & Tour de l'Horloge),reference,32,0,0,dd94fab29c302371
vieil-aix#007,source/CURRENT/30_Places/vieil-aix.md,3,4. Don't Miss & Look Closer,reference,71,0,0,09365ba219ebbf5e
vieil-aix#008,source/CURRENT/30_Places/vieil-aix.md,2,실용,reference,125,0,0,e14ec733b1ab57d4
vieux-lyon#000,source/CURRENT/30_Places/vieux-lyon.md,0,(preamble),reference,54,0,0,0207593e9aaf1ce9
vieux-lyon#001,source/CURRENT/30_Places/vieux-lyon.md,2,왜 가는가,reference,68,0,0,931644cafb1aa055
vieux-lyon#002,source/CURRENT/30_Places/vieux-lyon.md,3,Editor's Verdict,reference,97,0,0,77759bfdac2438ab
vieux-lyon#003,source/CURRENT/30_Places/vieux-lyon.md,2,더 깊이,reference,0,0,0,
vieux-lyon#004,source/CURRENT/30_Places/vieux-lyon.md,3,1. 트라불(Traboule)의 작동 원리와 역사 (알아야 보인다),reference,99,0,0,73b539f5678159cf
vieux-lyon#005,source/CURRENT/30_Places/vieux-lyon.md,3,2. 놓치지 말아야 할 대표 트라불 3선,reference,88,0,0,758d52f152313de1
vieux-lyon#006,source/CURRENT/30_Places/vieux-lyon.md,3,3. 생장 대성당 (Primatiale Saint-Jean),reference,38,0,0,87b4553878a027aa
vieux-lyon#007,source/CURRENT/30_Places/vieux-lyon.md,2,실용 & 방문 매너/접근,reference,91,0,0,811af89f5773e3fc
vieux-nice#000,source/CURRENT/30_Places/vieux-nice.md,0,(preamble),reference,45,0,0,74079d27eb4c5715
vieux-nice#001,source/CURRENT/30_Places/vieux-nice.md,2,왜 가는가,reference,95,0,0,566af16e5be63291
vieux-nice#002,source/CURRENT/30_Places/vieux-nice.md,3,Editor's Verdict,reference,67,0,0,27efda9326d1d45e
vieux-nice#003,source/CURRENT/30_Places/vieux-nice.md,2,더 깊이,reference,0,0,0,
vieux-nice#004,source/CURRENT/30_Places/vieux-nice.md,3,1. 트롱프뢰유 (Trompe-l'œil) — 창문세와 벽화의 지혜,reference,44,0,0,624a36a84430b5df
vieux-nice#005,source/CURRENT/30_Places/vieux-nice.md,3,2. 생트 레파라트 대성당과 팔레 라스카리스,reference,61,0,0,a03bef0b171bf68b
vieux-nice#006,source/CURRENT/30_Places/vieux-nice.md,3,3. Don't Miss & Look Closer,reference,48,0,0,05e014c3c36f37ea
vieux-nice#007,source/CURRENT/30_Places/vieux-nice.md,2,실용,reference,77,0,0,c8d3b88feed5c4e2
vieux-port-marseille#000,source/CURRENT/30_Places/vieux-port-marseille.md,0,(preamble),reference,57,0,0,4e62e15e5da8956e
vieux-port-marseille#001,source/CURRENT/30_Places/vieux-port-marseille.md,2,왜 가는가,reference,86,0,0,eab4f9fe5d672270
vieux-port-marseille#002,source/CURRENT/30_Places/vieux-port-marseille.md,3,Editor's Verdict,reference,96,0,0,11e0ebc979101e41
vieux-port-marseille#003,source/CURRENT/30_Places/vieux-port-marseille.md,2,더 깊이,reference,0,0,0,
vieux-port-marseille#004,source/CURRENT/30_Places/vieux-port-marseille.md,3,1. 노먼 포스터의 거울 차양 (L'Ombrière) (알아야 보인다),reference,32,0,0,46e3a52e1c730bf6
vieux-port-marseille#005,source/CURRENT/30_Places/vieux-port-marseille.md,3,"2. 2,600년 전통의 아침 어시장 (Marché aux Poissons)",reference,34,0,0,175fb66ee24c54b1
vieux-port-marseille#006,source/CURRENT/30_Places/vieux-port-marseille.md,3,3. Don't Miss & Look Closer,reference,53,0,0,279f3f4a4e69afee
vieux-port-marseille#007,source/CURRENT/30_Places/vieux-port-marseille.md,2,실용,reference,75,0,0,db026926ebc07814
villa-ephrussi-de-rothschild#000,source/CURRENT/30_Places/villa-ephrussi-de-rothschild.md,0,(preamble),reference,53,0,0,431cf6a4d154747c
villa-ephrussi-de-rothschild#001,source/CURRENT/30_Places/villa-ephrussi-de-rothschild.md,2,왜 가는가,reference,78,0,0,b9a06f8f04ad6103
villa-ephrussi-de-rothschild#002,source/CURRENT/30_Places/villa-ephrussi-de-rothschild.md,3,Editor’s Verdict,reference,67,0,0,0e2d993bf1aab1dd
villa-ephrussi-de-rothschild#003,source/CURRENT/30_Places/villa-ephrussi-de-rothschild.md,2,더 깊이,reference,0,0,0,
villa-ephrussi-de-rothschild#004,source/CURRENT/30_Places/villa-ephrussi-de-rothschild.md,3,1. 베아트리스 남작부인과 일 드 프랑스 호,reference,30,0,0,9480b8e3d96a2b09
villa-ephrussi-de-rothschild#005,source/CURRENT/30_Places/villa-ephrussi-de-rothschild.md,3,2. 9개의 테마 정원과 음악 분수,reference,55,0,0,3638fb38e9986489
villa-ephrussi-de-rothschild#006,source/CURRENT/30_Places/villa-ephrussi-de-rothschild.md,2,실용,reference,88,1,0,c6c65d52ba1e92b0
village-des-bories#000,source/CURRENT/30_Places/village-des-bories.md,0,(preamble),reference,58,0,0,f03fbd74c0c7f599
village-des-bories#001,source/CURRENT/30_Places/village-des-bories.md,2,왜 가는가,reference,73,0,0,504477e23751a349
village-des-bories#002,source/CURRENT/30_Places/village-des-bories.md,3,Editor's Verdict,reference,81,0,0,7520862bbfd502e2
village-des-bories#003,source/CURRENT/30_Places/village-des-bories.md,2,더 깊이,reference,0,0,0,
village-des-bories#004,source/CURRENT/30_Places/village-des-bories.md,3,1. 내어쌓기 기법(Corbelling)과 건식 석조의 비밀 (알아야 보인다),reference,69,0,0,26e627960e971884
village-des-bories#005,source/CURRENT/30_Places/village-des-bories.md,3,2. 오두막의 다채로운 용도,reference,32,0,0,8c7f532ebabe441d
village-des-bories#006,source/CURRENT/30_Places/village-des-bories.md,3,3. Don't Miss & Look Closer,reference,38,0,0,af609b99faae1ef9
village-des-bories#007,source/CURRENT/30_Places/village-des-bories.md,2,실용 & 운전/주차,reference,100,0,0,a79355113c404e50
100_Whole_Trip_43_Day_Execution_Audit_v1.0#001,source/OPERATIONS/100_Whole_Trip_43_Day_Execution_Audit_v1.0.md,1,100. Whole Trip 43-Day Execution Audit v1.0,operations,39,0,0,7fd872c4267a8c88
100_Whole_Trip_43_Day_Execution_Audit_v1.0#002,source/OPERATIONS/100_Whole_Trip_43_Day_Execution_Audit_v1.0.md,2,1. 감사 기준,operations,31,0,0,234f201bc1323bf6
100_Whole_Trip_43_Day_Execution_Audit_v1.0#003,source/OPERATIONS/100_Whole_Trip_43_Day_Execution_Audit_v1.0.md,2,2. 날짜별 실행성 감사,operations,1566,0,0,570c6b6033711bb6
100_Whole_Trip_43_Day_Execution_Audit_v1.0#004,source/OPERATIONS/100_Whole_Trip_43_Day_Execution_Audit_v1.0.md,2,3. 위험도 분류,operations,0,0,0,
100_Whole_Trip_43_Day_Execution_Audit_v1.0#005,source/OPERATIONS/100_Whole_Trip_43_Day_Execution_Audit_v1.0.md,3,A. 연결 실패 시 여행 전체에 영향을 주는 P0 일정,operations,73,0,0,1c1d0dab3c3c1845
100_Whole_Trip_43_Day_Execution_Audit_v1.0#006,source/OPERATIONS/100_Whole_Trip_43_Day_Execution_Audit_v1.0.md,3,B. 날씨·운영조건 의존도가 높은 일정,operations,44,0,0,98c5648d8a3dc32a
100_Whole_Trip_43_Day_Execution_Audit_v1.0#007,source/OPERATIONS/100_Whole_Trip_43_Day_Execution_Audit_v1.0.md,3,C. 과밀화 방지가 필요한 복합일,operations,80,0,0,8cb2bf12cc174803
100_Whole_Trip_43_Day_Execution_Audit_v1.0#008,source/OPERATIONS/100_Whole_Trip_43_Day_Execution_Audit_v1.0.md,2,4. 전 여행 운영규칙,operations,66,0,0,1d70c51dc455f8ff
100_Whole_Trip_43_Day_Execution_Audit_v1.0#009,source/OPERATIONS/100_Whole_Trip_43_Day_Execution_Audit_v1.0.md,2,5. Phase 5 결론,operations,103,0,0,1a0e9a5330eaf1c7
100_Whole_Trip_43_Day_Execution_Audit_v1.0#010,source/OPERATIONS/100_Whole_Trip_43_Day_Execution_Audit_v1.0.md,2,6. 2026-08-03 공식 운영 검증,operations,113,7,0,1e8e097abfaabb27
103_Day_to_Execution_Map_Routing_Matrix_v1.0#001,source/OPERATIONS/103_Day_to_Execution_Map_Routing_Matrix_v1.0.md,1,103. Day-to-Execution-Map Routing Matrix v1.0,operations,124,0,0,eef3048e0326ce2e
103_Day_to_Execution_Map_Routing_Matrix_v1.0#002,source/OPERATIONS/103_Day_to_Execution_Map_Routing_Matrix_v1.0.md,2,전환일 원칙,operations,32,0,0,fc4122f6ee58a256
110_Phase8_Reservation_and_Operations_Lock_Register_v1.0#001,source/OPERATIONS/110_Phase8_Reservation_and_Operations_Lock_Register_v1.0.md,1,Phase 8 Reservation and Operations Lock Register v1.0,operations,0,0,0,
110_Phase8_Reservation_and_Operations_Lock_Register_v1.0#002,source/OPERATIONS/110_Phase8_Reservation_and_Operations_Lock_Register_v1.0.md,2,결론,operations,37,0,0,874a8011cb507f2b
110_Phase8_Reservation_and_Operations_Lock_Register_v1.0#003,source/OPERATIONS/110_Phase8_Reservation_and_Operations_Lock_Register_v1.0.md,2,잠금 완료,operations,52,0,0,37978b80a5635340
110_Phase8_Reservation_and_Operations_Lock_Register_v1.0#004,source/OPERATIONS/110_Phase8_Reservation_and_Operations_Lock_Register_v1.0.md,2,Barcelona 숙소 예약 확정,operations,77,0,0,3bf6c52786f88976
110_Phase8_Reservation_and_Operations_Lock_Register_v1.0#005,source/OPERATIONS/110_Phase8_Reservation_and_Operations_Lock_Register_v1.0.md,2,Girona 권역 숙소 예약 확정,operations,72,0,0,520720fc985e83d3
110_Phase8_Reservation_and_Operations_Lock_Register_v1.0#006,source/OPERATIONS/110_Phase8_Reservation_and_Operations_Lock_Register_v1.0.md,2,Day 2·3 운영 재확인,operations,72,0,0,8f126cc401d068c9
110_Phase8_Reservation_and_Operations_Lock_Register_v1.0#007,source/OPERATIONS/110_Phase8_Reservation_and_Operations_Lock_Register_v1.0.md,2,실제 예약 잠금에 필요한 입력,operations,57,0,0,569b82a1da09b24a
116_Phase10_Official_Source_Fact_Verification_Register_v1.0#001,source/OPERATIONS/116_Phase10_Official_Source_Fact_Verification_Register_v1.0.md,1,116. Phase 10 Official-Source Fact Verification Register v1.0,operations,33,0,0,fd43cdbbaf448554
116_Phase10_Official_Source_Fact_Verification_Register_v1.0#002,source/OPERATIONS/116_Phase10_Official_Source_Fact_Verification_Register_v1.0.md,2,상태 정의,operations,45,0,0,54b71fb3941f51d3
116_Phase10_Official_Source_Fact_Verification_Register_v1.0#003,source/OPERATIONS/116_Phase10_Official_Source_Fact_Verification_Register_v1.0.md,2,공식자료 검증표,operations,1280,42,0,c8c09fa74bf35b1d
116_Phase10_Official_Source_Fact_Verification_Register_v1.0#004,source/OPERATIONS/116_Phase10_Official_Source_Fact_Verification_Register_v1.0.md,2,범위와 한계,operations,50,0,0,1794a5bf2f5a805c
117_Departure_and_Daily_Reverification_Calendar_v1.0#001,source/OPERATIONS/117_Departure_and_Daily_Reverification_Calendar_v1.0.md,1,117. Departure and Daily Reverification Calendar v1.0,operations,0,0,0,
117_Departure_and_Daily_Reverification_Calendar_v1.0#002,source/OPERATIONS/117_Departure_and_Daily_Reverification_Calendar_v1.0.md,2,출발 전,operations,64,0,0,3660b450e859975f
117_Departure_and_Daily_Reverification_Calendar_v1.0#003,source/OPERATIONS/117_Departure_and_Daily_Reverification_Calendar_v1.0.md,2,날짜별 핵심 게이트,operations,188,0,0,ac251b7ad382fec3
118_Phase10_Final_Fact_Verification_Report_v1.0#001,source/OPERATIONS/118_Phase10_Final_Fact_Verification_Report_v1.0.md,1,Phase 10 Final Fact Verification Report v1.0,operations,0,0,0,
118_Phase10_Final_Fact_Verification_Report_v1.0#002,source/OPERATIONS/118_Phase10_Final_Fact_Verification_Report_v1.0.md,2,완료 범위,operations,36,0,0,feb41022c95e8dfa
118_Phase10_Final_Fact_Verification_Report_v1.0#003,source/OPERATIONS/118_Phase10_Final_Fact_Verification_Report_v1.0.md,2,결과,operations,56,0,0,48121e9332b397a4
118_Phase10_Final_Fact_Verification_Report_v1.0#004,source/OPERATIONS/118_Phase10_Final_Fact_Verification_Report_v1.0.md,2,남은 차단요인,operations,23,0,0,73c915cebaf86e72
41_Operational_Variables_and_Reverification_Register_v1.0#000,source/OPERATIONS/41_Operational_Variables_and_Reverification_Register_v1.0.md,0,(preamble),operations,14,0,0,65038c6b0c5b0c86
41_Operational_Variables_and_Reverification_Register_v1.0#001,source/OPERATIONS/41_Operational_Variables_and_Reverification_Register_v1.0.md,1,41. 변동정보·재확인 등록부 v1.0,operations,0,0,0,
41_Operational_Variables_and_Reverification_Register_v1.0#002,source/OPERATIONS/41_Operational_Variables_and_Reverification_Register_v1.0.md,2,1. 목적,operations,23,0,0,956599e0f86e1f5e
41_Operational_Variables_and_Reverification_Register_v1.0#003,source/OPERATIONS/41_Operational_Variables_and_Reverification_Register_v1.0.md,2,2. 전 여행 P0,operations,87,0,0,75c16d3265295111
41_Operational_Variables_and_Reverification_Register_v1.0#004,source/OPERATIONS/41_Operational_Variables_and_Reverification_Register_v1.0.md,2,3. 지역별 P1,operations,129,0,0,471f89f520b9df1e
41_Operational_Variables_and_Reverification_Register_v1.0#005,source/OPERATIONS/41_Operational_Variables_and_Reverification_Register_v1.0.md,2,4. P2 생활정보,operations,30,0,0,4f42056517a8454f
41_Operational_Variables_and_Reverification_Register_v1.0#006,source/OPERATIONS/41_Operational_Variables_and_Reverification_Register_v1.0.md,2,5. 편집 규칙,operations,46,0,0,d22500d1fa2e237f
90_Guidebook_100pct_Roadmap_and_Scorecard_v1.9#001,source/OPERATIONS/90_Guidebook_100pct_Roadmap_and_Scorecard_v1.9.md,1,TP Europe Travel Guidebook — 100% Roadmap and Scorecard v1.9,operations,61,0,0,7f49b97785a3fc4d
90_Guidebook_100pct_Roadmap_and_Scorecard_v1.9#002,source/OPERATIONS/90_Guidebook_100pct_Roadmap_and_Scorecard_v1.9.md,2,Phase 10 주요 정정,operations,70,0,0,df680d02b424a93f
TP_Europe_Travel_Guidebook_Decision_Register_v0.4#000,source/OPERATIONS/TP_Europe_Travel_Guidebook_Decision_Register_v0.4.md,0,(preamble),operations,8,0,0,f6880692e833e522
TP_Europe_Travel_Guidebook_Decision_Register_v0.4#001,source/OPERATIONS/TP_Europe_Travel_Guidebook_Decision_Register_v0.4.md,1,유럽 장기여행 가이드북 결정사항,operations,0,0,0,
TP_Europe_Travel_Guidebook_Decision_Register_v0.4#002,source/OPERATIONS/TP_Europe_Travel_Guidebook_Decision_Register_v0.4.md,2,Decision Register v0.4,operations,82,0,0,0b63cb961ac07682
TP_Europe_Travel_Guidebook_Decision_Register_v0.4#003,source/OPERATIONS/TP_Europe_Travel_Guidebook_Decision_Register_v0.4.md,1,1. 전체 여행 구조,operations,0,0,0,
TP_Europe_Travel_Guidebook_Decision_Register_v0.4#004,source/OPERATIONS/TP_Europe_Travel_Guidebook_Decision_Register_v0.4.md,2,DEC-001 여행기간,operations,20,0,0,3eb589dacaa9ac5d
TP_Europe_Travel_Guidebook_Decision_Register_v0.4#005,source/OPERATIONS/TP_Europe_Travel_Guidebook_Decision_Register_v0.4.md,2,DEC-002 전체 이동 방향,operations,39,0,0,945c5035cedd8f4a
TP_Europe_Travel_Guidebook_Decision_Register_v0.4#006,source/OPERATIONS/TP_Europe_Travel_Guidebook_Decision_Register_v0.4.md,2,DEC-003 도시별 기본 숙박일수,operations,58,0,0,ef0a14a06c95f921
TP_Europe_Travel_Guidebook_Decision_Register_v0.4#007,source/OPERATIONS/TP_Europe_Travel_Guidebook_Decision_Register_v0.4.md,1,2. 바르셀로나·시체스·지로나,operations,0,0,0,
TP_Europe_Travel_Guidebook_Decision_Register_v0.4#008,source/OPERATIONS/TP_Europe_Travel_Guidebook_Decision_Register_v0.4.md,2,DEC-004 바르셀로나의 가우디 건축,operations,30,0,0,35eac5c29cac8670
TP_Europe_Travel_Guidebook_Decision_Register_v0.4#009,source/OPERATIONS/TP_Europe_Travel_Guidebook_Decision_Register_v0.4.md,2,DEC-005 시체스 방문 방식,operations,41,0,0,54f9d1fb9a3bafed
TP_Europe_Travel_Guidebook_Decision_Register_v0.4#010,source/OPERATIONS/TP_Europe_Travel_Guidebook_Decision_Register_v0.4.md,2,DEC-006 지명 표기,operations,9,0,0,b3621b72b058af56
TP_Europe_Travel_Guidebook_Decision_Register_v0.4#011,source/OPERATIONS/TP_Europe_Travel_Guidebook_Decision_Register_v0.4.md,2,DEC-033 Girona 권역 숙소를 Bàscara로 확정,operations,64,0,0,04752f72df9dffea
TP_Europe_Travel_Guidebook_Decision_Register_v0.4#012,source/OPERATIONS/TP_Europe_Travel_Guidebook_Decision_Register_v0.4.md,1,3. 프로방스 숙박 구조,operations,0,0,0,
TP_Europe_Travel_Guidebook_Decision_Register_v0.4#013,source/OPERATIONS/TP_Europe_Travel_Guidebook_Decision_Register_v0.4.md,2,DEC-007 프로방스 총 체류기간,operations,28,0,0,c34e3d5233c94698
TP_Europe_Travel_Guidebook_Decision_Register_v0.4#014,source/OPERATIONS/TP_Europe_Travel_Guidebook_Decision_Register_v0.4.md,2,DEC-008 프로방스 기본 숙박안,operations,49,0,0,c350a1b0b9139920
TP_Europe_Travel_Guidebook_Decision_Register_v0.4#015,source/OPERATIONS/TP_Europe_Travel_Guidebook_Decision_Register_v0.4.md,2,DEC-009 뤼베롱 농가 숙박,operations,21,0,0,a2fb5e581dece0d0
TP_Europe_Travel_Guidebook_Decision_Register_v0.4#016,source/OPERATIONS/TP_Europe_Travel_Guidebook_Decision_Register_v0.4.md,3,농가 옵션 적용 조건,operations,74,0,0,61a29cb48d4cdd40
TP_Europe_Travel_Guidebook_Decision_Register_v0.4#017,source/OPERATIONS/TP_Europe_Travel_Guidebook_Decision_Register_v0.4.md,2,DEC-010 프로방스 두 번째 거점의 방향,operations,48,0,0,b7cac8fd2a595812
TP_Europe_Travel_Guidebook_Decision_Register_v0.4#018,source/OPERATIONS/TP_Europe_Travel_Guidebook_Decision_Register_v0.4.md,1,4. 렌터카와 철도,operations,0,0,0,
TP_Europe_Travel_Guidebook_Decision_Register_v0.4#019,source/OPERATIONS/TP_Europe_Travel_Guidebook_Decision_Register_v0.4.md,2,DEC-011 니스 이후 프랑스 렌터카,operations,43,0,0,a643240ac5f323d4
TP_Europe_Travel_Guidebook_Decision_Register_v0.4#020,source/OPERATIONS/TP_Europe_Travel_Guidebook_Decision_Register_v0.4.md,2,DEC-012 아비뇽→리옹 이동,operations,9,0,0,2975bb0dcd836941
TP_Europe_Travel_Guidebook_Decision_Register_v0.4#021,source/OPERATIONS/TP_Europe_Travel_Guidebook_Decision_Register_v0.4.md,2,DEC-013 추가 검토가 필요한 자동차 구간,operations,31,0,0,fea037d72c027838
TP_Europe_Travel_Guidebook_Decision_Register_v0.4#022,source/OPERATIONS/TP_Europe_Travel_Guidebook_Decision_Register_v0.4.md,1,5. 여행 생활 리듬,operations,0,0,0,
TP_Europe_Travel_Guidebook_Decision_Register_v0.4#023,source/OPERATIONS/TP_Europe_Travel_Guidebook_Decision_Register_v0.4.md,2,DEC-014 식사 방식,operations,30,0,0,75bb00012d07403b
TP_Europe_Travel_Guidebook_Decision_Register_v0.4#024,source/OPERATIONS/TP_Europe_Travel_Guidebook_Decision_Register_v0.4.md,2,DEC-015 하루 일정의 기본 구조,operations,63,0,0,c0ffd451c19df3de
TP_Europe_Travel_Guidebook_Decision_Register_v0.4#025,source/OPERATIONS/TP_Europe_Travel_Guidebook_Decision_Register_v0.4.md,2,DEC-016 하루 활동량,operations,17,0,0,d691b1af2857457b
TP_Europe_Travel_Guidebook_Decision_Register_v0.4#026,source/OPERATIONS/TP_Europe_Travel_Guidebook_Decision_Register_v0.4.md,1,6. 운동·수영·그림,operations,0,0,0,
TP_Europe_Travel_Guidebook_Decision_Register_v0.4#027,source/OPERATIONS/TP_Europe_Travel_Guidebook_Decision_Register_v0.4.md,2,DEC-017 운동 빈도,operations,16,0,0,e49531dde1231fa7
TP_Europe_Travel_Guidebook_Decision_Register_v0.4#028,source/OPERATIONS/TP_Europe_Travel_Guidebook_Decision_Register_v0.4.md,2,DEC-018 수영장 선택 기준,operations,31,0,0,e9e1ccad129ad807
TP_Europe_Travel_Guidebook_Decision_Register_v0.4#029,source/OPERATIONS/TP_Europe_Travel_Guidebook_Decision_Register_v0.4.md,2,DEC-019 그림과 수영의 결합,operations,62,0,0,485c4e8a45dd0d19
TP_Europe_Travel_Guidebook_Decision_Register_v0.4#030,source/OPERATIONS/TP_Europe_Travel_Guidebook_Decision_Register_v0.4.md,1,7. 숙소 선정 원칙,operations,0,0,0,
TP_Europe_Travel_Guidebook_Decision_Register_v0.4#031,source/OPERATIONS/TP_Europe_Travel_Guidebook_Decision_Register_v0.4.md,2,DEC-020 공통 숙소 조건,operations,44,0,0,0144dc6fa4f49956
TP_Europe_Travel_Guidebook_Decision_Register_v0.4#032,source/OPERATIONS/TP_Europe_Travel_Guidebook_Decision_Register_v0.4.md,2,DEC-021 파리 숙소,operations,28,0,0,0d05b1afb94d7cbb
TP_Europe_Travel_Guidebook_Decision_Register_v0.4#033,source/OPERATIONS/TP_Europe_Travel_Guidebook_Decision_Register_v0.4.md,1,8. 문화생활,operations,0,0,0,
TP_Europe_Travel_Guidebook_Decision_Register_v0.4#034,source/OPERATIONS/TP_Europe_Travel_Guidebook_Decision_Register_v0.4.md,2,DEC-022 도시별 문화 일정,operations,22,0,0,c45e7583a6fa7445
TP_Europe_Travel_Guidebook_Decision_Register_v0.4#035,source/OPERATIONS/TP_Europe_Travel_Guidebook_Decision_Register_v0.4.md,2,DEC-023 미술관 일정 운영,operations,14,0,0,c48b9535bf2f028f
TP_Europe_Travel_Guidebook_Decision_Register_v0.4#036,source/OPERATIONS/TP_Europe_Travel_Guidebook_Decision_Register_v0.4.md,1,9. 지도와 가이드북 형식,operations,0,0,0,
TP_Europe_Travel_Guidebook_Decision_Register_v0.4#037,source/OPERATIONS/TP_Europe_Travel_Guidebook_Decision_Register_v0.4.md,2,DEC-024 전체 루트 지도,operations,32,0,0,311cdb209749fab4
TP_Europe_Travel_Guidebook_Decision_Register_v0.4#038,source/OPERATIONS/TP_Europe_Travel_Guidebook_Decision_Register_v0.4.md,2,DEC-025 지역별 일정 지도,operations,49,0,0,c020d0640982aa68
TP_Europe_Travel_Guidebook_Decision_Register_v0.4#039,source/OPERATIONS/TP_Europe_Travel_Guidebook_Decision_Register_v0.4.md,2,DEC-026 지도 표현 방식,operations,29,0,0,95a88144f61bd0f8
TP_Europe_Travel_Guidebook_Decision_Register_v0.4#040,source/OPERATIONS/TP_Europe_Travel_Guidebook_Decision_Register_v0.4.md,1,10. 문서 운영 방식,operations,0,0,0,
TP_Europe_Travel_Guidebook_Decision_Register_v0.4#041,source/OPERATIONS/TP_Europe_Travel_Guidebook_Decision_Register_v0.4.md,2,DEC-027 Working Document,operations,23,0,0,988ed37a1730e1e3
TP_Europe_Travel_Guidebook_Decision_Register_v0.4#042,source/OPERATIONS/TP_Europe_Travel_Guidebook_Decision_Register_v0.4.md,2,DEC-028 Word/PDF 출력,operations,35,0,0,fbe35566dd66d0f0
TP_Europe_Travel_Guidebook_Decision_Register_v0.4#043,source/OPERATIONS/TP_Europe_Travel_Guidebook_Decision_Register_v0.4.md,2,DEC-029 문서 구성,operations,19,0,0,6739c1f91d920660
TP_Europe_Travel_Guidebook_Decision_Register_v0.4#044,source/OPERATIONS/TP_Europe_Travel_Guidebook_Decision_Register_v0.4.md,1,11. 보류·미결정 사항,operations,121,0,0,61d20582686a982a
TP_Europe_Travel_Guidebook_Decision_Register_v0.4#045,source/OPERATIONS/TP_Europe_Travel_Guidebook_Decision_Register_v0.4.md,1,12. 다음 작업,operations,0,0,0,
TP_Europe_Travel_Guidebook_Decision_Register_v0.4#046,source/OPERATIONS/TP_Europe_Travel_Guidebook_Decision_Register_v0.4.md,2,NEXT-001 프로방스 두 번째 거점 결정,operations,27,0,0,8f10d2e7fa4c7445
TP_Europe_Travel_Guidebook_Decision_Register_v0.4#047,source/OPERATIONS/TP_Europe_Travel_Guidebook_Decision_Register_v0.4.md,2,NEXT-002 이후 순서,operations,46,0,0,c49db87636d586ac
TP_Europe_Travel_Guidebook_Decision_Register_v0.4#048,source/OPERATIONS/TP_Europe_Travel_Guidebook_Decision_Register_v0.4.md,1,13. 변경 관리 원칙,operations,45,0,0,9036054c1b113cbb
TP_Europe_Travel_Guidebook_Decision_Register_v0.4#049,source/OPERATIONS/TP_Europe_Travel_Guidebook_Decision_Register_v0.4.md,1,14. 다음 세션용 인계 문장,operations,54,0,0,708ce76a203f6f5c
TP_Europe_Travel_Guidebook_Decision_Register_v0.4#050,source/OPERATIONS/TP_Europe_Travel_Guidebook_Decision_Register_v0.4.md,1,15. 버전 이력,operations,25,0,0,56587ca5245b926d
TP_Europe_Travel_Guidebook_Decision_Register_v0.4#051,source/OPERATIONS/TP_Europe_Travel_Guidebook_Decision_Register_v0.4.md,2,DEC-030 프로방스 5+4+4 복원,operations,35,0,0,705bd435f01c40b0
TP_Europe_Travel_Guidebook_Decision_Register_v0.4#052,source/OPERATIONS/TP_Europe_Travel_Guidebook_Decision_Register_v0.4.md,2,DEC-031 뤼베롱 숙박형 농가체험,operations,56,0,0,1e6818216b8ced41
TP_Europe_Travel_Guidebook_Decision_Register_v0.4#053,source/OPERATIONS/TP_Europe_Travel_Guidebook_Decision_Register_v0.4.md,2,DEC-032 Nice 5박·Aix 4박 일정 재확정,operations,69,0,0,c3cc75b2e124895b
TP_Europe_Travel_Guidebook_Decision_Register_v0.4#054,source/OPERATIONS/TP_Europe_Travel_Guidebook_Decision_Register_v0.4.md,2,DEC-034 Marseille·Arles 추가와 Luberon 3박·Paris 16박 확정,operations,152,0,0,3a8abe0e1742cf3c
TP_Europe_Travel_Guidebook_Decision_Register_v0.4#055,source/OPERATIONS/TP_Europe_Travel_Guidebook_Decision_Register_v0.4.md,2,DEC-035 국제선 확정과 파리 15박 재조정,operations,151,0,0,1fa2891227db88b2
TP_Europe_Travel_Guidebook_Decision_Register_v0.4#056,source/OPERATIONS/TP_Europe_Travel_Guidebook_Decision_Register_v0.4.md,2,DEC-036 니스 숙소 확정,operations,52,0,0,f9bebd40167b5ab8
TP_Europe_Travel_Guidebook_Decision_Register_v0.4#057,source/OPERATIONS/TP_Europe_Travel_Guidebook_Decision_Register_v0.4.md,2,DEC-037 리옹 숙소 확정,operations,126,0,0,55a1c9c30dae8dfa
TP_Europe_Travel_Guidebook_Decision_Register_v0.4#058,source/OPERATIONS/TP_Europe_Travel_Guidebook_Decision_Register_v0.4.md,2,DEC-038 Day 7 BCN 렌터카 반납 12:30 으로 변경,operations,95,0,0,363ea901239aac17
TP_Europe_Travel_Guidebook_Decision_Register_v0.4#059,source/OPERATIONS/TP_Europe_Travel_Guidebook_Decision_Register_v0.4.md,2,DEC-039 프로방스 3거점 숙소 현지 결정 방침과 개인 숙소 비공개 규칙 폐지,operations,118,0,0,d94d2fc3adba0e07
TP_Europe_Travel_Guidebook_Decision_Register_v0.4#060,source/OPERATIONS/TP_Europe_Travel_Guidebook_Decision_Register_v0.4.md,2,OPEN-001 Day 4 시체스 역주행 — 미결정,operations,83,0,0,f12438c7227705ed
README_START_HERE#001,source/README_START_HERE.md,1,TP Europe Travel Guidebook — source/,reference,24,0,0,aa8670dfec617dc3
README_START_HERE#002,source/README_START_HERE.md,2,시작 순서,reference,62,0,0,fd18cd4d92ab8a91
README_START_HERE#003,source/README_START_HERE.md,2,규칙,reference,45,0,0,7f18a3e7c8c9237c
