duplicateGroupId,duplicateType,similarityScore,filePath,sectionTitle,wordCount,recommendedAction,notes
G001,D1-exact,1.0,source/CURRENT/10_Core/01_How_to_Use_This_Guidebook_v1.0.md,01. 이 가이드북을 사용하는 법,26,,
G001,D1-exact,1.0,source/CURRENT/10_Core/42_TP_Europe_Travel_Guidebook_Master_v1.4.md,01. 이 가이드북을 사용하는 법,26,,
G002,D1-exact,1.0,source/CURRENT/10_Core/01_How_to_Use_This_Guidebook_v1.0.md,1. 각 챕터의 세 층,43,,
G002,D1-exact,1.0,source/CURRENT/10_Core/42_TP_Europe_Travel_Guidebook_Master_v1.4.md,1. 각 챕터의 세 층,43,,
G003,D1-exact,1.0,source/CURRENT/10_Core/01_How_to_Use_This_Guidebook_v1.0.md,2. 추천등급의 의미,51,,
G003,D1-exact,1.0,source/CURRENT/10_Core/42_TP_Europe_Travel_Guidebook_Master_v1.4.md,2. 추천등급의 의미,51,,
G004,D1-exact,1.0,source/CURRENT/10_Core/01_How_to_Use_This_Guidebook_v1.0.md,3. 장소 소개카드 읽는 법,63,,
G004,D1-exact,1.0,source/CURRENT/10_Core/42_TP_Europe_Travel_Guidebook_Master_v1.4.md,3. 장소 소개카드 읽는 법,63,,
G005,D1-exact,1.0,source/CURRENT/10_Core/01_How_to_Use_This_Guidebook_v1.0.md,7. 이 가이드북의 여행 흐름,52,,
G005,D1-exact,1.0,source/CURRENT/10_Core/42_TP_Europe_Travel_Guidebook_Master_v1.4.md,8. 이 가이드북의 여행 흐름,52,,
G006,D1-exact,1.0,source/CURRENT/10_Core/02_Whole_Trip_Experience_Highlights_v1.0.md,3. 스케치·사진 대표 장면,56,,
G006,D1-exact,1.0,source/CURRENT/10_Core/42_TP_Europe_Travel_Guidebook_Master_v1.4.md,3. 스케치·사진 대표 장면,56,,
G007,D1-exact,1.0,source/CURRENT/10_Core/03_Whole_Trip_Master_Itinerary_v1.2.md,1. 사용 원칙,46,,
G007,D1-exact,1.0,source/CURRENT/10_Core/42_TP_Europe_Travel_Guidebook_Master_v1.4.md,1. 사용 원칙,46,,
G008,D1-exact,1.0,source/CURRENT/10_Core/03_Whole_Trip_Master_Itinerary_v1.2.md,4. 장거리 이동일,75,,
G008,D1-exact,1.0,source/CURRENT/10_Core/42_TP_Europe_Travel_Guidebook_Master_v1.4.md,4. 장거리 이동일,75,,
G009,D1-exact,1.0,source/CURRENT/10_Core/42_TP_Europe_Travel_Guidebook_Master_v1.4.md,04. 바르셀로나·시체스 3박 4일,63,,
G009,D1-exact,1.0,source/CURRENT/20_Regional_Chapters/04_Barcelona_Sitges_v1.6.md,04. 바르셀로나·시체스 3박 4일,63,,
G009,D1-exact,1.0,source/CURRENT/20_Regional_Chapters/04_Barcelona_Sitges_v2.0.md,04. 바르셀로나·시체스 3박 4일,63,,
G009,D1-exact,1.0,source/CURRENT/30_Reader_Edition/04_Barcelona_Sitges_Reader_v1.5.md,04. 바르셀로나·시체스 3박 4일,63,,
G010,D1-exact,1.0,source/CURRENT/10_Core/42_TP_Europe_Travel_Guidebook_Master_v1.4.md,1. 한눈에 보는 실행 요약,207,,
G010,D1-exact,1.0,source/CURRENT/20_Regional_Chapters/04_Barcelona_Sitges_v1.6.md,1. 한눈에 보는 실행 요약,207,,
G010,D1-exact,1.0,source/CURRENT/20_Regional_Chapters/04_Barcelona_Sitges_v2.0.md,1. 한눈에 보는 실행 요약,207,,
G010,D1-exact,1.0,source/CURRENT/30_Reader_Edition/04_Barcelona_Sitges_Reader_v1.5.md,1. 한눈에 보는 실행 요약,207,,
G011,D1-exact,1.0,source/CURRENT/10_Core/42_TP_Europe_Travel_Guidebook_Master_v1.4.md,일정의 핵심 논리,30,,
G011,D1-exact,1.0,source/CURRENT/20_Regional_Chapters/04_Barcelona_Sitges_v1.6.md,일정의 핵심 논리,30,,
G011,D1-exact,1.0,source/CURRENT/20_Regional_Chapters/04_Barcelona_Sitges_v2.0.md,일정의 핵심 논리,30,,
G011,D1-exact,1.0,source/CURRENT/30_Reader_Edition/04_Barcelona_Sitges_Reader_v1.5.md,일정의 핵심 논리,30,,
G012,D1-exact,1.0,source/CURRENT/10_Core/42_TP_Europe_Travel_Guidebook_Master_v1.4.md,"도착, 숙소 정착, 에이샴플라 생활권 적응",144,,
G012,D1-exact,1.0,source/CURRENT/20_Regional_Chapters/04_Barcelona_Sitges_v1.6.md,"도착, 숙소 정착, 에이샴플라 생활권 적응",144,,
G012,D1-exact,1.0,source/CURRENT/20_Regional_Chapters/04_Barcelona_Sitges_v2.0.md,"도착, 숙소 정착, 에이샴플라 생활권 적응",144,,
G012,D1-exact,1.0,source/CURRENT/30_Reader_Edition/04_Barcelona_Sitges_Reader_v1.5.md,"도착, 숙소 정착, 에이샴플라 생활권 적응",144,,
G013,D1-exact,1.0,source/CURRENT/10_Core/42_TP_Europe_Travel_Guidebook_Master_v1.4.md,"사그라다 파밀리아와 산파우 — 돌, 빛, 도시개혁",235,,
G013,D1-exact,1.0,source/CURRENT/20_Regional_Chapters/04_Barcelona_Sitges_v1.6.md,"사그라다 파밀리아와 산파우 — 돌, 빛, 도시개혁",235,,
G013,D1-exact,1.0,source/CURRENT/20_Regional_Chapters/04_Barcelona_Sitges_v2.0.md,"사그라다 파밀리아와 산파우 — 돌, 빛, 도시개혁",235,,
G013,D1-exact,1.0,source/CURRENT/30_Reader_Edition/04_Barcelona_Sitges_Reader_v1.5.md,"사그라다 파밀리아와 산파우 — 돌, 빛, 도시개혁",235,,
G014,D1-exact,1.0,source/CURRENT/10_Core/42_TP_Europe_Travel_Guidebook_Master_v1.4.md,책과 도시의 기억 — 고딕지구·카탈루냐 도서관·MACBA,276,,
G014,D1-exact,1.0,source/CURRENT/20_Regional_Chapters/04_Barcelona_Sitges_v1.6.md,책과 도시의 기억 — 고딕지구·카탈루냐 도서관·MACBA,276,,
G014,D1-exact,1.0,source/CURRENT/20_Regional_Chapters/04_Barcelona_Sitges_v2.0.md,책과 도시의 기억 — 고딕지구·카탈루냐 도서관·MACBA,276,,
G014,D1-exact,1.0,source/CURRENT/30_Reader_Edition/04_Barcelona_Sitges_Reader_v1.5.md,책과 도시의 기억 — 고딕지구·카탈루냐 도서관·MACBA,276,,
G015,D1-exact,1.0,source/CURRENT/10_Core/42_TP_Europe_Travel_Guidebook_Master_v1.4.md,"렌터카 인수, 시체스 모더니즘과 바다, 지로나 이동",311,,
G015,D1-exact,1.0,source/CURRENT/20_Regional_Chapters/04_Barcelona_Sitges_v1.6.md,"렌터카 인수, 시체스 모더니즘과 바다, 지로나 이동",311,,
G015,D1-exact,1.0,source/CURRENT/20_Regional_Chapters/04_Barcelona_Sitges_v2.0.md,"렌터카 인수, 시체스 모더니즘과 바다, 지로나 이동",311,,
G015,D1-exact,1.0,source/CURRENT/30_Reader_Edition/04_Barcelona_Sitges_Reader_v1.5.md,"렌터카 인수, 시체스 모더니즘과 바다, 지로나 이동",311,,
G016,D1-exact,1.0,source/CURRENT/10_Core/42_TP_Europe_Travel_Guidebook_Master_v1.4.md,9월 1일의 의사결정 기준,46,,
G016,D1-exact,1.0,source/CURRENT/20_Regional_Chapters/04_Barcelona_Sitges_v1.6.md,9월 1일의 의사결정 기준,46,,
G016,D1-exact,1.0,source/CURRENT/20_Regional_Chapters/04_Barcelona_Sitges_v2.0.md,9월 1일의 의사결정 기준,46,,
G016,D1-exact,1.0,source/CURRENT/30_Reader_Edition/04_Barcelona_Sitges_Reader_v1.5.md,9월 1일의 의사결정 기준,46,,
G017,D1-exact,1.0,source/CURRENT/10_Core/42_TP_Europe_Travel_Guidebook_Master_v1.4.md,3. 피로도와 하루 활동량,73,,
G017,D1-exact,1.0,source/CURRENT/20_Regional_Chapters/04_Barcelona_Sitges_v1.6.md,3. 피로도와 하루 활동량,73,,
G017,D1-exact,1.0,source/CURRENT/20_Regional_Chapters/04_Barcelona_Sitges_v2.0.md,3. 피로도와 하루 활동량,73,,
G017,D1-exact,1.0,source/CURRENT/30_Reader_Edition/04_Barcelona_Sitges_Reader_v1.5.md,3. 피로도와 하루 활동량,73,,
G018,D1-exact,1.0,source/CURRENT/10_Core/42_TP_Europe_Travel_Guidebook_Master_v1.4.md,4. 예약 우선순위 실행표,127,,
G018,D1-exact,1.0,source/CURRENT/20_Regional_Chapters/04_Barcelona_Sitges_v1.6.md,4. 예약 우선순위 실행표,127,,
G018,D1-exact,1.0,source/CURRENT/20_Regional_Chapters/04_Barcelona_Sitges_v2.0.md,4. 예약 우선순위 실행표,127,,
G018,D1-exact,1.0,source/CURRENT/30_Reader_Edition/04_Barcelona_Sitges_Reader_v1.5.md,4. 예약 우선순위 실행표,127,,
G019,D1-exact,1.0,source/CURRENT/10_Core/42_TP_Europe_Travel_Guidebook_Master_v1.4.md,5.1 바르셀로나는 ‘고딕도시’이면서 ‘계획도시’다,67,,
G019,D1-exact,1.0,source/CURRENT/20_Regional_Chapters/04_Barcelona_Sitges_v1.6.md,5.1 바르셀로나는 ‘고딕도시’이면서 ‘계획도시’다,67,,
G019,D1-exact,1.0,source/CURRENT/20_Regional_Chapters/04_Barcelona_Sitges_v2.0.md,5.1 바르셀로나는 ‘고딕도시’이면서 ‘계획도시’다,67,,
G019,D1-exact,1.0,source/CURRENT/30_Reader_Edition/04_Barcelona_Sitges_Reader_v1.5.md,5.1 바르셀로나는 ‘고딕도시’이면서 ‘계획도시’다,67,,
G020,D1-exact,1.0,source/CURRENT/10_Core/42_TP_Europe_Travel_Guidebook_Master_v1.4.md,5.2 카탈루냐어는 장식이 아니라 일상의 언어다,48,,
G020,D1-exact,1.0,source/CURRENT/20_Regional_Chapters/04_Barcelona_Sitges_v1.6.md,5.2 카탈루냐어는 장식이 아니라 일상의 언어다,48,,
G020,D1-exact,1.0,source/CURRENT/20_Regional_Chapters/04_Barcelona_Sitges_v2.0.md,5.2 카탈루냐어는 장식이 아니라 일상의 언어다,48,,
G020,D1-exact,1.0,source/CURRENT/30_Reader_Edition/04_Barcelona_Sitges_Reader_v1.5.md,5.2 카탈루냐어는 장식이 아니라 일상의 언어다,48,,
G021,D1-exact,1.0,source/CURRENT/10_Core/42_TP_Europe_Travel_Guidebook_Master_v1.4.md,5.3 모더니즘은 가우디 한 사람의 스타일이 아니다,34,,
G021,D1-exact,1.0,source/CURRENT/20_Regional_Chapters/04_Barcelona_Sitges_v1.6.md,5.3 모더니즘은 가우디 한 사람의 스타일이 아니다,34,,
G021,D1-exact,1.0,source/CURRENT/20_Regional_Chapters/04_Barcelona_Sitges_v2.0.md,5.3 모더니즘은 가우디 한 사람의 스타일이 아니다,34,,
G021,D1-exact,1.0,source/CURRENT/30_Reader_Edition/04_Barcelona_Sitges_Reader_v1.5.md,5.3 모더니즘은 가우디 한 사람의 스타일이 아니다,34,,
G022,D1-exact,1.0,source/CURRENT/10_Core/42_TP_Europe_Travel_Guidebook_Master_v1.4.md,5.4 시장은 관광명소이기 전에 생활 인프라다,29,,
G022,D1-exact,1.0,source/CURRENT/20_Regional_Chapters/04_Barcelona_Sitges_v1.6.md,5.4 시장은 관광명소이기 전에 생활 인프라다,29,,
G022,D1-exact,1.0,source/CURRENT/20_Regional_Chapters/04_Barcelona_Sitges_v2.0.md,5.4 시장은 관광명소이기 전에 생활 인프라다,29,,
G022,D1-exact,1.0,source/CURRENT/30_Reader_Edition/04_Barcelona_Sitges_Reader_v1.5.md,5.4 시장은 관광명소이기 전에 생활 인프라다,29,,
G023,D1-exact,1.0,source/CURRENT/10_Core/42_TP_Europe_Travel_Guidebook_Master_v1.4.md,5.5 2026년은 도시 전체가 건축을 말하는 해다,29,,
G023,D1-exact,1.0,source/CURRENT/20_Regional_Chapters/04_Barcelona_Sitges_v1.6.md,5.5 2026년은 도시 전체가 건축을 말하는 해다,29,,
G023,D1-exact,1.0,source/CURRENT/20_Regional_Chapters/04_Barcelona_Sitges_v2.0.md,5.5 2026년은 도시 전체가 건축을 말하는 해다,29,,
G023,D1-exact,1.0,source/CURRENT/30_Reader_Edition/04_Barcelona_Sitges_Reader_v1.5.md,5.5 2026년은 도시 전체가 건축을 말하는 해다,29,,
G024,D1-exact,1.0,source/CURRENT/10_Core/42_TP_Europe_Travel_Guidebook_Master_v1.4.md,6. 추천등급 기준,86,,
G024,D1-exact,1.0,source/CURRENT/20_Regional_Chapters/04_Barcelona_Sitges_v1.6.md,6. 추천등급 기준,86,,
G024,D1-exact,1.0,source/CURRENT/20_Regional_Chapters/04_Barcelona_Sitges_v2.0.md,6. 추천등급 기준,86,,
G024,D1-exact,1.0,source/CURRENT/30_Reader_Edition/04_Barcelona_Sitges_Reader_v1.5.md,6. 추천등급 기준,86,,
G025,D1-exact,1.0,source/CURRENT/10_Core/42_TP_Europe_Travel_Guidebook_Master_v1.4.md,7.1 Dreta de l’Eixample 동부 — 가장 균형 잡힌 1순위,79,,
G025,D1-exact,1.0,source/CURRENT/20_Regional_Chapters/04_Barcelona_Sitges_v1.6.md,7.1 Dreta de l’Eixample 동부 — 가장 균형 잡힌 1순위,79,,
G025,D1-exact,1.0,source/CURRENT/20_Regional_Chapters/04_Barcelona_Sitges_v2.0.md,7.1 Dreta de l’Eixample 동부 — 가장 균형 잡힌 1순위,79,,
G025,D1-exact,1.0,source/CURRENT/30_Reader_Edition/04_Barcelona_Sitges_Reader_v1.5.md,7.1 Dreta de l’Eixample 동부 — 가장 균형 잡힌 1순위,79,,
G026,D1-exact,1.0,source/CURRENT/10_Core/42_TP_Europe_Travel_Guidebook_Master_v1.4.md,7.2 Sagrada Família 서쪽·Fort Pienc — 가격과 실행성의 2순위,62,,
G026,D1-exact,1.0,source/CURRENT/20_Regional_Chapters/04_Barcelona_Sitges_v1.6.md,7.2 Sagrada Família 서쪽·Fort Pienc — 가격과 실행성의 2순위,62,,
G026,D1-exact,1.0,source/CURRENT/20_Regional_Chapters/04_Barcelona_Sitges_v2.0.md,7.2 Sagrada Família 서쪽·Fort Pienc — 가격과 실행성의 2순위,62,,
G026,D1-exact,1.0,source/CURRENT/30_Reader_Edition/04_Barcelona_Sitges_Reader_v1.5.md,7.2 Sagrada Família 서쪽·Fort Pienc — 가격과 실행성의 2순위,62,,
G027,D1-exact,1.0,source/CURRENT/10_Core/42_TP_Europe_Travel_Guidebook_Master_v1.4.md,7.3 Vila de Gràcia — 생활감은 좋지만 이동 효율은 3순위,53,,
G027,D1-exact,1.0,source/CURRENT/20_Regional_Chapters/04_Barcelona_Sitges_v1.6.md,7.3 Vila de Gràcia — 생활감은 좋지만 이동 효율은 3순위,53,,
G027,D1-exact,1.0,source/CURRENT/20_Regional_Chapters/04_Barcelona_Sitges_v2.0.md,7.3 Vila de Gràcia — 생활감은 좋지만 이동 효율은 3순위,53,,
G027,D1-exact,1.0,source/CURRENT/30_Reader_Edition/04_Barcelona_Sitges_Reader_v1.5.md,7.3 Vila de Gràcia — 생활감은 좋지만 이동 효율은 3순위,53,,
G028,D1-exact,1.0,source/CURRENT/10_Core/42_TP_Europe_Travel_Guidebook_Master_v1.4.md,7.4 Sant Antoni — 음식·시장·현대도시를 좋아하면 좋은 대안,50,,
G028,D1-exact,1.0,source/CURRENT/20_Regional_Chapters/04_Barcelona_Sitges_v1.6.md,7.4 Sant Antoni — 음식·시장·현대도시를 좋아하면 좋은 대안,50,,
G028,D1-exact,1.0,source/CURRENT/20_Regional_Chapters/04_Barcelona_Sitges_v2.0.md,7.4 Sant Antoni — 음식·시장·현대도시를 좋아하면 좋은 대안,50,,
G028,D1-exact,1.0,source/CURRENT/30_Reader_Edition/04_Barcelona_Sitges_Reader_v1.5.md,7.4 Sant Antoni — 음식·시장·현대도시를 좋아하면 좋은 대안,50,,
G029,D1-exact,1.0,source/CURRENT/10_Core/42_TP_Europe_Travel_Guidebook_Master_v1.4.md,"7.5 Born·Gòtic — 방문은 필수, 숙박은 비추천",31,,
G029,D1-exact,1.0,source/CURRENT/20_Regional_Chapters/04_Barcelona_Sitges_v1.6.md,"7.5 Born·Gòtic — 방문은 필수, 숙박은 비추천",31,,
G029,D1-exact,1.0,source/CURRENT/20_Regional_Chapters/04_Barcelona_Sitges_v2.0.md,"7.5 Born·Gòtic — 방문은 필수, 숙박은 비추천",31,,
G029,D1-exact,1.0,source/CURRENT/30_Reader_Edition/04_Barcelona_Sitges_Reader_v1.5.md,"7.5 Born·Gòtic — 방문은 필수, 숙박은 비추천",31,,
G030,D1-exact,1.0,source/CURRENT/10_Core/42_TP_Europe_Travel_Guidebook_Master_v1.4.md,8.1 Basílica de la Sagrada Família,36,,
G030,D1-exact,1.0,source/CURRENT/20_Regional_Chapters/04_Barcelona_Sitges_v1.6.md,8.1 Basílica de la Sagrada Família,36,,
G030,D1-exact,1.0,source/CURRENT/20_Regional_Chapters/04_Barcelona_Sitges_v2.0.md,8.1 Basílica de la Sagrada Família,36,,
G030,D1-exact,1.0,source/CURRENT/30_Reader_Edition/04_Barcelona_Sitges_Reader_v1.5.md,8.1 Basílica de la Sagrada Família,36,,
G031,D1-exact,1.0,source/CURRENT/10_Core/42_TP_Europe_Travel_Guidebook_Master_v1.4.md,실용정보,104,,
G031,D1-exact,1.0,source/CURRENT/20_Regional_Chapters/04_Barcelona_Sitges_v1.6.md,실용정보,104,,
G031,D1-exact,1.0,source/CURRENT/20_Regional_Chapters/04_Barcelona_Sitges_v2.0.md,실용정보,104,,
G031,D1-exact,1.0,source/CURRENT/30_Reader_Edition/04_Barcelona_Sitges_Reader_v1.5.md,실용정보,104,,
G032,D1-exact,1.0,source/CURRENT/10_Core/42_TP_Europe_Travel_Guidebook_Master_v1.4.md,Jason·Julia 관람 순서,65,,
G032,D1-exact,1.0,source/CURRENT/20_Regional_Chapters/04_Barcelona_Sitges_v1.6.md,Jason·Julia 관람 순서,65,,
G032,D1-exact,1.0,source/CURRENT/20_Regional_Chapters/04_Barcelona_Sitges_v2.0.md,Jason·Julia 관람 순서,65,,
G032,D1-exact,1.0,source/CURRENT/30_Reader_Edition/04_Barcelona_Sitges_Reader_v1.5.md,Jason·Julia 관람 순서,65,,
G033,D1-exact,1.0,source/CURRENT/10_Core/42_TP_Europe_Travel_Guidebook_Master_v1.4.md,타워 선택 판단,47,,
G033,D1-exact,1.0,source/CURRENT/20_Regional_Chapters/04_Barcelona_Sitges_v1.6.md,타워 선택 판단,47,,
G033,D1-exact,1.0,source/CURRENT/20_Regional_Chapters/04_Barcelona_Sitges_v2.0.md,타워 선택 판단,47,,
G033,D1-exact,1.0,source/CURRENT/30_Reader_Edition/04_Barcelona_Sitges_Reader_v1.5.md,타워 선택 판단,47,,
G034,D1-exact,1.0,source/CURRENT/10_Core/42_TP_Europe_Travel_Guidebook_Master_v1.4.md,2026 특별 포인트,38,,
G034,D1-exact,1.0,source/CURRENT/20_Regional_Chapters/04_Barcelona_Sitges_v1.6.md,2026 특별 포인트,38,,
G034,D1-exact,1.0,source/CURRENT/20_Regional_Chapters/04_Barcelona_Sitges_v2.0.md,2026 특별 포인트,38,,
G034,D1-exact,1.0,source/CURRENT/30_Reader_Edition/04_Barcelona_Sitges_Reader_v1.5.md,2026 특별 포인트,38,,
G035,D1-exact,1.0,source/CURRENT/10_Core/42_TP_Europe_Travel_Guidebook_Master_v1.4.md,8.2 Recinte Modernista de Sant Pau,67,,
G035,D1-exact,1.0,source/CURRENT/20_Regional_Chapters/04_Barcelona_Sitges_v1.6.md,8.2 Recinte Modernista de Sant Pau,67,,
G035,D1-exact,1.0,source/CURRENT/20_Regional_Chapters/04_Barcelona_Sitges_v2.0.md,8.2 Recinte Modernista de Sant Pau,67,,
G035,D1-exact,1.0,source/CURRENT/30_Reader_Edition/04_Barcelona_Sitges_Reader_v1.5.md,8.2 Recinte Modernista de Sant Pau,67,,
G036,D1-exact,1.0,source/CURRENT/10_Core/42_TP_Europe_Travel_Guidebook_Master_v1.4.md,8.3 Gothic Quarter와 Plaça del Rei,51,,
G036,D1-exact,1.0,source/CURRENT/20_Regional_Chapters/04_Barcelona_Sitges_v1.6.md,8.3 Gothic Quarter와 Plaça del Rei,51,,
G036,D1-exact,1.0,source/CURRENT/20_Regional_Chapters/04_Barcelona_Sitges_v2.0.md,8.3 Gothic Quarter와 Plaça del Rei,51,,
G036,D1-exact,1.0,source/CURRENT/30_Reader_Edition/04_Barcelona_Sitges_Reader_v1.5.md,8.3 Gothic Quarter와 Plaça del Rei,51,,
G037,D1-exact,1.0,source/CURRENT/10_Core/42_TP_Europe_Travel_Guidebook_Master_v1.4.md,8.4 Biblioteca de Catalunya,77,,
G037,D1-exact,1.0,source/CURRENT/20_Regional_Chapters/04_Barcelona_Sitges_v1.6.md,8.4 Biblioteca de Catalunya,77,,
G037,D1-exact,1.0,source/CURRENT/20_Regional_Chapters/04_Barcelona_Sitges_v2.0.md,8.4 Biblioteca de Catalunya,77,,
G037,D1-exact,1.0,source/CURRENT/30_Reader_Edition/04_Barcelona_Sitges_Reader_v1.5.md,8.4 Biblioteca de Catalunya,77,,
G038,D1-exact,1.0,source/CURRENT/10_Core/42_TP_Europe_Travel_Guidebook_Master_v1.4.md,8.5 MACBA — Museu d’Art Contemporani de Barcelona,73,,
G038,D1-exact,1.0,source/CURRENT/20_Regional_Chapters/04_Barcelona_Sitges_v1.6.md,8.5 MACBA — Museu d’Art Contemporani de Barcelona,73,,
G038,D1-exact,1.0,source/CURRENT/20_Regional_Chapters/04_Barcelona_Sitges_v2.0.md,8.5 MACBA — Museu d’Art Contemporani de Barcelona,73,,
G038,D1-exact,1.0,source/CURRENT/30_Reader_Edition/04_Barcelona_Sitges_Reader_v1.5.md,8.5 MACBA — Museu d’Art Contemporani de Barcelona,73,,
G039,D1-exact,1.0,source/CURRENT/10_Core/42_TP_Europe_Travel_Guidebook_Master_v1.4.md,8.6 Museu Picasso de Barcelona,69,,
G039,D1-exact,1.0,source/CURRENT/20_Regional_Chapters/04_Barcelona_Sitges_v1.6.md,8.6 Museu Picasso de Barcelona,69,,
G039,D1-exact,1.0,source/CURRENT/20_Regional_Chapters/04_Barcelona_Sitges_v2.0.md,8.6 Museu Picasso de Barcelona,69,,
G039,D1-exact,1.0,source/CURRENT/30_Reader_Edition/04_Barcelona_Sitges_Reader_v1.5.md,8.6 Museu Picasso de Barcelona,69,,
G040,D1-exact,1.0,source/CURRENT/10_Core/42_TP_Europe_Travel_Guidebook_Master_v1.4.md,8.7 MNAC — Museu Nacional d’Art de Catalunya,52,,
G040,D1-exact,1.0,source/CURRENT/20_Regional_Chapters/04_Barcelona_Sitges_v1.6.md,8.7 MNAC — Museu Nacional d’Art de Catalunya,52,,
G040,D1-exact,1.0,source/CURRENT/20_Regional_Chapters/04_Barcelona_Sitges_v2.0.md,8.7 MNAC — Museu Nacional d’Art de Catalunya,52,,
G040,D1-exact,1.0,source/CURRENT/30_Reader_Edition/04_Barcelona_Sitges_Reader_v1.5.md,8.7 MNAC — Museu Nacional d’Art de Catalunya,52,,
G041,D1-exact,1.0,source/CURRENT/10_Core/42_TP_Europe_Travel_Guidebook_Master_v1.4.md,8.8 Fundació Joan Miró,39,,
G041,D1-exact,1.0,source/CURRENT/20_Regional_Chapters/04_Barcelona_Sitges_v1.6.md,8.8 Fundació Joan Miró,39,,
G041,D1-exact,1.0,source/CURRENT/20_Regional_Chapters/04_Barcelona_Sitges_v2.0.md,8.8 Fundació Joan Miró,39,,
G041,D1-exact,1.0,source/CURRENT/30_Reader_Edition/04_Barcelona_Sitges_Reader_v1.5.md,8.8 Fundació Joan Miró,39,,
G042,D1-exact,1.0,source/CURRENT/10_Core/42_TP_Europe_Travel_Guidebook_Master_v1.4.md,8.9 Disseny Hub Barcelona,43,,
G042,D1-exact,1.0,source/CURRENT/20_Regional_Chapters/04_Barcelona_Sitges_v1.6.md,8.9 Disseny Hub Barcelona,43,,
G042,D1-exact,1.0,source/CURRENT/20_Regional_Chapters/04_Barcelona_Sitges_v2.0.md,8.9 Disseny Hub Barcelona,43,,
G042,D1-exact,1.0,source/CURRENT/30_Reader_Edition/04_Barcelona_Sitges_Reader_v1.5.md,8.9 Disseny Hub Barcelona,43,,
G043,D1-exact,1.0,source/CURRENT/10_Core/42_TP_Europe_Travel_Guidebook_Master_v1.4.md,9. 미술관·박물관·도서관·서점 선택표,131,,
G043,D1-exact,1.0,source/CURRENT/20_Regional_Chapters/04_Barcelona_Sitges_v1.6.md,9. 미술관·박물관·도서관·서점 선택표,131,,
G043,D1-exact,1.0,source/CURRENT/20_Regional_Chapters/04_Barcelona_Sitges_v2.0.md,9. 미술관·박물관·도서관·서점 선택표,131,,
G043,D1-exact,1.0,source/CURRENT/30_Reader_Edition/04_Barcelona_Sitges_Reader_v1.5.md,9. 미술관·박물관·도서관·서점 선택표,131,,
G044,D1-exact,1.0,source/CURRENT/10_Core/42_TP_Europe_Travel_Guidebook_Master_v1.4.md,서점 세부 추천,55,,
G044,D1-exact,1.0,source/CURRENT/20_Regional_Chapters/04_Barcelona_Sitges_v1.6.md,서점 세부 추천,55,,
G044,D1-exact,1.0,source/CURRENT/20_Regional_Chapters/04_Barcelona_Sitges_v2.0.md,서점 세부 추천,55,,
G044,D1-exact,1.0,source/CURRENT/30_Reader_Edition/04_Barcelona_Sitges_Reader_v1.5.md,서점 세부 추천,55,,
G045,D1-exact,1.0,source/CURRENT/10_Core/42_TP_Europe_Travel_Guidebook_Master_v1.4.md,10.1 왜 시체스를 경유하는가,37,,
G045,D1-exact,1.0,source/CURRENT/20_Regional_Chapters/04_Barcelona_Sitges_v1.6.md,10.1 왜 시체스를 경유하는가,37,,
G045,D1-exact,1.0,source/CURRENT/20_Regional_Chapters/04_Barcelona_Sitges_v2.0.md,10.1 왜 시체스를 경유하는가,37,,
G045,D1-exact,1.0,source/CURRENT/30_Reader_Edition/04_Barcelona_Sitges_Reader_v1.5.md,10.1 왜 시체스를 경유하는가,37,,
G046,D1-exact,1.0,source/CURRENT/10_Core/42_TP_Europe_Travel_Guidebook_Master_v1.4.md,10.2 2시간 30분 핵심동선,34,,
G046,D1-exact,1.0,source/CURRENT/20_Regional_Chapters/04_Barcelona_Sitges_v1.6.md,10.2 2시간 30분 핵심동선,34,,
G046,D1-exact,1.0,source/CURRENT/20_Regional_Chapters/04_Barcelona_Sitges_v2.0.md,10.2 2시간 30분 핵심동선,34,,
G046,D1-exact,1.0,source/CURRENT/30_Reader_Edition/04_Barcelona_Sitges_Reader_v1.5.md,10.2 2시간 30분 핵심동선,34,,
G047,D1-exact,1.0,source/CURRENT/10_Core/42_TP_Europe_Travel_Guidebook_Master_v1.4.md,10.3 Cau Ferrat와 Maricel,46,,
G047,D1-exact,1.0,source/CURRENT/20_Regional_Chapters/04_Barcelona_Sitges_v1.6.md,10.3 Cau Ferrat와 Maricel,46,,
G047,D1-exact,1.0,source/CURRENT/20_Regional_Chapters/04_Barcelona_Sitges_v2.0.md,10.3 Cau Ferrat와 Maricel,46,,
G047,D1-exact,1.0,source/CURRENT/30_Reader_Edition/04_Barcelona_Sitges_Reader_v1.5.md,10.3 Cau Ferrat와 Maricel,46,,
G048,D1-exact,1.0,source/CURRENT/10_Core/42_TP_Europe_Travel_Guidebook_Master_v1.4.md,10.4 해변 선택,36,,
G048,D1-exact,1.0,source/CURRENT/20_Regional_Chapters/04_Barcelona_Sitges_v1.6.md,10.4 해변 선택,36,,
G048,D1-exact,1.0,source/CURRENT/20_Regional_Chapters/04_Barcelona_Sitges_v2.0.md,10.4 해변 선택,36,,
G048,D1-exact,1.0,source/CURRENT/30_Reader_Edition/04_Barcelona_Sitges_Reader_v1.5.md,10.4 해변 선택,36,,
G049,D1-exact,1.0,source/CURRENT/10_Core/42_TP_Europe_Travel_Guidebook_Master_v1.4.md,11.1 예산 산식,50,,
G049,D1-exact,1.0,source/CURRENT/20_Regional_Chapters/04_Barcelona_Sitges_v1.6.md,11.1 예산 산식,50,,
G049,D1-exact,1.0,source/CURRENT/20_Regional_Chapters/04_Barcelona_Sitges_v2.0.md,11.1 예산 산식,50,,
G049,D1-exact,1.0,source/CURRENT/30_Reader_Edition/04_Barcelona_Sitges_Reader_v1.5.md,11.1 예산 산식,50,,
G050,D1-exact,1.0,source/CURRENT/10_Core/42_TP_Europe_Travel_Guidebook_Master_v1.4.md,11.2 공통 필수 확인,75,,
G050,D1-exact,1.0,source/CURRENT/20_Regional_Chapters/04_Barcelona_Sitges_v1.6.md,11.2 공통 필수 확인,75,,
G050,D1-exact,1.0,source/CURRENT/20_Regional_Chapters/04_Barcelona_Sitges_v2.0.md,11.2 공통 필수 확인,75,,
G050,D1-exact,1.0,source/CURRENT/30_Reader_Edition/04_Barcelona_Sitges_Reader_v1.5.md,11.2 공통 필수 확인,75,,
G051,D1-exact,1.0,source/CURRENT/10_Core/42_TP_Europe_Travel_Guidebook_Master_v1.4.md,12. 실제 숙소 후보 7곳,207,,
G051,D1-exact,1.0,source/CURRENT/20_Regional_Chapters/04_Barcelona_Sitges_v1.6.md,12. 실제 숙소 후보 7곳,207,,
G051,D1-exact,1.0,source/CURRENT/20_Regional_Chapters/04_Barcelona_Sitges_v2.0.md,12. 실제 숙소 후보 7곳,207,,
G051,D1-exact,1.0,source/CURRENT/30_Reader_Edition/04_Barcelona_Sitges_Reader_v1.5.md,12. 실제 숙소 후보 7곳,207,,
G052,D1-exact,1.0,source/CURRENT/10_Core/42_TP_Europe_Travel_Guidebook_Master_v1.4.md,12.1 1순위: Hotel SERHS Carlit,43,,
G052,D1-exact,1.0,source/CURRENT/20_Regional_Chapters/04_Barcelona_Sitges_v1.6.md,12.1 1순위: Hotel SERHS Carlit,43,,
G052,D1-exact,1.0,source/CURRENT/20_Regional_Chapters/04_Barcelona_Sitges_v2.0.md,12.1 1순위: Hotel SERHS Carlit,43,,
G052,D1-exact,1.0,source/CURRENT/30_Reader_Edition/04_Barcelona_Sitges_Reader_v1.5.md,12.1 1순위: Hotel SERHS Carlit,43,,
G053,D1-exact,1.0,source/CURRENT/10_Core/42_TP_Europe_Travel_Guidebook_Master_v1.4.md,12.2 2순위: Hotel Glòries,31,,
G053,D1-exact,1.0,source/CURRENT/20_Regional_Chapters/04_Barcelona_Sitges_v1.6.md,12.2 2순위: Hotel Glòries,31,,
G053,D1-exact,1.0,source/CURRENT/20_Regional_Chapters/04_Barcelona_Sitges_v2.0.md,12.2 2순위: Hotel Glòries,31,,
G053,D1-exact,1.0,source/CURRENT/30_Reader_Edition/04_Barcelona_Sitges_Reader_v1.5.md,12.2 2순위: Hotel Glòries,31,,
G054,D1-exact,1.0,source/CURRENT/10_Core/42_TP_Europe_Travel_Guidebook_Master_v1.4.md,12.3 3순위: Leonardo Boutique Hotel Barcelona Sagrada Familia,30,,
G054,D1-exact,1.0,source/CURRENT/20_Regional_Chapters/04_Barcelona_Sitges_v1.6.md,12.3 3순위: Leonardo Boutique Hotel Barcelona Sagrada Familia,30,,
G054,D1-exact,1.0,source/CURRENT/20_Regional_Chapters/04_Barcelona_Sitges_v2.0.md,12.3 3순위: Leonardo Boutique Hotel Barcelona Sagrada Familia,30,,
G054,D1-exact,1.0,source/CURRENT/30_Reader_Edition/04_Barcelona_Sitges_Reader_v1.5.md,12.3 3순위: Leonardo Boutique Hotel Barcelona Sagrada Familia,30,,
G055,D1-exact,1.0,source/CURRENT/10_Core/42_TP_Europe_Travel_Guidebook_Master_v1.4.md,12.4 4순위: Praktik Garden,52,,
G055,D1-exact,1.0,source/CURRENT/20_Regional_Chapters/04_Barcelona_Sitges_v1.6.md,12.4 4순위: Praktik Garden,52,,
G055,D1-exact,1.0,source/CURRENT/20_Regional_Chapters/04_Barcelona_Sitges_v2.0.md,12.4 4순위: Praktik Garden,52,,
G055,D1-exact,1.0,source/CURRENT/30_Reader_Edition/04_Barcelona_Sitges_Reader_v1.5.md,12.4 4순위: Praktik Garden,52,,
G056,D1-exact,1.0,source/CURRENT/10_Core/42_TP_Europe_Travel_Guidebook_Master_v1.4.md,12.5 5순위: Motel One Barcelona-Ciutadella,44,,
G056,D1-exact,1.0,source/CURRENT/20_Regional_Chapters/04_Barcelona_Sitges_v1.6.md,12.5 5순위: Motel One Barcelona-Ciutadella,44,,
G056,D1-exact,1.0,source/CURRENT/20_Regional_Chapters/04_Barcelona_Sitges_v2.0.md,12.5 5순위: Motel One Barcelona-Ciutadella,44,,
G056,D1-exact,1.0,source/CURRENT/30_Reader_Edition/04_Barcelona_Sitges_Reader_v1.5.md,12.5 5순위: Motel One Barcelona-Ciutadella,44,,
G057,D1-exact,1.0,source/CURRENT/10_Core/42_TP_Europe_Travel_Guidebook_Master_v1.4.md,12.6 6순위: Aparthotel Napols,30,,
G057,D1-exact,1.0,source/CURRENT/20_Regional_Chapters/04_Barcelona_Sitges_v1.6.md,12.6 6순위: Aparthotel Napols,30,,
G057,D1-exact,1.0,source/CURRENT/20_Regional_Chapters/04_Barcelona_Sitges_v2.0.md,12.6 6순위: Aparthotel Napols,30,,
G057,D1-exact,1.0,source/CURRENT/30_Reader_Edition/04_Barcelona_Sitges_Reader_v1.5.md,12.6 6순위: Aparthotel Napols,30,,
G058,D1-exact,1.0,source/CURRENT/10_Core/42_TP_Europe_Travel_Guidebook_Master_v1.4.md,12.7 숙소 최종 선택 알고리즘,58,,
G058,D1-exact,1.0,source/CURRENT/20_Regional_Chapters/04_Barcelona_Sitges_v1.6.md,12.7 숙소 최종 선택 알고리즘,58,,
G058,D1-exact,1.0,source/CURRENT/20_Regional_Chapters/04_Barcelona_Sitges_v2.0.md,12.7 숙소 최종 선택 알고리즘,58,,
G058,D1-exact,1.0,source/CURRENT/30_Reader_Edition/04_Barcelona_Sitges_Reader_v1.5.md,12.7 숙소 최종 선택 알고리즘,58,,
G059,D1-exact,1.0,source/CURRENT/10_Core/42_TP_Europe_Travel_Guidebook_Master_v1.4.md,13.1 확정 또는 우선 예약 레스토랑,114,,
G059,D1-exact,1.0,source/CURRENT/20_Regional_Chapters/04_Barcelona_Sitges_v1.6.md,13.1 확정 또는 우선 예약 레스토랑,114,,
G059,D1-exact,1.0,source/CURRENT/20_Regional_Chapters/04_Barcelona_Sitges_v2.0.md,13.1 확정 또는 우선 예약 레스토랑,114,,
G059,D1-exact,1.0,source/CURRENT/30_Reader_Edition/04_Barcelona_Sitges_Reader_v1.5.md,13.1 확정 또는 우선 예약 레스토랑,114,,
G060,D1-exact,1.0,source/CURRENT/10_Core/42_TP_Europe_Travel_Guidebook_Master_v1.4.md,13.2 Bodega Joan — 예산과 전통의 균형,87,,
G060,D1-exact,1.0,source/CURRENT/20_Regional_Chapters/04_Barcelona_Sitges_v1.6.md,13.2 Bodega Joan — 예산과 전통의 균형,87,,
G060,D1-exact,1.0,source/CURRENT/20_Regional_Chapters/04_Barcelona_Sitges_v2.0.md,13.2 Bodega Joan — 예산과 전통의 균형,87,,
G060,D1-exact,1.0,source/CURRENT/30_Reader_Edition/04_Barcelona_Sitges_Reader_v1.5.md,13.2 Bodega Joan — 예산과 전통의 균형,87,,
G061,D1-exact,1.0,source/CURRENT/10_Core/42_TP_Europe_Travel_Guidebook_Master_v1.4.md,13.3 La Paradeta — 사그라다 뒤의 실용적 해산물,54,,
G061,D1-exact,1.0,source/CURRENT/20_Regional_Chapters/04_Barcelona_Sitges_v1.6.md,13.3 La Paradeta — 사그라다 뒤의 실용적 해산물,54,,
G061,D1-exact,1.0,source/CURRENT/20_Regional_Chapters/04_Barcelona_Sitges_v2.0.md,13.3 La Paradeta — 사그라다 뒤의 실용적 해산물,54,,
G061,D1-exact,1.0,source/CURRENT/30_Reader_Edition/04_Barcelona_Sitges_Reader_v1.5.md,13.3 La Paradeta — 사그라다 뒤의 실용적 해산물,54,,
G062,D1-exact,1.0,source/CURRENT/10_Core/42_TP_Europe_Travel_Guidebook_Master_v1.4.md,13.4 Bar Cañete — 한 번의 집중 타파스,53,,
G062,D1-exact,1.0,source/CURRENT/20_Regional_Chapters/04_Barcelona_Sitges_v1.6.md,13.4 Bar Cañete — 한 번의 집중 타파스,53,,
G062,D1-exact,1.0,source/CURRENT/20_Regional_Chapters/04_Barcelona_Sitges_v2.0.md,13.4 Bar Cañete — 한 번의 집중 타파스,53,,
G062,D1-exact,1.0,source/CURRENT/30_Reader_Edition/04_Barcelona_Sitges_Reader_v1.5.md,13.4 Bar Cañete — 한 번의 집중 타파스,53,,
G063,D1-exact,1.0,source/CURRENT/10_Core/42_TP_Europe_Travel_Guidebook_Master_v1.4.md,13.5 La Zorra Sitges — 이동일 점심의 기준점,58,,
G063,D1-exact,1.0,source/CURRENT/20_Regional_Chapters/04_Barcelona_Sitges_v1.6.md,13.5 La Zorra Sitges — 이동일 점심의 기준점,58,,
G063,D1-exact,1.0,source/CURRENT/20_Regional_Chapters/04_Barcelona_Sitges_v2.0.md,13.5 La Zorra Sitges — 이동일 점심의 기준점,58,,
G063,D1-exact,1.0,source/CURRENT/30_Reader_Edition/04_Barcelona_Sitges_Reader_v1.5.md,13.5 La Zorra Sitges — 이동일 점심의 기준점,58,,
G064,D1-exact,1.0,source/CURRENT/10_Core/42_TP_Europe_Travel_Guidebook_Master_v1.4.md,13.6 추가 식당 후보,86,,
G064,D1-exact,1.0,source/CURRENT/20_Regional_Chapters/04_Barcelona_Sitges_v1.6.md,13.6 추가 식당 후보,86,,
G064,D1-exact,1.0,source/CURRENT/20_Regional_Chapters/04_Barcelona_Sitges_v2.0.md,13.6 추가 식당 후보,86,,
G064,D1-exact,1.0,source/CURRENT/30_Reader_Edition/04_Barcelona_Sitges_Reader_v1.5.md,13.6 추가 식당 후보,86,,
G065,D1-exact,1.0,source/CURRENT/10_Core/42_TP_Europe_Travel_Guidebook_Master_v1.4.md,14. 카페 5곳,135,,
G065,D1-exact,1.0,source/CURRENT/20_Regional_Chapters/04_Barcelona_Sitges_v1.6.md,14. 카페 5곳,135,,
G065,D1-exact,1.0,source/CURRENT/20_Regional_Chapters/04_Barcelona_Sitges_v2.0.md,14. 카페 5곳,135,,
G065,D1-exact,1.0,source/CURRENT/30_Reader_Edition/04_Barcelona_Sitges_Reader_v1.5.md,14. 카페 5곳,135,,
G066,D1-exact,1.0,source/CURRENT/10_Core/42_TP_Europe_Travel_Guidebook_Master_v1.4.md,15.1 Mercat de la Concepció — 실제 장보기 1순위,89,,
G066,D1-exact,1.0,source/CURRENT/20_Regional_Chapters/04_Barcelona_Sitges_v1.6.md,15.1 Mercat de la Concepció — 실제 장보기 1순위,89,,
G066,D1-exact,1.0,source/CURRENT/20_Regional_Chapters/04_Barcelona_Sitges_v2.0.md,15.1 Mercat de la Concepció — 실제 장보기 1순위,89,,
G066,D1-exact,1.0,source/CURRENT/30_Reader_Edition/04_Barcelona_Sitges_Reader_v1.5.md,15.1 Mercat de la Concepció — 실제 장보기 1순위,89,,
G067,D1-exact,1.0,source/CURRENT/10_Core/42_TP_Europe_Travel_Guidebook_Master_v1.4.md,15.2 Boqueria — 상징성은 높지만 이번에는 선택,25,,
G067,D1-exact,1.0,source/CURRENT/20_Regional_Chapters/04_Barcelona_Sitges_v1.6.md,15.2 Boqueria — 상징성은 높지만 이번에는 선택,25,,
G067,D1-exact,1.0,source/CURRENT/20_Regional_Chapters/04_Barcelona_Sitges_v2.0.md,15.2 Boqueria — 상징성은 높지만 이번에는 선택,25,,
G067,D1-exact,1.0,source/CURRENT/30_Reader_Edition/04_Barcelona_Sitges_Reader_v1.5.md,15.2 Boqueria — 상징성은 높지만 이번에는 선택,25,,
G068,D1-exact,1.0,source/CURRENT/10_Core/42_TP_Europe_Travel_Guidebook_Master_v1.4.md,15.3 Santa Caterina — Born 일정과 결합할 대안,29,,
G068,D1-exact,1.0,source/CURRENT/20_Regional_Chapters/04_Barcelona_Sitges_v1.6.md,15.3 Santa Caterina — Born 일정과 결합할 대안,29,,
G068,D1-exact,1.0,source/CURRENT/20_Regional_Chapters/04_Barcelona_Sitges_v2.0.md,15.3 Santa Caterina — Born 일정과 결합할 대안,29,,
G068,D1-exact,1.0,source/CURRENT/30_Reader_Edition/04_Barcelona_Sitges_Reader_v1.5.md,15.3 Santa Caterina — Born 일정과 결합할 대안,29,,
G069,D1-exact,1.0,source/CURRENT/10_Core/42_TP_Europe_Travel_Guidebook_Master_v1.4.md,15.4 슈퍼마켓 사용 원칙,36,,
G069,D1-exact,1.0,source/CURRENT/20_Regional_Chapters/04_Barcelona_Sitges_v1.6.md,15.4 슈퍼마켓 사용 원칙,36,,
G069,D1-exact,1.0,source/CURRENT/20_Regional_Chapters/04_Barcelona_Sitges_v2.0.md,15.4 슈퍼마켓 사용 원칙,36,,
G069,D1-exact,1.0,source/CURRENT/30_Reader_Edition/04_Barcelona_Sitges_Reader_v1.5.md,15.4 슈퍼마켓 사용 원칙,36,,
G070,D1-exact,1.0,source/CURRENT/10_Core/42_TP_Europe_Travel_Guidebook_Master_v1.4.md,15.5 8월 말 제철 구입 추천,43,,
G070,D1-exact,1.0,source/CURRENT/20_Regional_Chapters/04_Barcelona_Sitges_v1.6.md,15.5 8월 말 제철 구입 추천,43,,
G070,D1-exact,1.0,source/CURRENT/20_Regional_Chapters/04_Barcelona_Sitges_v2.0.md,15.5 8월 말 제철 구입 추천,43,,
G070,D1-exact,1.0,source/CURRENT/30_Reader_Edition/04_Barcelona_Sitges_Reader_v1.5.md,15.5 8월 말 제철 구입 추천,43,,
G071,D1-exact,1.0,source/CURRENT/10_Core/42_TP_Europe_Travel_Guidebook_Master_v1.4.md,15.6 2인 3일 아침·점심 장보기 예시,45,,
G071,D1-exact,1.0,source/CURRENT/20_Regional_Chapters/04_Barcelona_Sitges_v1.6.md,15.6 2인 3일 아침·점심 장보기 예시,45,,
G071,D1-exact,1.0,source/CURRENT/20_Regional_Chapters/04_Barcelona_Sitges_v2.0.md,15.6 2인 3일 아침·점심 장보기 예시,45,,
G071,D1-exact,1.0,source/CURRENT/30_Reader_Edition/04_Barcelona_Sitges_Reader_v1.5.md,15.6 2인 3일 아침·점심 장보기 예시,45,,
G072,D1-exact,1.0,source/CURRENT/10_Core/42_TP_Europe_Travel_Guidebook_Master_v1.4.md,16.1 러닝 1순위: Passeig de Sant Joan–Ciutadella,70,,
G072,D1-exact,1.0,source/CURRENT/20_Regional_Chapters/04_Barcelona_Sitges_v1.6.md,16.1 러닝 1순위: Passeig de Sant Joan–Ciutadella,70,,
G072,D1-exact,1.0,source/CURRENT/20_Regional_Chapters/04_Barcelona_Sitges_v2.0.md,16.1 러닝 1순위: Passeig de Sant Joan–Ciutadella,70,,
G072,D1-exact,1.0,source/CURRENT/30_Reader_Edition/04_Barcelona_Sitges_Reader_v1.5.md,16.1 러닝 1순위: Passeig de Sant Joan–Ciutadella,70,,
G073,D1-exact,1.0,source/CURRENT/10_Core/42_TP_Europe_Travel_Guidebook_Master_v1.4.md,16.3 CEM Joan Miró,67,,
G073,D1-exact,1.0,source/CURRENT/20_Regional_Chapters/04_Barcelona_Sitges_v1.6.md,16.3 CEM Joan Miró,67,,
G073,D1-exact,1.0,source/CURRENT/20_Regional_Chapters/04_Barcelona_Sitges_v2.0.md,16.3 CEM Joan Miró,67,,
G073,D1-exact,1.0,source/CURRENT/30_Reader_Edition/04_Barcelona_Sitges_Reader_v1.5.md,16.3 CEM Joan Miró,67,,
G074,D1-exact,1.0,source/CURRENT/10_Core/42_TP_Europe_Travel_Guidebook_Master_v1.4.md,16.4 DiR Claris,33,,
G074,D1-exact,1.0,source/CURRENT/20_Regional_Chapters/04_Barcelona_Sitges_v1.6.md,16.4 DiR Claris,33,,
G074,D1-exact,1.0,source/CURRENT/20_Regional_Chapters/04_Barcelona_Sitges_v2.0.md,16.4 DiR Claris,33,,
G074,D1-exact,1.0,source/CURRENT/30_Reader_Edition/04_Barcelona_Sitges_Reader_v1.5.md,16.4 DiR Claris,33,,
G075,D1-exact,1.0,source/CURRENT/10_Core/42_TP_Europe_Travel_Guidebook_Master_v1.4.md,17.1 Club Natació Atlètic-Barceloneta,52,,
G075,D1-exact,1.0,source/CURRENT/20_Regional_Chapters/04_Barcelona_Sitges_v1.6.md,17.1 Club Natació Atlètic-Barceloneta,52,,
G075,D1-exact,1.0,source/CURRENT/20_Regional_Chapters/04_Barcelona_Sitges_v2.0.md,17.1 Club Natació Atlètic-Barceloneta,52,,
G075,D1-exact,1.0,source/CURRENT/30_Reader_Edition/04_Barcelona_Sitges_Reader_v1.5.md,17.1 Club Natació Atlètic-Barceloneta,52,,
G076,D1-exact,1.0,source/CURRENT/10_Core/42_TP_Europe_Travel_Guidebook_Master_v1.4.md,17.3 선택 기준,38,,
G076,D1-exact,1.0,source/CURRENT/20_Regional_Chapters/04_Barcelona_Sitges_v1.6.md,17.3 선택 기준,38,,
G076,D1-exact,1.0,source/CURRENT/20_Regional_Chapters/04_Barcelona_Sitges_v2.0.md,17.3 선택 기준,38,,
G076,D1-exact,1.0,source/CURRENT/30_Reader_Edition/04_Barcelona_Sitges_Reader_v1.5.md,17.3 선택 기준,38,,
G077,D1-exact,1.0,source/CURRENT/10_Core/42_TP_Europe_Travel_Guidebook_Master_v1.4.md,18. 2026년 행사·특별전 — 체류기간에 실제로 겹치는 것,157,,
G077,D1-exact,1.0,source/CURRENT/20_Regional_Chapters/04_Barcelona_Sitges_v1.6.md,18. 2026년 행사·특별전 — 체류기간에 실제로 겹치는 것,157,,
G077,D1-exact,1.0,source/CURRENT/20_Regional_Chapters/04_Barcelona_Sitges_v2.0.md,18. 2026년 행사·특별전 — 체류기간에 실제로 겹치는 것,157,,
G077,D1-exact,1.0,source/CURRENT/30_Reader_Edition/04_Barcelona_Sitges_Reader_v1.5.md,18. 2026년 행사·특별전 — 체류기간에 실제로 겹치는 것,157,,
G078,D1-exact,1.0,source/CURRENT/10_Core/42_TP_Europe_Travel_Guidebook_Master_v1.4.md,행사 운영 원칙,29,,
G078,D1-exact,1.0,source/CURRENT/20_Regional_Chapters/04_Barcelona_Sitges_v1.6.md,행사 운영 원칙,29,,
G078,D1-exact,1.0,source/CURRENT/20_Regional_Chapters/04_Barcelona_Sitges_v2.0.md,행사 운영 원칙,29,,
G078,D1-exact,1.0,source/CURRENT/30_Reader_Edition/04_Barcelona_Sitges_Reader_v1.5.md,행사 운영 원칙,29,,
G079,D1-exact,1.0,source/CURRENT/10_Core/42_TP_Europe_Travel_Guidebook_Master_v1.4.md,19.1 공항에서 숙소,63,,
G079,D1-exact,1.0,source/CURRENT/20_Regional_Chapters/04_Barcelona_Sitges_v1.6.md,19.1 공항에서 숙소,63,,
G079,D1-exact,1.0,source/CURRENT/20_Regional_Chapters/04_Barcelona_Sitges_v2.0.md,19.1 공항에서 숙소,63,,
G079,D1-exact,1.0,source/CURRENT/30_Reader_Edition/04_Barcelona_Sitges_Reader_v1.5.md,19.1 공항에서 숙소,63,,
G080,D1-exact,1.0,source/CURRENT/10_Core/42_TP_Europe_Travel_Guidebook_Master_v1.4.md,19.2 2026 시내교통권,50,,
G080,D1-exact,1.0,source/CURRENT/20_Regional_Chapters/04_Barcelona_Sitges_v1.6.md,19.2 2026 시내교통권,50,,
G080,D1-exact,1.0,source/CURRENT/20_Regional_Chapters/04_Barcelona_Sitges_v2.0.md,19.2 2026 시내교통권,50,,
G080,D1-exact,1.0,source/CURRENT/30_Reader_Edition/04_Barcelona_Sitges_Reader_v1.5.md,19.2 2026 시내교통권,50,,
G081,D1-exact,1.0,source/CURRENT/10_Core/42_TP_Europe_Travel_Guidebook_Master_v1.4.md,20.1 인수지 권장: Barcelona Sants,39,,
G081,D1-exact,1.0,source/CURRENT/20_Regional_Chapters/04_Barcelona_Sitges_v1.6.md,20.1 인수지 권장: Barcelona Sants,39,,
G081,D1-exact,1.0,source/CURRENT/20_Regional_Chapters/04_Barcelona_Sitges_v2.0.md,20.1 인수지 권장: Barcelona Sants,39,,
G081,D1-exact,1.0,source/CURRENT/30_Reader_Edition/04_Barcelona_Sitges_Reader_v1.5.md,20.1 인수지 권장: Barcelona Sants,39,,
G082,D1-exact,1.0,source/CURRENT/10_Core/42_TP_Europe_Travel_Guidebook_Master_v1.4.md,20.2 예약 시 반드시 넣을 조건,62,,
G082,D1-exact,1.0,source/CURRENT/20_Regional_Chapters/04_Barcelona_Sitges_v1.6.md,20.2 예약 시 반드시 넣을 조건,62,,
G082,D1-exact,1.0,source/CURRENT/20_Regional_Chapters/04_Barcelona_Sitges_v2.0.md,20.2 예약 시 반드시 넣을 조건,62,,
G082,D1-exact,1.0,source/CURRENT/30_Reader_Edition/04_Barcelona_Sitges_Reader_v1.5.md,20.2 예약 시 반드시 넣을 조건,62,,
G083,D1-exact,1.0,source/CURRENT/10_Core/42_TP_Europe_Travel_Guidebook_Master_v1.4.md,20.3 현장 10분 점검,56,,
G083,D1-exact,1.0,source/CURRENT/20_Regional_Chapters/04_Barcelona_Sitges_v1.6.md,20.3 현장 10분 점검,56,,
G083,D1-exact,1.0,source/CURRENT/20_Regional_Chapters/04_Barcelona_Sitges_v2.0.md,20.3 현장 10분 점검,56,,
G083,D1-exact,1.0,source/CURRENT/30_Reader_Edition/04_Barcelona_Sitges_Reader_v1.5.md,20.3 현장 10분 점검,56,,
G084,D1-exact,1.0,source/CURRENT/10_Core/42_TP_Europe_Travel_Guidebook_Master_v1.4.md,20.4 바르셀로나 ZBE,42,,
G084,D1-exact,1.0,source/CURRENT/20_Regional_Chapters/04_Barcelona_Sitges_v1.6.md,20.4 바르셀로나 ZBE,42,,
G084,D1-exact,1.0,source/CURRENT/20_Regional_Chapters/04_Barcelona_Sitges_v2.0.md,20.4 바르셀로나 ZBE,42,,
G084,D1-exact,1.0,source/CURRENT/30_Reader_Edition/04_Barcelona_Sitges_Reader_v1.5.md,20.4 바르셀로나 ZBE,42,,
G085,D1-exact,1.0,source/CURRENT/10_Core/42_TP_Europe_Travel_Guidebook_Master_v1.4.md,21.1 1순위: Can Robert,31,,
G085,D1-exact,1.0,source/CURRENT/20_Regional_Chapters/04_Barcelona_Sitges_v1.6.md,21.1 1순위: Can Robert,31,,
G085,D1-exact,1.0,source/CURRENT/20_Regional_Chapters/04_Barcelona_Sitges_v2.0.md,21.1 1순위: Can Robert,31,,
G085,D1-exact,1.0,source/CURRENT/30_Reader_Edition/04_Barcelona_Sitges_Reader_v1.5.md,21.1 1순위: Can Robert,31,,
G086,D1-exact,1.0,source/CURRENT/10_Core/42_TP_Europe_Travel_Guidebook_Master_v1.4.md,21.2 2순위: Plaça del Pou Vedre 지하주차장,37,,
G086,D1-exact,1.0,source/CURRENT/20_Regional_Chapters/04_Barcelona_Sitges_v1.6.md,21.2 2순위: Plaça del Pou Vedre 지하주차장,37,,
G086,D1-exact,1.0,source/CURRENT/20_Regional_Chapters/04_Barcelona_Sitges_v2.0.md,21.2 2순위: Plaça del Pou Vedre 지하주차장,37,,
G086,D1-exact,1.0,source/CURRENT/30_Reader_Edition/04_Barcelona_Sitges_Reader_v1.5.md,21.2 2순위: Plaça del Pou Vedre 지하주차장,37,,
G087,D1-exact,1.0,source/CURRENT/10_Core/42_TP_Europe_Travel_Guidebook_Master_v1.4.md,22.1 8월 29일 항공 지연,38,,
G087,D1-exact,1.0,source/CURRENT/20_Regional_Chapters/04_Barcelona_Sitges_v1.6.md,22.1 8월 29일 항공 지연,38,,
G087,D1-exact,1.0,source/CURRENT/20_Regional_Chapters/04_Barcelona_Sitges_v2.0.md,22.1 8월 29일 항공 지연,38,,
G087,D1-exact,1.0,source/CURRENT/30_Reader_Edition/04_Barcelona_Sitges_Reader_v1.5.md,22.1 8월 29일 항공 지연,38,,
G088,D1-exact,1.0,source/CURRENT/10_Core/42_TP_Europe_Travel_Guidebook_Master_v1.4.md,22.2 8월 30일 비,31,,
G088,D1-exact,1.0,source/CURRENT/20_Regional_Chapters/04_Barcelona_Sitges_v1.6.md,22.2 8월 30일 비,31,,
G088,D1-exact,1.0,source/CURRENT/20_Regional_Chapters/04_Barcelona_Sitges_v2.0.md,22.2 8월 30일 비,31,,
G088,D1-exact,1.0,source/CURRENT/30_Reader_Edition/04_Barcelona_Sitges_Reader_v1.5.md,22.2 8월 30일 비,31,,
G089,D1-exact,1.0,source/CURRENT/10_Core/42_TP_Europe_Travel_Guidebook_Master_v1.4.md,22.3 8월 30일 사그라다 예약 실패,36,,
G089,D1-exact,1.0,source/CURRENT/20_Regional_Chapters/04_Barcelona_Sitges_v1.6.md,22.3 8월 30일 사그라다 예약 실패,36,,
G089,D1-exact,1.0,source/CURRENT/20_Regional_Chapters/04_Barcelona_Sitges_v2.0.md,22.3 8월 30일 사그라다 예약 실패,36,,
G089,D1-exact,1.0,source/CURRENT/30_Reader_Edition/04_Barcelona_Sitges_Reader_v1.5.md,22.3 8월 30일 사그라다 예약 실패,36,,
G090,D1-exact,1.0,source/CURRENT/10_Core/42_TP_Europe_Travel_Guidebook_Master_v1.4.md,22.5 9월 1일 렌터카 지연,40,,
G090,D1-exact,1.0,source/CURRENT/20_Regional_Chapters/04_Barcelona_Sitges_v1.6.md,22.5 9월 1일 렌터카 지연,40,,
G090,D1-exact,1.0,source/CURRENT/20_Regional_Chapters/04_Barcelona_Sitges_v2.0.md,22.5 9월 1일 렌터카 지연,40,,
G090,D1-exact,1.0,source/CURRENT/30_Reader_Edition/04_Barcelona_Sitges_Reader_v1.5.md,22.5 9월 1일 렌터카 지연,40,,
G091,D1-exact,1.0,source/CURRENT/10_Core/42_TP_Europe_Travel_Guidebook_Master_v1.4.md,22.6 9월 1일 폭우·교통경보,28,,
G091,D1-exact,1.0,source/CURRENT/20_Regional_Chapters/04_Barcelona_Sitges_v1.6.md,22.6 9월 1일 폭우·교통경보,28,,
G091,D1-exact,1.0,source/CURRENT/20_Regional_Chapters/04_Barcelona_Sitges_v2.0.md,22.6 9월 1일 폭우·교통경보,28,,
G091,D1-exact,1.0,source/CURRENT/30_Reader_Edition/04_Barcelona_Sitges_Reader_v1.5.md,22.6 9월 1일 폭우·교통경보,28,,
G092,D1-exact,1.0,source/CURRENT/10_Core/42_TP_Europe_Travel_Guidebook_Master_v1.4.md,예약카드 A — 사그라다 파밀리아,51,,
G092,D1-exact,1.0,source/CURRENT/20_Regional_Chapters/04_Barcelona_Sitges_v1.6.md,예약카드 A — 사그라다 파밀리아,51,,
G092,D1-exact,1.0,source/CURRENT/20_Regional_Chapters/04_Barcelona_Sitges_v2.0.md,예약카드 A — 사그라다 파밀리아,51,,
G092,D1-exact,1.0,source/CURRENT/30_Reader_Edition/04_Barcelona_Sitges_Reader_v1.5.md,예약카드 A — 사그라다 파밀리아,51,,
G093,D1-exact,1.0,source/CURRENT/10_Core/42_TP_Europe_Travel_Guidebook_Master_v1.4.md,예약카드 B — 바르셀로나 숙소,59,,
G093,D1-exact,1.0,source/CURRENT/20_Regional_Chapters/04_Barcelona_Sitges_v1.6.md,예약카드 B — 바르셀로나 숙소,59,,
G093,D1-exact,1.0,source/CURRENT/20_Regional_Chapters/04_Barcelona_Sitges_v2.0.md,예약카드 B — 바르셀로나 숙소,59,,
G093,D1-exact,1.0,source/CURRENT/30_Reader_Edition/04_Barcelona_Sitges_Reader_v1.5.md,예약카드 B — 바르셀로나 숙소,59,,
G094,D1-exact,1.0,source/CURRENT/10_Core/42_TP_Europe_Travel_Guidebook_Master_v1.4.md,예약카드 C — Bar Cañete,36,,
G094,D1-exact,1.0,source/CURRENT/20_Regional_Chapters/04_Barcelona_Sitges_v1.6.md,예약카드 C — Bar Cañete,36,,
G094,D1-exact,1.0,source/CURRENT/20_Regional_Chapters/04_Barcelona_Sitges_v2.0.md,예약카드 C — Bar Cañete,36,,
G094,D1-exact,1.0,source/CURRENT/30_Reader_Edition/04_Barcelona_Sitges_Reader_v1.5.md,예약카드 C — Bar Cañete,36,,
G095,D1-exact,1.0,source/CURRENT/10_Core/42_TP_Europe_Travel_Guidebook_Master_v1.4.md,예약카드 D — 렌터카,65,,
G095,D1-exact,1.0,source/CURRENT/20_Regional_Chapters/04_Barcelona_Sitges_v1.6.md,예약카드 D — 렌터카,65,,
G095,D1-exact,1.0,source/CURRENT/20_Regional_Chapters/04_Barcelona_Sitges_v2.0.md,예약카드 D — 렌터카,65,,
G095,D1-exact,1.0,source/CURRENT/30_Reader_Edition/04_Barcelona_Sitges_Reader_v1.5.md,예약카드 D — 렌터카,65,,
G096,D1-exact,1.0,source/CURRENT/10_Core/42_TP_Europe_Travel_Guidebook_Master_v1.4.md,예약카드 E — La Zorra Sitges,47,,
G096,D1-exact,1.0,source/CURRENT/20_Regional_Chapters/04_Barcelona_Sitges_v1.6.md,예약카드 E — La Zorra Sitges,47,,
G096,D1-exact,1.0,source/CURRENT/20_Regional_Chapters/04_Barcelona_Sitges_v2.0.md,예약카드 E — La Zorra Sitges,47,,
G096,D1-exact,1.0,source/CURRENT/30_Reader_Edition/04_Barcelona_Sitges_Reader_v1.5.md,예약카드 E — La Zorra Sitges,47,,
G097,D1-exact,1.0,source/CURRENT/10_Core/42_TP_Europe_Travel_Guidebook_Master_v1.4.md,D-60–D-45,35,,
G097,D1-exact,1.0,source/CURRENT/20_Regional_Chapters/04_Barcelona_Sitges_v1.6.md,D-60–D-45,35,,
G097,D1-exact,1.0,source/CURRENT/20_Regional_Chapters/04_Barcelona_Sitges_v2.0.md,D-60–D-45,35,,
G097,D1-exact,1.0,source/CURRENT/30_Reader_Edition/04_Barcelona_Sitges_Reader_v1.5.md,D-60–D-45,35,,
G098,D1-exact,1.0,source/CURRENT/10_Core/42_TP_Europe_Travel_Guidebook_Master_v1.4.md,D-30–D-14,40,,
G098,D1-exact,1.0,source/CURRENT/20_Regional_Chapters/04_Barcelona_Sitges_v1.6.md,D-30–D-14,40,,
G098,D1-exact,1.0,source/CURRENT/20_Regional_Chapters/04_Barcelona_Sitges_v2.0.md,D-30–D-14,40,,
G098,D1-exact,1.0,source/CURRENT/30_Reader_Edition/04_Barcelona_Sitges_Reader_v1.5.md,D-30–D-14,40,,
G099,D1-exact,1.0,source/CURRENT/10_Core/42_TP_Europe_Travel_Guidebook_Master_v1.4.md,D-7,55,,
G099,D1-exact,1.0,source/CURRENT/20_Regional_Chapters/04_Barcelona_Sitges_v1.6.md,D-7,55,,
G099,D1-exact,1.0,source/CURRENT/20_Regional_Chapters/04_Barcelona_Sitges_v2.0.md,D-7,55,,
G099,D1-exact,1.0,source/CURRENT/30_Reader_Edition/04_Barcelona_Sitges_Reader_v1.5.md,D-7,55,,
G100,D1-exact,1.0,source/CURRENT/10_Core/42_TP_Europe_Travel_Guidebook_Master_v1.4.md,D-2–D-1,54,,
G100,D1-exact,1.0,source/CURRENT/20_Regional_Chapters/04_Barcelona_Sitges_v1.6.md,D-2–D-1,54,,
G100,D1-exact,1.0,source/CURRENT/20_Regional_Chapters/04_Barcelona_Sitges_v2.0.md,D-2–D-1,54,,
G100,D1-exact,1.0,source/CURRENT/30_Reader_Edition/04_Barcelona_Sitges_Reader_v1.5.md,D-2–D-1,54,,
G101,D1-exact,1.0,source/CURRENT/10_Core/42_TP_Europe_Travel_Guidebook_Master_v1.4.md,매일 밤 5분 점검,32,,
G101,D1-exact,1.0,source/CURRENT/20_Regional_Chapters/04_Barcelona_Sitges_v1.6.md,매일 밤 5분 점검,32,,
G101,D1-exact,1.0,source/CURRENT/20_Regional_Chapters/04_Barcelona_Sitges_v2.0.md,매일 밤 5분 점검,32,,
G101,D1-exact,1.0,source/CURRENT/30_Reader_Edition/04_Barcelona_Sitges_Reader_v1.5.md,매일 밤 5분 점검,32,,
G102,D1-exact,1.0,source/CURRENT/10_Core/42_TP_Europe_Travel_Guidebook_Master_v1.4.md,25. 현지 안전과 지속가능한 여행,74,,
G102,D1-exact,1.0,source/CURRENT/20_Regional_Chapters/04_Barcelona_Sitges_v1.6.md,25. 현지 안전과 지속가능한 여행,74,,
G102,D1-exact,1.0,source/CURRENT/20_Regional_Chapters/04_Barcelona_Sitges_v2.0.md,25. 현지 안전과 지속가능한 여행,74,,
G102,D1-exact,1.0,source/CURRENT/30_Reader_Edition/04_Barcelona_Sitges_Reader_v1.5.md,25. 현지 안전과 지속가능한 여행,74,,
G103,D1-exact,1.0,source/CURRENT/10_Core/42_TP_Europe_Travel_Guidebook_Master_v1.4.md,"26. 예상 현지비용 — 2인, 숙박 제외",91,,
G103,D1-exact,1.0,source/CURRENT/20_Regional_Chapters/04_Barcelona_Sitges_v1.6.md,"26. 예상 현지비용 — 2인, 숙박 제외",91,,
G103,D1-exact,1.0,source/CURRENT/20_Regional_Chapters/04_Barcelona_Sitges_v2.0.md,"26. 예상 현지비용 — 2인, 숙박 제외",91,,
G103,D1-exact,1.0,source/CURRENT/30_Reader_Edition/04_Barcelona_Sitges_Reader_v1.5.md,"26. 예상 현지비용 — 2인, 숙박 제외",91,,
G104,D1-exact,1.0,source/CURRENT/10_Core/42_TP_Europe_Travel_Guidebook_Master_v1.4.md,Sagrada Família — “가우디 건축”보다 도시가 140년 넘게 이어온 집단 프로젝트,88,,
G104,D1-exact,1.0,source/CURRENT/20_Regional_Chapters/04_Barcelona_Sitges_v1.6.md,Sagrada Família — “가우디 건축”보다 도시가 140년 넘게 이어온 집단 프로젝트,88,,
G104,D1-exact,1.0,source/CURRENT/20_Regional_Chapters/04_Barcelona_Sitges_v2.0.md,Sagrada Família — “가우디 건축”보다 도시가 140년 넘게 이어온 집단 프로젝트,88,,
G104,D1-exact,1.0,source/CURRENT/30_Reader_Edition/04_Barcelona_Sitges_Reader_v1.5.md,Sagrada Família — “가우디 건축”보다 도시가 140년 넘게 이어온 집단 프로젝트,88,,
G105,D1-exact,1.0,source/CURRENT/10_Core/42_TP_Europe_Travel_Guidebook_Master_v1.4.md,Recinte Modernista de Sant Pau — 화려한 병원이 아니라 ‘빛과 정원으로 치료하려 한 도시개혁’,56,,
G105,D1-exact,1.0,source/CURRENT/20_Regional_Chapters/04_Barcelona_Sitges_v1.6.md,Recinte Modernista de Sant Pau — 화려한 병원이 아니라 ‘빛과 정원으로 치료하려 한 도시개혁’,56,,
G105,D1-exact,1.0,source/CURRENT/20_Regional_Chapters/04_Barcelona_Sitges_v2.0.md,Recinte Modernista de Sant Pau — 화려한 병원이 아니라 ‘빛과 정원으로 치료하려 한 도시개혁’,56,,
G105,D1-exact,1.0,source/CURRENT/30_Reader_Edition/04_Barcelona_Sitges_Reader_v1.5.md,Recinte Modernista de Sant Pau — 화려한 병원이 아니라 ‘빛과 정원으로 치료하려 한 도시개혁’,56,,
G106,D1-exact,1.0,source/CURRENT/10_Core/42_TP_Europe_Travel_Guidebook_Master_v1.4.md,Gothic Quarter·Plaça del Rei — 중세유적보다 ‘층이 겹친 도시’를 보는 곳,61,,
G106,D1-exact,1.0,source/CURRENT/20_Regional_Chapters/04_Barcelona_Sitges_v1.6.md,Gothic Quarter·Plaça del Rei — 중세유적보다 ‘층이 겹친 도시’를 보는 곳,61,,
G106,D1-exact,1.0,source/CURRENT/20_Regional_Chapters/04_Barcelona_Sitges_v2.0.md,Gothic Quarter·Plaça del Rei — 중세유적보다 ‘층이 겹친 도시’를 보는 곳,61,,
G106,D1-exact,1.0,source/CURRENT/30_Reader_Edition/04_Barcelona_Sitges_Reader_v1.5.md,Gothic Quarter·Plaça del Rei — 중세유적보다 ‘층이 겹친 도시’를 보는 곳,61,,
G107,D1-exact,1.0,source/CURRENT/10_Core/42_TP_Europe_Travel_Guidebook_Master_v1.4.md,Biblioteca de Catalunya — 관광명소가 아닌 ‘조용한 카탈루냐 문화기관’ 체험,57,,
G107,D1-exact,1.0,source/CURRENT/20_Regional_Chapters/04_Barcelona_Sitges_v1.6.md,Biblioteca de Catalunya — 관광명소가 아닌 ‘조용한 카탈루냐 문화기관’ 체험,57,,
G107,D1-exact,1.0,source/CURRENT/20_Regional_Chapters/04_Barcelona_Sitges_v2.0.md,Biblioteca de Catalunya — 관광명소가 아닌 ‘조용한 카탈루냐 문화기관’ 체험,57,,
G107,D1-exact,1.0,source/CURRENT/30_Reader_Edition/04_Barcelona_Sitges_Reader_v1.5.md,Biblioteca de Catalunya — 관광명소가 아닌 ‘조용한 카탈루냐 문화기관’ 체험,57,,
G108,D1-exact,1.0,source/CURRENT/10_Core/42_TP_Europe_Travel_Guidebook_Master_v1.4.md,Sitges 해변·Cau Ferrat 권역 — 이동일에 만나는 ‘바다의 Modernisme’,72,,
G108,D1-exact,1.0,source/CURRENT/20_Regional_Chapters/04_Barcelona_Sitges_v1.6.md,Sitges 해변·Cau Ferrat 권역 — 이동일에 만나는 ‘바다의 Modernisme’,72,,
G108,D1-exact,1.0,source/CURRENT/20_Regional_Chapters/04_Barcelona_Sitges_v2.0.md,Sitges 해변·Cau Ferrat 권역 — 이동일에 만나는 ‘바다의 Modernisme’,72,,
G108,D1-exact,1.0,source/CURRENT/30_Reader_Edition/04_Barcelona_Sitges_Reader_v1.5.md,Sitges 해변·Cau Ferrat 권역 — 이동일에 만나는 ‘바다의 Modernisme’,72,,
G109,D1-exact,1.0,source/CURRENT/10_Core/42_TP_Europe_Travel_Guidebook_Master_v1.4.md,바르셀로나에서 꼭 체험할 것,78,,
G109,D1-exact,1.0,source/CURRENT/20_Regional_Chapters/04_Barcelona_Sitges_v1.6.md,바르셀로나에서 꼭 체험할 것,78,,
G109,D1-exact,1.0,source/CURRENT/20_Regional_Chapters/04_Barcelona_Sitges_v2.0.md,바르셀로나에서 꼭 체험할 것,78,,
G109,D1-exact,1.0,source/CURRENT/30_Reader_Edition/04_Barcelona_Sitges_Reader_v1.5.md,바르셀로나에서 꼭 체험할 것,78,,
G110,D1-exact,1.0,source/CURRENT/10_Core/42_TP_Europe_Travel_Guidebook_Master_v1.4.md,Bodega Joan — 관광객도 편하게 이용할 수 있는 오래된 동네식당,31,,
G110,D1-exact,1.0,source/CURRENT/20_Regional_Chapters/04_Barcelona_Sitges_v1.6.md,Bodega Joan — 관광객도 편하게 이용할 수 있는 오래된 동네식당,31,,
G110,D1-exact,1.0,source/CURRENT/20_Regional_Chapters/04_Barcelona_Sitges_v2.0.md,Bodega Joan — 관광객도 편하게 이용할 수 있는 오래된 동네식당,31,,
G110,D1-exact,1.0,source/CURRENT/30_Reader_Edition/04_Barcelona_Sitges_Reader_v1.5.md,Bodega Joan — 관광객도 편하게 이용할 수 있는 오래된 동네식당,31,,
G111,D1-exact,1.0,source/CURRENT/10_Core/42_TP_Europe_Travel_Guidebook_Master_v1.4.md,La Paradeta — 주문 자체가 경험인 해산물 식당,36,,
G111,D1-exact,1.0,source/CURRENT/20_Regional_Chapters/04_Barcelona_Sitges_v1.6.md,La Paradeta — 주문 자체가 경험인 해산물 식당,36,,
G111,D1-exact,1.0,source/CURRENT/20_Regional_Chapters/04_Barcelona_Sitges_v2.0.md,La Paradeta — 주문 자체가 경험인 해산물 식당,36,,
G111,D1-exact,1.0,source/CURRENT/30_Reader_Edition/04_Barcelona_Sitges_Reader_v1.5.md,La Paradeta — 주문 자체가 경험인 해산물 식당,36,,
G112,D1-exact,1.0,source/CURRENT/10_Core/42_TP_Europe_Travel_Guidebook_Master_v1.4.md,Bar Cañete — 한 번만 선택할 ‘집중 타파스’,29,,
G112,D1-exact,1.0,source/CURRENT/20_Regional_Chapters/04_Barcelona_Sitges_v1.6.md,Bar Cañete — 한 번만 선택할 ‘집중 타파스’,29,,
G112,D1-exact,1.0,source/CURRENT/20_Regional_Chapters/04_Barcelona_Sitges_v2.0.md,Bar Cañete — 한 번만 선택할 ‘집중 타파스’,29,,
G112,D1-exact,1.0,source/CURRENT/30_Reader_Edition/04_Barcelona_Sitges_Reader_v1.5.md,Bar Cañete — 한 번만 선택할 ‘집중 타파스’,29,,
G113,D1-exact,1.0,source/CURRENT/10_Core/42_TP_Europe_Travel_Guidebook_Master_v1.4.md,La Zorra Sitges — 이동일에도 지역 쌀요리를 포기하지 않는 방법,30,,
G113,D1-exact,1.0,source/CURRENT/20_Regional_Chapters/04_Barcelona_Sitges_v1.6.md,La Zorra Sitges — 이동일에도 지역 쌀요리를 포기하지 않는 방법,30,,
G113,D1-exact,1.0,source/CURRENT/20_Regional_Chapters/04_Barcelona_Sitges_v2.0.md,La Zorra Sitges — 이동일에도 지역 쌀요리를 포기하지 않는 방법,30,,
G113,D1-exact,1.0,source/CURRENT/30_Reader_Edition/04_Barcelona_Sitges_Reader_v1.5.md,La Zorra Sitges — 이동일에도 지역 쌀요리를 포기하지 않는 방법,30,,
G114,D1-exact,1.0,source/CURRENT/10_Core/42_TP_Europe_Travel_Guidebook_Master_v1.4.md,Granja M. Viader — ‘카페’보다 바르셀로나 식문화의 작은 박물관,25,,
G114,D1-exact,1.0,source/CURRENT/20_Regional_Chapters/04_Barcelona_Sitges_v1.6.md,Granja M. Viader — ‘카페’보다 바르셀로나 식문화의 작은 박물관,25,,
G114,D1-exact,1.0,source/CURRENT/20_Regional_Chapters/04_Barcelona_Sitges_v2.0.md,Granja M. Viader — ‘카페’보다 바르셀로나 식문화의 작은 박물관,25,,
G114,D1-exact,1.0,source/CURRENT/30_Reader_Edition/04_Barcelona_Sitges_Reader_v1.5.md,Granja M. Viader — ‘카페’보다 바르셀로나 식문화의 작은 박물관,25,,
G115,D1-exact,1.0,source/CURRENT/10_Core/42_TP_Europe_Travel_Guidebook_Master_v1.4.md,현장에서의 최종 선택 규칙,48,,
G115,D1-exact,1.0,source/CURRENT/20_Regional_Chapters/04_Barcelona_Sitges_v1.6.md,현장에서의 최종 선택 규칙,48,,
G115,D1-exact,1.0,source/CURRENT/20_Regional_Chapters/04_Barcelona_Sitges_v2.0.md,현장에서의 최종 선택 규칙,48,,
G115,D1-exact,1.0,source/CURRENT/30_Reader_Edition/04_Barcelona_Sitges_Reader_v1.5.md,현장에서의 최종 선택 규칙,48,,
G116,D1-exact,1.0,source/CURRENT/10_Core/42_TP_Europe_Travel_Guidebook_Master_v1.4.md,관광·교통·건축,67,,
G116,D1-exact,1.0,source/CURRENT/20_Regional_Chapters/04_Barcelona_Sitges_v1.6.md,관광·교통·건축,67,,
G116,D1-exact,1.0,source/CURRENT/20_Regional_Chapters/04_Barcelona_Sitges_v2.0.md,관광·교통·건축,67,,
G116,D1-exact,1.0,source/CURRENT/30_Reader_Edition/04_Barcelona_Sitges_Reader_v1.5.md,관광·교통·건축,67,,
G117,D1-exact,1.0,source/CURRENT/10_Core/42_TP_Europe_Travel_Guidebook_Master_v1.4.md,미술관·도서관·서점,52,,
G117,D1-exact,1.0,source/CURRENT/20_Regional_Chapters/04_Barcelona_Sitges_v1.6.md,미술관·도서관·서점,52,,
G117,D1-exact,1.0,source/CURRENT/20_Regional_Chapters/04_Barcelona_Sitges_v2.0.md,미술관·도서관·서점,52,,
G117,D1-exact,1.0,source/CURRENT/30_Reader_Edition/04_Barcelona_Sitges_Reader_v1.5.md,미술관·도서관·서점,52,,
G118,D1-exact,1.0,source/CURRENT/10_Core/42_TP_Europe_Travel_Guidebook_Master_v1.4.md,시장·운동,40,,
G118,D1-exact,1.0,source/CURRENT/20_Regional_Chapters/04_Barcelona_Sitges_v1.6.md,시장·운동,40,,
G118,D1-exact,1.0,source/CURRENT/20_Regional_Chapters/04_Barcelona_Sitges_v2.0.md,시장·운동,40,,
G118,D1-exact,1.0,source/CURRENT/30_Reader_Edition/04_Barcelona_Sitges_Reader_v1.5.md,시장·운동,40,,
G119,D1-exact,1.0,source/CURRENT/10_Core/42_TP_Europe_Travel_Guidebook_Master_v1.4.md,음식,67,,
G119,D1-exact,1.0,source/CURRENT/20_Regional_Chapters/04_Barcelona_Sitges_v1.6.md,음식,67,,
G119,D1-exact,1.0,source/CURRENT/20_Regional_Chapters/04_Barcelona_Sitges_v2.0.md,음식,67,,
G119,D1-exact,1.0,source/CURRENT/30_Reader_Edition/04_Barcelona_Sitges_Reader_v1.5.md,음식,67,,
G120,D1-exact,1.0,source/CURRENT/10_Core/42_TP_Europe_Travel_Guidebook_Master_v1.4.md,시체스·도로·주차,58,,
G120,D1-exact,1.0,source/CURRENT/20_Regional_Chapters/04_Barcelona_Sitges_v1.6.md,시체스·도로·주차,58,,
G120,D1-exact,1.0,source/CURRENT/20_Regional_Chapters/04_Barcelona_Sitges_v2.0.md,시체스·도로·주차,58,,
G120,D1-exact,1.0,source/CURRENT/30_Reader_Edition/04_Barcelona_Sitges_Reader_v1.5.md,시체스·도로·주차,58,,
G121,D1-exact,1.0,source/CURRENT/10_Core/42_TP_Europe_Travel_Guidebook_Master_v1.4.md,숙소 가격 참고,35,,
G121,D1-exact,1.0,source/CURRENT/20_Regional_Chapters/04_Barcelona_Sitges_v1.6.md,숙소 가격 참고,35,,
G121,D1-exact,1.0,source/CURRENT/20_Regional_Chapters/04_Barcelona_Sitges_v2.0.md,숙소 가격 참고,35,,
G121,D1-exact,1.0,source/CURRENT/30_Reader_Edition/04_Barcelona_Sitges_Reader_v1.5.md,숙소 가격 참고,35,,
G122,D1-exact,1.0,source/CURRENT/10_Core/42_TP_Europe_Travel_Guidebook_Master_v1.4.md,28. 최종 결론,120,,
G122,D1-exact,1.0,source/CURRENT/20_Regional_Chapters/04_Barcelona_Sitges_v1.6.md,28. 최종 결론,120,,
G122,D1-exact,1.0,source/CURRENT/20_Regional_Chapters/04_Barcelona_Sitges_v2.0.md,28. 최종 결론,120,,
G122,D1-exact,1.0,source/CURRENT/30_Reader_Edition/04_Barcelona_Sitges_Reader_v1.5.md,28. 최종 결론,120,,
G123,D1-exact,1.0,source/CURRENT/10_Core/42_TP_Europe_Travel_Guidebook_Master_v1.4.md,"중세도시의 저녁, 프랑스 카탈루냐 해안마을, 석조마을과 코스타브라바",41,,
G123,D1-exact,1.0,source/CURRENT/20_Regional_Chapters/05_Girona_Collioure_Emporda_v1.6.md,"중세도시의 저녁, 프랑스 카탈루냐 해안마을, 석조마을과 코스타브라바",41,,
G123,D1-exact,1.0,source/CURRENT/20_Regional_Chapters/05_Girona_Collioure_Emporda_v2.1.md,"중세도시의 저녁, 프랑스 카탈루냐 해안마을, 석조마을과 코스타브라바",41,,
G123,D1-exact,1.0,source/CURRENT/30_Reader_Edition/05_Girona_Collioure_Emporda_Reader_v1.5.md,"중세도시의 저녁, 프랑스 카탈루냐 해안마을, 석조마을과 코스타브라바",41,,
G124,D1-exact,1.0,source/CURRENT/10_Core/42_TP_Europe_Travel_Guidebook_Master_v1.4.md,1. Quick Reference,113,,
G124,D1-exact,1.0,source/CURRENT/20_Regional_Chapters/05_Girona_Collioure_Emporda_v1.6.md,1. Quick Reference,113,,
G124,D1-exact,1.0,source/CURRENT/20_Regional_Chapters/05_Girona_Collioure_Emporda_v2.1.md,1. Quick Reference,113,,
G124,D1-exact,1.0,source/CURRENT/30_Reader_Edition/05_Girona_Collioure_Emporda_Reader_v1.5.md,1. Quick Reference,113,,
G125,D1-exact,1.0,source/CURRENT/10_Core/42_TP_Europe_Travel_Guidebook_Master_v1.4.md,2. 전체 일정표,57,,
G125,D1-exact,1.0,source/CURRENT/20_Regional_Chapters/05_Girona_Collioure_Emporda_v1.6.md,2. 전체 일정표,57,,
G125,D1-exact,1.0,source/CURRENT/20_Regional_Chapters/05_Girona_Collioure_Emporda_v2.1.md,2. 전체 일정표,57,,
G125,D1-exact,1.0,source/CURRENT/30_Reader_Edition/05_Girona_Collioure_Emporda_Reader_v1.5.md,2. 전체 일정표,57,,
G126,D1-exact,1.0,source/CURRENT/10_Core/42_TP_Europe_Travel_Guidebook_Master_v1.4.md,3. 동선 도식,68,,
G126,D1-exact,1.0,source/CURRENT/20_Regional_Chapters/05_Girona_Collioure_Emporda_v1.6.md,3. 동선 도식,68,,
G126,D1-exact,1.0,source/CURRENT/20_Regional_Chapters/05_Girona_Collioure_Emporda_v2.1.md,3. 동선 도식,68,,
G126,D1-exact,1.0,source/CURRENT/30_Reader_Edition/05_Girona_Collioure_Emporda_Reader_v1.5.md,3. 동선 도식,68,,
G127,D1-exact,1.0,source/CURRENT/10_Core/42_TP_Europe_Travel_Guidebook_Master_v1.4.md,4. 이 일정이 Jason·Julia에게 맞는 이유,76,,
G127,D1-exact,1.0,source/CURRENT/20_Regional_Chapters/05_Girona_Collioure_Emporda_v1.6.md,4. 이 일정이 Jason·Julia에게 맞는 이유,76,,
G127,D1-exact,1.0,source/CURRENT/20_Regional_Chapters/05_Girona_Collioure_Emporda_v2.1.md,4. 이 일정이 Jason·Julia에게 맞는 이유,76,,
G127,D1-exact,1.0,source/CURRENT/30_Reader_Edition/05_Girona_Collioure_Emporda_Reader_v1.5.md,4. 이 일정이 Jason·Julia에게 맞는 이유,76,,
G128,D1-exact,1.0,source/CURRENT/10_Core/42_TP_Europe_Travel_Guidebook_Master_v1.4.md,1순위 — 기차역과 Plaça Catalunya 사이,62,,
G128,D1-exact,1.0,source/CURRENT/20_Regional_Chapters/05_Girona_Collioure_Emporda_v1.6.md,1순위 — 기차역과 Plaça Catalunya 사이,62,,
G128,D1-exact,1.0,source/CURRENT/20_Regional_Chapters/05_Girona_Collioure_Emporda_v2.1.md,1순위 — 기차역과 Plaça Catalunya 사이,62,,
G128,D1-exact,1.0,source/CURRENT/30_Reader_Edition/05_Girona_Collioure_Emporda_Reader_v1.5.md,1순위 — 기차역과 Plaça Catalunya 사이,62,,
G129,D1-exact,1.0,source/CURRENT/10_Core/42_TP_Europe_Travel_Guidebook_Master_v1.4.md,비추천 — Barri Vell 깊숙한 곳,35,,
G129,D1-exact,1.0,source/CURRENT/20_Regional_Chapters/05_Girona_Collioure_Emporda_v1.6.md,비추천 — Barri Vell 깊숙한 곳,35,,
G129,D1-exact,1.0,source/CURRENT/20_Regional_Chapters/05_Girona_Collioure_Emporda_v2.1.md,비추천 — Barri Vell 깊숙한 곳,35,,
G129,D1-exact,1.0,source/CURRENT/30_Reader_Edition/05_Girona_Collioure_Emporda_Reader_v1.5.md,비추천 — Barri Vell 깊숙한 곳,35,,
G130,D1-exact,1.0,source/CURRENT/10_Core/42_TP_Europe_Travel_Guidebook_Master_v1.4.md,2순위: 아파트,25,,
G130,D1-exact,1.0,source/CURRENT/20_Regional_Chapters/05_Girona_Collioure_Emporda_v1.6.md,2순위: 아파트,25,,
G130,D1-exact,1.0,source/CURRENT/20_Regional_Chapters/05_Girona_Collioure_Emporda_v2.1.md,2순위: 아파트,25,,
G130,D1-exact,1.0,source/CURRENT/30_Reader_Edition/05_Girona_Collioure_Emporda_Reader_v1.5.md,2순위: 아파트,25,,
G131,D1-exact,1.0,source/CURRENT/10_Core/42_TP_Europe_Travel_Guidebook_Master_v1.4.md,1순위 후보 — Hotel Carlemany,34,,
G131,D1-exact,1.0,source/CURRENT/20_Regional_Chapters/05_Girona_Collioure_Emporda_v1.6.md,1순위 후보 — Hotel Carlemany,34,,
G131,D1-exact,1.0,source/CURRENT/20_Regional_Chapters/05_Girona_Collioure_Emporda_v2.1.md,1순위 후보 — Hotel Carlemany,34,,
G131,D1-exact,1.0,source/CURRENT/30_Reader_Edition/05_Girona_Collioure_Emporda_Reader_v1.5.md,1순위 후보 — Hotel Carlemany,34,,
G132,D1-exact,1.0,source/CURRENT/10_Core/42_TP_Europe_Travel_Guidebook_Master_v1.4.md,5.4 숙소 평가표,27,,
G132,D1-exact,1.0,source/CURRENT/20_Regional_Chapters/05_Girona_Collioure_Emporda_v1.6.md,5.4 숙소 평가표,27,,
G132,D1-exact,1.0,source/CURRENT/20_Regional_Chapters/05_Girona_Collioure_Emporda_v2.1.md,5.4 숙소 평가표,27,,
G132,D1-exact,1.0,source/CURRENT/30_Reader_Edition/05_Girona_Collioure_Emporda_Reader_v1.5.md,5.4 숙소 평가표,27,,
G133,D1-exact,1.0,source/CURRENT/10_Core/42_TP_Europe_Travel_Guidebook_Master_v1.4.md,권장 시간표,58,,
G133,D1-exact,1.0,source/CURRENT/20_Regional_Chapters/05_Girona_Collioure_Emporda_v1.6.md,권장 시간표,58,,
G133,D1-exact,1.0,source/CURRENT/20_Regional_Chapters/05_Girona_Collioure_Emporda_v2.1.md,권장 시간표,58,,
G133,D1-exact,1.0,source/CURRENT/30_Reader_Edition/05_Girona_Collioure_Emporda_Reader_v1.5.md,권장 시간표,58,,
G134,D1-exact,1.0,source/CURRENT/10_Core/42_TP_Europe_Travel_Guidebook_Master_v1.4.md,지로나 대성당 — 필수,37,,
G134,D1-exact,1.0,source/CURRENT/20_Regional_Chapters/05_Girona_Collioure_Emporda_v1.6.md,지로나 대성당 — 필수,37,,
G134,D1-exact,1.0,source/CURRENT/20_Regional_Chapters/05_Girona_Collioure_Emporda_v2.1.md,지로나 대성당 — 필수,37,,
G134,D1-exact,1.0,source/CURRENT/30_Reader_Edition/05_Girona_Collioure_Emporda_Reader_v1.5.md,지로나 대성당 — 필수,37,,
G135,D1-exact,1.0,source/CURRENT/10_Core/42_TP_Europe_Travel_Guidebook_Master_v1.4.md,성벽 — 필수,26,,
G135,D1-exact,1.0,source/CURRENT/20_Regional_Chapters/05_Girona_Collioure_Emporda_v1.6.md,성벽 — 필수,26,,
G135,D1-exact,1.0,source/CURRENT/20_Regional_Chapters/05_Girona_Collioure_Emporda_v2.1.md,성벽 — 필수,26,,
G135,D1-exact,1.0,source/CURRENT/30_Reader_Edition/05_Girona_Collioure_Emporda_Reader_v1.5.md,성벽 — 필수,26,,
G136,D1-exact,1.0,source/CURRENT/10_Core/42_TP_Europe_Travel_Guidebook_Master_v1.4.md,대체,34,,
G136,D1-exact,1.0,source/CURRENT/20_Regional_Chapters/05_Girona_Collioure_Emporda_v1.6.md,대체,34,,
G136,D1-exact,1.0,source/CURRENT/20_Regional_Chapters/05_Girona_Collioure_Emporda_v2.1.md,대체,34,,
G136,D1-exact,1.0,source/CURRENT/30_Reader_Edition/05_Girona_Collioure_Emporda_Reader_v1.5.md,대체,34,,
G137,D1-exact,1.0,source/CURRENT/10_Core/42_TP_Europe_Travel_Guidebook_Master_v1.4.md,7.1 권장 시간표,105,,
G137,D1-exact,1.0,source/CURRENT/20_Regional_Chapters/05_Girona_Collioure_Emporda_v1.6.md,7.1 권장 시간표,105,,
G137,D1-exact,1.0,source/CURRENT/20_Regional_Chapters/05_Girona_Collioure_Emporda_v2.1.md,7.1 권장 시간표,105,,
G137,D1-exact,1.0,source/CURRENT/30_Reader_Edition/05_Girona_Collioure_Emporda_Reader_v1.5.md,7.1 권장 시간표,105,,
G138,D1-exact,1.0,source/CURRENT/10_Core/42_TP_Europe_Travel_Guidebook_Master_v1.4.md,기본: Parking du Cap Dourats,38,,
G138,D1-exact,1.0,source/CURRENT/20_Regional_Chapters/05_Girona_Collioure_Emporda_v1.6.md,기본: Parking du Cap Dourats,38,,
G138,D1-exact,1.0,source/CURRENT/20_Regional_Chapters/05_Girona_Collioure_Emporda_v2.1.md,기본: Parking du Cap Dourats,38,,
G138,D1-exact,1.0,source/CURRENT/30_Reader_Edition/05_Girona_Collioure_Emporda_Reader_v1.5.md,기본: Parking du Cap Dourats,38,,
G139,D1-exact,1.0,source/CURRENT/10_Core/42_TP_Europe_Travel_Guidebook_Master_v1.4.md,7.3 콜리우르 시장 — 필수,45,,
G139,D1-exact,1.0,source/CURRENT/20_Regional_Chapters/05_Girona_Collioure_Emporda_v1.6.md,7.3 콜리우르 시장 — 필수,45,,
G139,D1-exact,1.0,source/CURRENT/20_Regional_Chapters/05_Girona_Collioure_Emporda_v2.1.md,7.3 콜리우르 시장 — 필수,45,,
G139,D1-exact,1.0,source/CURRENT/30_Reader_Edition/05_Girona_Collioure_Emporda_Reader_v1.5.md,7.3 콜리우르 시장 — 필수,45,,
G140,D1-exact,1.0,source/CURRENT/10_Core/42_TP_Europe_Travel_Guidebook_Master_v1.4.md,7.4 Château Royal — 필수,30,,
G140,D1-exact,1.0,source/CURRENT/20_Regional_Chapters/05_Girona_Collioure_Emporda_v1.6.md,7.4 Château Royal — 필수,30,,
G140,D1-exact,1.0,source/CURRENT/20_Regional_Chapters/05_Girona_Collioure_Emporda_v2.1.md,7.4 Château Royal — 필수,30,,
G140,D1-exact,1.0,source/CURRENT/30_Reader_Edition/05_Girona_Collioure_Emporda_Reader_v1.5.md,7.4 Château Royal — 필수,30,,
G141,D1-exact,1.0,source/CURRENT/10_Core/42_TP_Europe_Travel_Guidebook_Master_v1.4.md,7.5 Chemin du Fauvisme — 필수,41,,
G141,D1-exact,1.0,source/CURRENT/20_Regional_Chapters/05_Girona_Collioure_Emporda_v1.6.md,7.5 Chemin du Fauvisme — 필수,41,,
G141,D1-exact,1.0,source/CURRENT/20_Regional_Chapters/05_Girona_Collioure_Emporda_v2.1.md,7.5 Chemin du Fauvisme — 필수,41,,
G141,D1-exact,1.0,source/CURRENT/30_Reader_Edition/05_Girona_Collioure_Emporda_Reader_v1.5.md,7.5 Chemin du Fauvisme — 필수,41,,
G142,D1-exact,1.0,source/CURRENT/10_Core/42_TP_Europe_Travel_Guidebook_Master_v1.4.md,Le Jardin de Collioure — 사전예약형,51,,
G142,D1-exact,1.0,source/CURRENT/20_Regional_Chapters/05_Girona_Collioure_Emporda_v1.6.md,Le Jardin de Collioure — 사전예약형,51,,
G142,D1-exact,1.0,source/CURRENT/20_Regional_Chapters/05_Girona_Collioure_Emporda_v2.1.md,Le Jardin de Collioure — 사전예약형,51,,
G142,D1-exact,1.0,source/CURRENT/30_Reader_Edition/05_Girona_Collioure_Emporda_Reader_v1.5.md,Le Jardin de Collioure — 사전예약형,51,,
G143,D1-exact,1.0,source/CURRENT/10_Core/42_TP_Europe_Travel_Guidebook_Master_v1.4.md,17:30 Museu de Peralada 투어,38,,
G143,D1-exact,1.0,source/CURRENT/20_Regional_Chapters/05_Girona_Collioure_Emporda_v1.6.md,17:30 Museu de Peralada 투어,38,,
G143,D1-exact,1.0,source/CURRENT/20_Regional_Chapters/05_Girona_Collioure_Emporda_v2.1.md,17:30 Museu de Peralada 투어,38,,
G143,D1-exact,1.0,source/CURRENT/30_Reader_Edition/05_Girona_Collioure_Emporda_Reader_v1.5.md,17:30 Museu de Peralada 투어,38,,
G144,D1-exact,1.0,source/CURRENT/10_Core/42_TP_Europe_Travel_Guidebook_Master_v1.4.md,8.1 권장 시간표,91,,
G144,D1-exact,1.0,source/CURRENT/20_Regional_Chapters/05_Girona_Collioure_Emporda_v1.6.md,8.1 권장 시간표,91,,
G144,D1-exact,1.0,source/CURRENT/20_Regional_Chapters/05_Girona_Collioure_Emporda_v2.1.md,8.1 권장 시간표,91,,
G144,D1-exact,1.0,source/CURRENT/30_Reader_Edition/05_Girona_Collioure_Emporda_Reader_v1.5.md,8.1 권장 시간표,91,,
G145,D1-exact,1.0,source/CURRENT/10_Core/42_TP_Europe_Travel_Guidebook_Master_v1.4.md,볼 것,45,,
G145,D1-exact,1.0,source/CURRENT/20_Regional_Chapters/05_Girona_Collioure_Emporda_v1.6.md,볼 것,45,,
G145,D1-exact,1.0,source/CURRENT/20_Regional_Chapters/05_Girona_Collioure_Emporda_v2.1.md,볼 것,45,,
G145,D1-exact,1.0,source/CURRENT/30_Reader_Edition/05_Girona_Collioure_Emporda_Reader_v1.5.md,볼 것,45,,
G146,D1-exact,1.0,source/CURRENT/10_Core/42_TP_Europe_Travel_Guidebook_Master_v1.4.md,볼 것,38,,
G146,D1-exact,1.0,source/CURRENT/20_Regional_Chapters/05_Girona_Collioure_Emporda_v1.6.md,볼 것,38,,
G146,D1-exact,1.0,source/CURRENT/20_Regional_Chapters/05_Girona_Collioure_Emporda_v2.1.md,볼 것,38,,
G146,D1-exact,1.0,source/CURRENT/30_Reader_Edition/05_Girona_Collioure_Emporda_Reader_v1.5.md,볼 것,38,,
G147,D1-exact,1.0,source/CURRENT/10_Core/42_TP_Europe_Travel_Guidebook_Master_v1.4.md,주차,29,,
G147,D1-exact,1.0,source/CURRENT/20_Regional_Chapters/05_Girona_Collioure_Emporda_v1.6.md,주차,29,,
G147,D1-exact,1.0,source/CURRENT/20_Regional_Chapters/05_Girona_Collioure_Emporda_v2.1.md,주차,29,,
G147,D1-exact,1.0,source/CURRENT/30_Reader_Edition/05_Girona_Collioure_Emporda_Reader_v1.5.md,주차,29,,
G148,D1-exact,1.0,source/CURRENT/10_Core/42_TP_Europe_Travel_Guidebook_Master_v1.4.md,주차,28,,
G148,D1-exact,1.0,source/CURRENT/20_Regional_Chapters/05_Girona_Collioure_Emporda_v1.6.md,주차,28,,
G148,D1-exact,1.0,source/CURRENT/20_Regional_Chapters/05_Girona_Collioure_Emporda_v2.1.md,주차,28,,
G148,D1-exact,1.0,source/CURRENT/30_Reader_Edition/05_Girona_Collioure_Emporda_Reader_v1.5.md,주차,28,,
G149,D1-exact,1.0,source/CURRENT/10_Core/42_TP_Europe_Travel_Guidebook_Master_v1.4.md,선택,27,,
G149,D1-exact,1.0,source/CURRENT/20_Regional_Chapters/05_Girona_Collioure_Emporda_v1.6.md,선택,27,,
G149,D1-exact,1.0,source/CURRENT/20_Regional_Chapters/05_Girona_Collioure_Emporda_v2.1.md,선택,27,,
G149,D1-exact,1.0,source/CURRENT/30_Reader_Edition/05_Girona_Collioure_Emporda_Reader_v1.5.md,선택,27,,
G150,D1-exact,1.0,source/CURRENT/10_Core/42_TP_Europe_Travel_Guidebook_Master_v1.4.md,모듈 A — 동일 차량으로 니스 이동,25,,
G150,D1-exact,1.0,source/CURRENT/20_Regional_Chapters/05_Girona_Collioure_Emporda_v1.6.md,모듈 A — 동일 차량으로 니스 이동,25,,
G150,D1-exact,1.0,source/CURRENT/20_Regional_Chapters/05_Girona_Collioure_Emporda_v2.1.md,모듈 A — 동일 차량으로 니스 이동,25,,
G150,D1-exact,1.0,source/CURRENT/30_Reader_Edition/05_Girona_Collioure_Emporda_Reader_v1.5.md,모듈 A — 동일 차량으로 니스 이동,25,,
G151,D1-exact,1.0,source/CURRENT/10_Core/42_TP_Europe_Travel_Guidebook_Master_v1.4.md,Museum of Jewish History — 선택,26,,
G151,D1-exact,1.0,source/CURRENT/20_Regional_Chapters/05_Girona_Collioure_Emporda_v1.6.md,Museum of Jewish History — 선택,26,,
G151,D1-exact,1.0,source/CURRENT/30_Reader_Edition/05_Girona_Collioure_Emporda_Reader_v1.5.md,Museum of Jewish History — 선택,26,,
G152,D1-exact,1.0,source/CURRENT/10_Core/42_TP_Europe_Travel_Guidebook_Master_v1.4.md,11. 추천 등급,100,,
G152,D1-exact,1.0,source/CURRENT/20_Regional_Chapters/05_Girona_Collioure_Emporda_v1.6.md,11. 추천 등급,100,,
G152,D1-exact,1.0,source/CURRENT/20_Regional_Chapters/05_Girona_Collioure_Emporda_v2.1.md,11. 추천 등급,100,,
G152,D1-exact,1.0,source/CURRENT/30_Reader_Edition/05_Girona_Collioure_Emporda_Reader_v1.5.md,11. 추천 등급,100,,
G153,D1-exact,1.0,source/CURRENT/10_Core/42_TP_Europe_Travel_Guidebook_Master_v1.4.md,Julia,28,,
G153,D1-exact,1.0,source/CURRENT/20_Regional_Chapters/05_Girona_Collioure_Emporda_v1.6.md,Julia,28,,
G153,D1-exact,1.0,source/CURRENT/20_Regional_Chapters/05_Girona_Collioure_Emporda_v2.1.md,Julia,28,,
G153,D1-exact,1.0,source/CURRENT/30_Reader_Edition/05_Girona_Collioure_Emporda_Reader_v1.5.md,Julia,28,,
G154,D1-exact,1.0,source/CURRENT/10_Core/42_TP_Europe_Travel_Guidebook_Master_v1.4.md,13.2 Mercat del Lleó,26,,
G154,D1-exact,1.0,source/CURRENT/20_Regional_Chapters/05_Girona_Collioure_Emporda_v1.6.md,13.2 Mercat del Lleó,26,,
G154,D1-exact,1.0,source/CURRENT/20_Regional_Chapters/05_Girona_Collioure_Emporda_v2.1.md,13.2 Mercat del Lleó,26,,
G154,D1-exact,1.0,source/CURRENT/30_Reader_Edition/05_Girona_Collioure_Emporda_Reader_v1.5.md,13.2 Mercat del Lleó,26,,
G155,D1-exact,1.0,source/CURRENT/10_Core/42_TP_Europe_Travel_Guidebook_Master_v1.4.md,13.4 추천 식당 역할표,39,,
G155,D1-exact,1.0,source/CURRENT/20_Regional_Chapters/05_Girona_Collioure_Emporda_v1.6.md,13.4 추천 식당 역할표,39,,
G155,D1-exact,1.0,source/CURRENT/20_Regional_Chapters/05_Girona_Collioure_Emporda_v2.1.md,13.4 추천 식당 역할표,39,,
G155,D1-exact,1.0,source/CURRENT/30_Reader_Edition/05_Girona_Collioure_Emporda_Reader_v1.5.md,13.4 추천 식당 역할표,39,,
G156,D1-exact,1.0,source/CURRENT/10_Core/42_TP_Europe_Travel_Guidebook_Master_v1.4.md,교통지연 기준,32,,
G156,D1-exact,1.0,source/CURRENT/20_Regional_Chapters/05_Girona_Collioure_Emporda_v1.6.md,교통지연 기준,32,,
G156,D1-exact,1.0,source/CURRENT/20_Regional_Chapters/05_Girona_Collioure_Emporda_v2.1.md,교통지연 기준,32,,
G156,D1-exact,1.0,source/CURRENT/30_Reader_Edition/05_Girona_Collioure_Emporda_Reader_v1.5.md,교통지연 기준,32,,
G157,D1-exact,1.0,source/CURRENT/10_Core/42_TP_Europe_Travel_Guidebook_Master_v1.4.md,Girona Cathedral,25,,
G157,D1-exact,1.0,source/CURRENT/20_Regional_Chapters/05_Girona_Collioure_Emporda_v1.6.md,Girona Cathedral,25,,
G157,D1-exact,1.0,source/CURRENT/20_Regional_Chapters/05_Girona_Collioure_Emporda_v2.1.md,Girona Cathedral,25,,
G157,D1-exact,1.0,source/CURRENT/30_Reader_Edition/05_Girona_Collioure_Emporda_Reader_v1.5.md,Girona Cathedral,25,,
G158,D1-exact,1.0,source/CURRENT/10_Core/42_TP_Europe_Travel_Guidebook_Master_v1.4.md,18. 출발 전 최종 확인,71,,
G158,D1-exact,1.0,source/CURRENT/20_Regional_Chapters/05_Girona_Collioure_Emporda_v1.6.md,18. 출발 전 최종 확인,71,,
G158,D1-exact,1.0,source/CURRENT/20_Regional_Chapters/05_Girona_Collioure_Emporda_v2.1.md,18. 출발 전 최종 확인,71,,
G158,D1-exact,1.0,source/CURRENT/30_Reader_Edition/05_Girona_Collioure_Emporda_Reader_v1.5.md,18. 출발 전 최종 확인,71,,
G159,D1-exact,1.0,source/CURRENT/10_Core/42_TP_Europe_Travel_Guidebook_Master_v1.4.md,Layer 3. 상용 가이드북형 장소·음식 큐레이션,28,,
G159,D1-exact,1.0,source/CURRENT/20_Regional_Chapters/05_Girona_Collioure_Emporda_v1.6.md,Layer 3. 상용 가이드북형 장소·음식 큐레이션,28,,
G159,D1-exact,1.0,source/CURRENT/20_Regional_Chapters/05_Girona_Collioure_Emporda_v2.1.md,Layer 3. 상용 가이드북형 장소·음식 큐레이션,28,,
G159,D1-exact,1.0,source/CURRENT/30_Reader_Edition/05_Girona_Collioure_Emporda_Reader_v1.5.md,Layer 3. 상용 가이드북형 장소·음식 큐레이션,28,,
G160,D1-exact,1.0,source/CURRENT/10_Core/42_TP_Europe_Travel_Guidebook_Master_v1.4.md,Girona Cathedral·성벽 — 도시를 위에서 읽고 아래로 내려오는 첫 코스,65,,
G160,D1-exact,1.0,source/CURRENT/20_Regional_Chapters/05_Girona_Collioure_Emporda_v1.6.md,Girona Cathedral·성벽 — 도시를 위에서 읽고 아래로 내려오는 첫 코스,65,,
G160,D1-exact,1.0,source/CURRENT/20_Regional_Chapters/05_Girona_Collioure_Emporda_v2.1.md,Girona Cathedral·성벽 — 도시를 위에서 읽고 아래로 내려오는 첫 코스,65,,
G160,D1-exact,1.0,source/CURRENT/30_Reader_Edition/05_Girona_Collioure_Emporda_Reader_v1.5.md,Girona Cathedral·성벽 — 도시를 위에서 읽고 아래로 내려오는 첫 코스,65,,
G161,D1-exact,1.0,source/CURRENT/10_Core/42_TP_Europe_Travel_Guidebook_Master_v1.4.md,Jewish Quarter — 관광골목이 아니라 중세 도시의 압축된 생활공간,38,,
G161,D1-exact,1.0,source/CURRENT/20_Regional_Chapters/05_Girona_Collioure_Emporda_v1.6.md,Jewish Quarter — 관광골목이 아니라 중세 도시의 압축된 생활공간,38,,
G161,D1-exact,1.0,source/CURRENT/20_Regional_Chapters/05_Girona_Collioure_Emporda_v2.1.md,Jewish Quarter — 관광골목이 아니라 중세 도시의 압축된 생활공간,38,,
G161,D1-exact,1.0,source/CURRENT/30_Reader_Edition/05_Girona_Collioure_Emporda_Reader_v1.5.md,Jewish Quarter — 관광골목이 아니라 중세 도시의 압축된 생활공간,38,,
G162,D1-exact,1.0,source/CURRENT/10_Core/42_TP_Europe_Travel_Guidebook_Master_v1.4.md,Onyar 강변 — Girona의 가장 쉬운 기억장치,39,,
G162,D1-exact,1.0,source/CURRENT/20_Regional_Chapters/05_Girona_Collioure_Emporda_v1.6.md,Onyar 강변 — Girona의 가장 쉬운 기억장치,39,,
G162,D1-exact,1.0,source/CURRENT/20_Regional_Chapters/05_Girona_Collioure_Emporda_v2.1.md,Onyar 강변 — Girona의 가장 쉬운 기억장치,39,,
G162,D1-exact,1.0,source/CURRENT/30_Reader_Edition/05_Girona_Collioure_Emporda_Reader_v1.5.md,Onyar 강변 — Girona의 가장 쉬운 기억장치,39,,
G163,D1-exact,1.0,source/CURRENT/10_Core/42_TP_Europe_Travel_Guidebook_Master_v1.4.md,Collioure — 국경의 항구이자 ‘그림 속 풍경을 걷는’ 도시,57,,
G163,D1-exact,1.0,source/CURRENT/20_Regional_Chapters/05_Girona_Collioure_Emporda_v1.6.md,Collioure — 국경의 항구이자 ‘그림 속 풍경을 걷는’ 도시,57,,
G163,D1-exact,1.0,source/CURRENT/20_Regional_Chapters/05_Girona_Collioure_Emporda_v2.1.md,Collioure — 국경의 항구이자 ‘그림 속 풍경을 걷는’ 도시,57,,
G163,D1-exact,1.0,source/CURRENT/30_Reader_Edition/05_Girona_Collioure_Emporda_Reader_v1.5.md,Collioure — 국경의 항구이자 ‘그림 속 풍경을 걷는’ 도시,57,,
G164,D1-exact,1.0,source/CURRENT/10_Core/42_TP_Europe_Travel_Guidebook_Master_v1.4.md,Peralada — 화려한 성보다 조용한 귀족도시의 분위기,41,,
G164,D1-exact,1.0,source/CURRENT/20_Regional_Chapters/05_Girona_Collioure_Emporda_v1.6.md,Peralada — 화려한 성보다 조용한 귀족도시의 분위기,41,,
G164,D1-exact,1.0,source/CURRENT/20_Regional_Chapters/05_Girona_Collioure_Emporda_v2.1.md,Peralada — 화려한 성보다 조용한 귀족도시의 분위기,41,,
G164,D1-exact,1.0,source/CURRENT/30_Reader_Edition/05_Girona_Collioure_Emporda_Reader_v1.5.md,Peralada — 화려한 성보다 조용한 귀족도시의 분위기,41,,
G165,D1-exact,1.0,source/CURRENT/10_Core/42_TP_Europe_Travel_Guidebook_Master_v1.4.md,Pals·Peratallada — 비슷해 보이는 두 석조마을의 차이,56,,
G165,D1-exact,1.0,source/CURRENT/20_Regional_Chapters/05_Girona_Collioure_Emporda_v1.6.md,Pals·Peratallada — 비슷해 보이는 두 석조마을의 차이,56,,
G165,D1-exact,1.0,source/CURRENT/20_Regional_Chapters/05_Girona_Collioure_Emporda_v2.1.md,Pals·Peratallada — 비슷해 보이는 두 석조마을의 차이,56,,
G165,D1-exact,1.0,source/CURRENT/30_Reader_Edition/05_Girona_Collioure_Emporda_Reader_v1.5.md,Pals·Peratallada — 비슷해 보이는 두 석조마을의 차이,56,,
G166,D1-exact,1.0,source/CURRENT/10_Core/42_TP_Europe_Travel_Guidebook_Master_v1.4.md,Calella de Palafrugell — 해변보다 작은 만과 어촌의 비례를 보는 곳,46,,
G166,D1-exact,1.0,source/CURRENT/20_Regional_Chapters/05_Girona_Collioure_Emporda_v1.6.md,Calella de Palafrugell — 해변보다 작은 만과 어촌의 비례를 보는 곳,46,,
G166,D1-exact,1.0,source/CURRENT/20_Regional_Chapters/05_Girona_Collioure_Emporda_v2.1.md,Calella de Palafrugell — 해변보다 작은 만과 어촌의 비례를 보는 곳,46,,
G166,D1-exact,1.0,source/CURRENT/30_Reader_Edition/05_Girona_Collioure_Emporda_Reader_v1.5.md,Calella de Palafrugell — 해변보다 작은 만과 어촌의 비례를 보는 곳,46,,
G167,D1-exact,1.0,source/CURRENT/10_Core/42_TP_Europe_Travel_Guidebook_Master_v1.4.md,꼭 체험할 것,57,,
G167,D1-exact,1.0,source/CURRENT/20_Regional_Chapters/05_Girona_Collioure_Emporda_v1.6.md,꼭 체험할 것,57,,
G167,D1-exact,1.0,source/CURRENT/20_Regional_Chapters/05_Girona_Collioure_Emporda_v2.1.md,꼭 체험할 것,57,,
G167,D1-exact,1.0,source/CURRENT/30_Reader_Edition/05_Girona_Collioure_Emporda_Reader_v1.5.md,꼭 체험할 것,57,,
G168,D1-exact,1.0,source/CURRENT/10_Core/42_TP_Europe_Travel_Guidebook_Master_v1.4.md,Le Jardin de Collioure — 항구의 관광식당보다 계획 가능한 점심,25,,
G168,D1-exact,1.0,source/CURRENT/20_Regional_Chapters/05_Girona_Collioure_Emporda_v1.6.md,Le Jardin de Collioure — 항구의 관광식당보다 계획 가능한 점심,25,,
G168,D1-exact,1.0,source/CURRENT/20_Regional_Chapters/05_Girona_Collioure_Emporda_v2.1.md,Le Jardin de Collioure — 항구의 관광식당보다 계획 가능한 점심,25,,
G168,D1-exact,1.0,source/CURRENT/30_Reader_Edition/05_Girona_Collioure_Emporda_Reader_v1.5.md,Le Jardin de Collioure — 항구의 관광식당보다 계획 가능한 점심,25,,
G169,D1-exact,1.0,source/CURRENT/10_Core/42_TP_Europe_Travel_Guidebook_Master_v1.4.md,Peratallada 점심 — 식당 이름보다 ‘시간 통제’가 핵심,28,,
G169,D1-exact,1.0,source/CURRENT/20_Regional_Chapters/05_Girona_Collioure_Emporda_v1.6.md,Peratallada 점심 — 식당 이름보다 ‘시간 통제’가 핵심,28,,
G169,D1-exact,1.0,source/CURRENT/20_Regional_Chapters/05_Girona_Collioure_Emporda_v2.1.md,Peratallada 점심 — 식당 이름보다 ‘시간 통제’가 핵심,28,,
G169,D1-exact,1.0,source/CURRENT/30_Reader_Edition/05_Girona_Collioure_Emporda_Reader_v1.5.md,Peratallada 점심 — 식당 이름보다 ‘시간 통제’가 핵심,28,,
G170,D1-exact,1.0,source/CURRENT/10_Core/42_TP_Europe_Travel_Guidebook_Master_v1.4.md,현장 선택 규칙,45,,
G170,D1-exact,1.0,source/CURRENT/20_Regional_Chapters/05_Girona_Collioure_Emporda_v1.6.md,현장 선택 규칙,45,,
G170,D1-exact,1.0,source/CURRENT/20_Regional_Chapters/05_Girona_Collioure_Emporda_v2.1.md,현장 선택 규칙,45,,
G170,D1-exact,1.0,source/CURRENT/30_Reader_Edition/05_Girona_Collioure_Emporda_Reader_v1.5.md,현장 선택 규칙,45,,
G171,D1-exact,1.0,source/CURRENT/10_Core/42_TP_Europe_Travel_Guidebook_Master_v1.4.md,19. 공식·주요 참고자료,188,,
G171,D1-exact,1.0,source/CURRENT/20_Regional_Chapters/05_Girona_Collioure_Emporda_v1.6.md,19. 공식·주요 참고자료,188,,
G171,D1-exact,1.0,source/CURRENT/20_Regional_Chapters/05_Girona_Collioure_Emporda_v2.1.md,19. 공식·주요 참고자료,188,,
G171,D1-exact,1.0,source/CURRENT/30_Reader_Edition/05_Girona_Collioure_Emporda_Reader_v1.5.md,19. 공식·주요 참고자료,188,,
G172,D1-exact,1.0,source/CURRENT/10_Core/42_TP_Europe_Travel_Guidebook_Master_v1.4.md,확정,28,,
G172,D1-exact,1.0,source/CURRENT/20_Regional_Chapters/05_Girona_Collioure_Emporda_v1.6.md,확정,28,,
G172,D1-exact,1.0,source/CURRENT/20_Regional_Chapters/05_Girona_Collioure_Emporda_v2.1.md,확정,28,,
G172,D1-exact,1.0,source/CURRENT/30_Reader_Edition/05_Girona_Collioure_Emporda_Reader_v1.5.md,확정,28,,
G173,D1-exact,1.0,source/CURRENT/10_Core/42_TP_Europe_Travel_Guidebook_Master_v1.4.md,"지중해 생활도시, 칸과 모나코, 시장과 해안풍경",110,,
G173,D1-exact,1.0,source/CURRENT/20_Regional_Chapters/06_Nice_Cote_d_Azur_v2.0.md,"지중해 생활도시, 칸과 모나코, 시장과 해안풍경",110,,
G174,D1-exact,1.0,source/CURRENT/10_Core/42_TP_Europe_Travel_Guidebook_Master_v1.4.md,1. 한눈에 보는 실행 요약,180,,
G174,D1-exact,1.0,source/CURRENT/20_Regional_Chapters/06_Nice_Cote_d_Azur_v2.0.md,1. 한눈에 보는 실행 요약,180,,
G174,D1-exact,1.0,source/CURRENT/30_Reader_Edition/06_Nice_Cote_d_Azur_Reader_v1.5.md,1. 한눈에 보는 실행 요약,180,,
G175,D1-exact,1.0,source/CURRENT/10_Core/42_TP_Europe_Travel_Guidebook_Master_v1.4.md,이 일정이 Jason·Julia에게 맞는 이유,39,,
G175,D1-exact,1.0,source/CURRENT/20_Regional_Chapters/06_Nice_Cote_d_Azur_v1.8.md,이 일정이 Jason·Julia에게 맞는 이유,39,,
G175,D1-exact,1.0,source/CURRENT/20_Regional_Chapters/06_Nice_Cote_d_Azur_v2.0.md,이 일정이 Jason·Julia에게 맞는 이유,39,,
G175,D1-exact,1.0,source/CURRENT/30_Reader_Edition/06_Nice_Cote_d_Azur_Reader_v1.5.md,이 일정이 Jason·Julia에게 맞는 이유,39,,
G176,D1-exact,1.0,source/CURRENT/10_Core/42_TP_Europe_Travel_Guidebook_Master_v1.4.md,3. 날짜별 확정 일정,88,,
G176,D1-exact,1.0,source/CURRENT/20_Regional_Chapters/06_Nice_Cote_d_Azur_v2.0.md,3. 날짜별 확정 일정,88,,
G176,D1-exact,1.0,source/CURRENT/30_Reader_Edition/06_Nice_Cote_d_Azur_Reader_v1.5.md,3. 날짜별 확정 일정,88,,
G177,D1-exact,1.0,source/CURRENT/10_Core/42_TP_Europe_Travel_Guidebook_Master_v1.4.md,"니스 도착, 체크인, Promenade 적응",63,,
G177,D1-exact,1.0,source/CURRENT/20_Regional_Chapters/06_Nice_Cote_d_Azur_v1.8.md,"니스 도착, 체크인, Promenade 적응",63,,
G177,D1-exact,1.0,source/CURRENT/20_Regional_Chapters/06_Nice_Cote_d_Azur_v2.0.md,"니스 도착, 체크인, Promenade 적응",63,,
G177,D1-exact,1.0,source/CURRENT/30_Reader_Edition/06_Nice_Cote_d_Azur_Reader_v1.5.md,"니스 도착, 체크인, Promenade 적응",63,,
G178,D1-exact,1.0,source/CURRENT/10_Core/42_TP_Europe_Travel_Guidebook_Master_v1.4.md,"Nice 핵심: 시장, 구시가지, 성채언덕, 해변",100,,
G178,D1-exact,1.0,source/CURRENT/20_Regional_Chapters/06_Nice_Cote_d_Azur_v1.8.md,"Nice 핵심: 시장, 구시가지, 성채언덕, 해변",100,,
G178,D1-exact,1.0,source/CURRENT/20_Regional_Chapters/06_Nice_Cote_d_Azur_v2.0.md,"Nice 핵심: 시장, 구시가지, 성채언덕, 해변",100,,
G178,D1-exact,1.0,source/CURRENT/30_Reader_Edition/06_Nice_Cote_d_Azur_Reader_v1.5.md,"Nice 핵심: 시장, 구시가지, 성채언덕, 해변",100,,
G179,D1-exact,1.0,source/CURRENT/10_Core/42_TP_Europe_Travel_Guidebook_Master_v1.4.md,"Cannes 당일치기: 시장, 구시가지, 항구, Croisette",79,,
G179,D1-exact,1.0,source/CURRENT/20_Regional_Chapters/06_Nice_Cote_d_Azur_v1.8.md,"Cannes 당일치기: 시장, 구시가지, 항구, Croisette",79,,
G179,D1-exact,1.0,source/CURRENT/20_Regional_Chapters/06_Nice_Cote_d_Azur_v2.0.md,"Cannes 당일치기: 시장, 구시가지, 항구, Croisette",79,,
G179,D1-exact,1.0,source/CURRENT/30_Reader_Edition/06_Nice_Cote_d_Azur_Reader_v1.5.md,"Cannes 당일치기: 시장, 구시가지, 항구, Croisette",79,,
G180,D1-exact,1.0,source/CURRENT/10_Core/42_TP_Europe_Travel_Guidebook_Master_v1.4.md,"Monaco 당일치기: 왕실 구시가지, 항구, Monte Carlo",83,,
G180,D1-exact,1.0,source/CURRENT/20_Regional_Chapters/06_Nice_Cote_d_Azur_v1.8.md,"Monaco 당일치기: 왕실 구시가지, 항구, Monte Carlo",83,,
G180,D1-exact,1.0,source/CURRENT/20_Regional_Chapters/06_Nice_Cote_d_Azur_v2.0.md,"Monaco 당일치기: 왕실 구시가지, 항구, Monte Carlo",83,,
G180,D1-exact,1.0,source/CURRENT/30_Reader_Edition/06_Nice_Cote_d_Azur_Reader_v1.5.md,"Monaco 당일치기: 왕실 구시가지, 항구, Monte Carlo",83,,
G181,D1-exact,1.0,source/CURRENT/10_Core/42_TP_Europe_Travel_Guidebook_Master_v1.4.md,"Nice 생활·회복일: 시장, 한 곳의 문화시설, 세탁과 해변",141,,
G181,D1-exact,1.0,source/CURRENT/20_Regional_Chapters/06_Nice_Cote_d_Azur_v2.0.md,"Nice 생활·회복일: 시장, 사진미술관 선택, 세탁과 해변",141,,
G181,D1-exact,1.0,source/CURRENT/30_Reader_Edition/06_Nice_Cote_d_Azur_Reader_v1.5.md,"Nice 생활·회복일: 시장, 한 곳의 문화시설, 세탁과 해변",141,,
G182,D1-exact,1.0,source/CURRENT/10_Core/42_TP_Europe_Travel_Guidebook_Master_v1.4.md,"렌터카 인수, Saint-Paul-de-Vence·Grasse, Aix 이동",94,,
G182,D1-exact,1.0,source/CURRENT/20_Regional_Chapters/06_Nice_Cote_d_Azur_v1.8.md,"렌터카 인수, Saint-Paul-de-Vence·Grasse, Aix 이동",94,,
G182,D1-exact,1.0,source/CURRENT/20_Regional_Chapters/06_Nice_Cote_d_Azur_v2.0.md,"렌터카 인수, Saint-Paul-de-Vence·Grasse, Aix 이동",94,,
G182,D1-exact,1.0,source/CURRENT/30_Reader_Edition/06_Nice_Cote_d_Azur_Reader_v1.5.md,"렌터카 인수, Saint-Paul-de-Vence·Grasse, Aix 이동",94,,
G183,D1-exact,1.0,source/CURRENT/10_Core/42_TP_Europe_Travel_Guidebook_Master_v1.4.md,10. 피로도와 삭제 우선순위,42,,
G183,D1-exact,1.0,source/CURRENT/20_Regional_Chapters/06_Nice_Cote_d_Azur_v1.8.md,10. 피로도와 삭제 우선순위,42,,
G183,D1-exact,1.0,source/CURRENT/20_Regional_Chapters/06_Nice_Cote_d_Azur_v2.0.md,10. 피로도와 삭제 우선순위,42,,
G183,D1-exact,1.0,source/CURRENT/30_Reader_Edition/06_Nice_Cote_d_Azur_Reader_v1.5.md,10. 피로도와 삭제 우선순위,42,,
G184,D1-exact,1.0,source/CURRENT/10_Core/42_TP_Europe_Travel_Guidebook_Master_v1.4.md,11. 니스와 코트다쥐르를 어떻게 볼 것인가,80,,
G184,D1-exact,1.0,source/CURRENT/20_Regional_Chapters/06_Nice_Cote_d_Azur_v1.8.md,11. 니스와 코트다쥐르를 어떻게 볼 것인가,80,,
G184,D1-exact,1.0,source/CURRENT/20_Regional_Chapters/06_Nice_Cote_d_Azur_v2.0.md,11. 니스와 코트다쥐르를 어떻게 볼 것인가,80,,
G184,D1-exact,1.0,source/CURRENT/30_Reader_Edition/06_Nice_Cote_d_Azur_Reader_v1.5.md,11. 니스와 코트다쥐르를 어떻게 볼 것인가,80,,
G185,D1-exact,1.0,source/CURRENT/10_Core/42_TP_Europe_Travel_Guidebook_Master_v1.4.md,12. 동네와 숙소 생활권,89,,
G185,D1-exact,1.0,source/CURRENT/20_Regional_Chapters/06_Nice_Cote_d_Azur_v1.8.md,12. 동네와 숙소 생활권,89,,
G185,D1-exact,1.0,source/CURRENT/20_Regional_Chapters/06_Nice_Cote_d_Azur_v2.0.md,12. 동네와 숙소 생활권,89,,
G185,D1-exact,1.0,source/CURRENT/30_Reader_Edition/06_Nice_Cote_d_Azur_Reader_v1.5.md,12. 동네와 숙소 생활권,89,,
G186,D1-exact,1.0,source/CURRENT/10_Core/42_TP_Europe_Travel_Guidebook_Master_v1.4.md,Jason·Julia에게 가장 적합한 이유,27,,
G186,D1-exact,1.0,source/CURRENT/20_Regional_Chapters/06_Nice_Cote_d_Azur_v1.8.md,Jason·Julia에게 가장 적합한 이유,27,,
G186,D1-exact,1.0,source/CURRENT/20_Regional_Chapters/06_Nice_Cote_d_Azur_v2.0.md,Jason·Julia에게 가장 적합한 이유,27,,
G186,D1-exact,1.0,source/CURRENT/30_Reader_Edition/06_Nice_Cote_d_Azur_Reader_v1.5.md,Jason·Julia에게 가장 적합한 이유,27,,
G187,D1-exact,1.0,source/CURRENT/10_Core/42_TP_Europe_Travel_Guidebook_Master_v1.4.md,13. 추천등급 요약,141,,
G187,D1-exact,1.0,source/CURRENT/20_Regional_Chapters/06_Nice_Cote_d_Azur_v1.8.md,13. 추천등급 요약,141,,
G187,D1-exact,1.0,source/CURRENT/20_Regional_Chapters/06_Nice_Cote_d_Azur_v2.0.md,13. 추천등급 요약,141,,
G187,D1-exact,1.0,source/CURRENT/30_Reader_Edition/06_Nice_Cote_d_Azur_Reader_v1.5.md,13. 추천등급 요약,141,,
G188,D1-exact,1.0,source/CURRENT/10_Core/42_TP_Europe_Travel_Guidebook_Master_v1.4.md,{{VISUAL:VIS-PHOTO-037|type=photo|status=travel-capture|strategy=direct-shot}} 꽃과 식품 노점이 이어진 Cours Saleya,82,,
G188,D1-exact,1.0,source/CURRENT/20_Regional_Chapters/06_Nice_Cote_d_Azur_v1.8.md,{{VISUAL:VIS-PHOTO-079|type=photo|status=travel-capture|strategy=direct-shot}} 꽃과 식품 노점이 이어진 Cours Saleya,82,,
G188,D1-exact,1.0,source/CURRENT/20_Regional_Chapters/06_Nice_Cote_d_Azur_v2.0.md,{{VISUAL:VIS-PHOTO-079|type=photo|status=travel-capture|strategy=direct-shot}} 꽃과 식품 노점이 이어진 Cours Saleya,82,,
G188,D1-exact,1.0,source/CURRENT/30_Reader_Edition/06_Nice_Cote_d_Azur_Reader_v1.5.md,{{VISUAL:VIS-PHOTO-023|type=photo|status=travel-capture|strategy=direct-shot}} 꽃과 식품 노점이 이어진 Cours Saleya,82,,
G189,D1-exact,1.0,source/CURRENT/10_Core/42_TP_Europe_Travel_Guidebook_Master_v1.4.md,{{VISUAL:VIS-PHOTO-038|type=photo|status=pre-publication|strategy=licensed-or-direct}} Vieux Nice의 주황빛 건물과 좁은 골목,63,,
G189,D1-exact,1.0,source/CURRENT/20_Regional_Chapters/06_Nice_Cote_d_Azur_v1.8.md,{{VISUAL:VIS-PHOTO-080|type=photo|status=pre-publication|strategy=licensed-or-direct}} Vieux Nice의 주황빛 건물과 좁은 골목,63,,
G189,D1-exact,1.0,source/CURRENT/20_Regional_Chapters/06_Nice_Cote_d_Azur_v2.0.md,{{VISUAL:VIS-PHOTO-080|type=photo|status=pre-publication|strategy=licensed-or-direct}} Vieux Nice의 주황빛 건물과 좁은 골목,63,,
G189,D1-exact,1.0,source/CURRENT/30_Reader_Edition/06_Nice_Cote_d_Azur_Reader_v1.5.md,{{VISUAL:VIS-PHOTO-024|type=photo|status=pre-publication|strategy=licensed-or-direct}} Vieux Nice의 주황빛 건물과 좁은 골목,63,,
G190,D1-exact,1.0,source/CURRENT/10_Core/42_TP_Europe_Travel_Guidebook_Master_v1.4.md,{{VISUAL:VIS-PHOTO-039|type=photo|status=pre-publication|strategy=licensed-or-direct}} Castle Hill에서 내려다본 Baie des Anges,64,,
G190,D1-exact,1.0,source/CURRENT/20_Regional_Chapters/06_Nice_Cote_d_Azur_v1.8.md,{{VISUAL:VIS-PHOTO-081|type=photo|status=pre-publication|strategy=licensed-or-direct}} Castle Hill에서 내려다본 Baie des Anges,64,,
G190,D1-exact,1.0,source/CURRENT/20_Regional_Chapters/06_Nice_Cote_d_Azur_v2.0.md,{{VISUAL:VIS-PHOTO-081|type=photo|status=pre-publication|strategy=licensed-or-direct}} Castle Hill에서 내려다본 Baie des Anges,64,,
G190,D1-exact,1.0,source/CURRENT/30_Reader_Edition/06_Nice_Cote_d_Azur_Reader_v1.5.md,{{VISUAL:VIS-PHOTO-025|type=photo|status=pre-publication|strategy=licensed-or-direct}} Castle Hill에서 내려다본 Baie des Anges,64,,
G191,D1-exact,1.0,source/CURRENT/10_Core/42_TP_Europe_Travel_Guidebook_Master_v1.4.md,{{VISUAL:VIS-PHOTO-040|type=photo|status=pre-publication|strategy=licensed-or-direct}} Croisette의 야자수와 호텔 파사드,90,,
G191,D1-exact,1.0,source/CURRENT/20_Regional_Chapters/06_Nice_Cote_d_Azur_v1.8.md,{{VISUAL:VIS-PHOTO-082|type=photo|status=pre-publication|strategy=licensed-or-direct}} Croisette의 야자수와 호텔 파사드,90,,
G191,D1-exact,1.0,source/CURRENT/20_Regional_Chapters/06_Nice_Cote_d_Azur_v2.0.md,{{VISUAL:VIS-PHOTO-082|type=photo|status=pre-publication|strategy=licensed-or-direct}} Croisette의 야자수와 호텔 파사드,90,,
G191,D1-exact,1.0,source/CURRENT/30_Reader_Edition/06_Nice_Cote_d_Azur_Reader_v1.5.md,{{VISUAL:VIS-PHOTO-026|type=photo|status=pre-publication|strategy=licensed-or-direct}} Croisette의 야자수와 호텔 파사드,90,,
G192,D1-exact,1.0,source/CURRENT/10_Core/42_TP_Europe_Travel_Guidebook_Master_v1.4.md,{{VISUAL:VIS-PHOTO-041|type=photo|status=pre-publication|strategy=licensed-or-direct}} Monaco-Ville 성벽과 바다 전망,68,,
G192,D1-exact,1.0,source/CURRENT/20_Regional_Chapters/06_Nice_Cote_d_Azur_v1.8.md,{{VISUAL:VIS-PHOTO-083|type=photo|status=pre-publication|strategy=licensed-or-direct}} Monaco-Ville 성벽과 바다 전망,68,,
G192,D1-exact,1.0,source/CURRENT/20_Regional_Chapters/06_Nice_Cote_d_Azur_v2.0.md,{{VISUAL:VIS-PHOTO-083|type=photo|status=pre-publication|strategy=licensed-or-direct}} Monaco-Ville 성벽과 바다 전망,68,,
G192,D1-exact,1.0,source/CURRENT/30_Reader_Edition/06_Nice_Cote_d_Azur_Reader_v1.5.md,{{VISUAL:VIS-PHOTO-027|type=photo|status=pre-publication|strategy=licensed-or-direct}} Monaco-Ville 성벽과 바다 전망,68,,
G193,D1-exact,1.0,source/CURRENT/10_Core/42_TP_Europe_Travel_Guidebook_Master_v1.4.md,{{VISUAL:VIS-PHOTO-042|type=photo|status=pre-publication|strategy=licensed-or-direct}} Saint-Paul-de-Vence 성문과 석조 골목,53,,
G193,D1-exact,1.0,source/CURRENT/20_Regional_Chapters/06_Nice_Cote_d_Azur_v1.8.md,{{VISUAL:VIS-PHOTO-084|type=photo|status=pre-publication|strategy=licensed-or-direct}} Saint-Paul-de-Vence 성문과 석조 골목,53,,
G193,D1-exact,1.0,source/CURRENT/20_Regional_Chapters/06_Nice_Cote_d_Azur_v2.0.md,{{VISUAL:VIS-PHOTO-084|type=photo|status=pre-publication|strategy=licensed-or-direct}} Saint-Paul-de-Vence 성문과 석조 골목,53,,
G193,D1-exact,1.0,source/CURRENT/30_Reader_Edition/06_Nice_Cote_d_Azur_Reader_v1.5.md,{{VISUAL:VIS-PHOTO-028|type=photo|status=pre-publication|strategy=licensed-or-direct}} Saint-Paul-de-Vence 성문과 석조 골목,53,,
G194,D1-exact,1.0,source/CURRENT/10_Core/42_TP_Europe_Travel_Guidebook_Master_v1.4.md,{{VISUAL:VIS-PHOTO-043|type=photo|status=pre-publication|strategy=licensed-or-direct}} 향수 체험 테이블 또는 향수 بوتीक 디스플레이,54,,
G194,D1-exact,1.0,source/CURRENT/20_Regional_Chapters/06_Nice_Cote_d_Azur_v1.8.md,{{VISUAL:VIS-PHOTO-085|type=photo|status=pre-publication|strategy=licensed-or-direct}} 향수 체험 테이블 또는 향수 بوتीक 디스플레이,54,,
G194,D1-exact,1.0,source/CURRENT/20_Regional_Chapters/06_Nice_Cote_d_Azur_v2.0.md,{{VISUAL:VIS-PHOTO-085|type=photo|status=pre-publication|strategy=licensed-or-direct}} 향수 체험 테이블 또는 향수 بوتीक 디스플레이,54,,
G194,D1-exact,1.0,source/CURRENT/30_Reader_Edition/06_Nice_Cote_d_Azur_Reader_v1.5.md,{{VISUAL:VIS-PHOTO-029|type=photo|status=pre-publication|strategy=licensed-or-direct}} 향수 체험 테이블 또는 향수 بوتीक 디스플레이,54,,
G195,D1-exact,1.0,source/CURRENT/10_Core/42_TP_Europe_Travel_Guidebook_Master_v1.4.md,14.8 미술관·박물관은 어떻게 다룰까,55,,
G195,D1-exact,1.0,source/CURRENT/20_Regional_Chapters/06_Nice_Cote_d_Azur_v1.8.md,14.8 미술관·박물관은 어떻게 다룰까,55,,
G195,D1-exact,1.0,source/CURRENT/20_Regional_Chapters/06_Nice_Cote_d_Azur_v2.0.md,14.8 미술관·박물관은 어떻게 다룰까,55,,
G195,D1-exact,1.0,source/CURRENT/30_Reader_Edition/06_Nice_Cote_d_Azur_Reader_v1.5.md,14.8 미술관·박물관은 어떻게 다룰까,55,,
G196,D1-exact,1.0,source/CURRENT/10_Core/42_TP_Europe_Travel_Guidebook_Master_v1.4.md,15.1 숙소 선택 기준,38,,
G196,D1-exact,1.0,source/CURRENT/20_Regional_Chapters/06_Nice_Cote_d_Azur_v1.8.md,15.1 숙소 선택 기준,38,,
G196,D1-exact,1.0,source/CURRENT/20_Regional_Chapters/06_Nice_Cote_d_Azur_v2.0.md,15.1 숙소 선택 기준,38,,
G196,D1-exact,1.0,source/CURRENT/30_Reader_Edition/06_Nice_Cote_d_Azur_Reader_v1.5.md,15.1 숙소 선택 기준,38,,
G197,D1-exact,1.0,source/CURRENT/10_Core/42_TP_Europe_Travel_Guidebook_Master_v1.4.md,15.2 실제 숙소 후보,153,,
G197,D1-exact,1.0,source/CURRENT/20_Regional_Chapters/06_Nice_Cote_d_Azur_v1.8.md,15.2 실제 숙소 후보,153,,
G197,D1-exact,1.0,source/CURRENT/20_Regional_Chapters/06_Nice_Cote_d_Azur_v2.0.md,15.2 실제 숙소 후보,153,,
G197,D1-exact,1.0,source/CURRENT/30_Reader_Edition/06_Nice_Cote_d_Azur_Reader_v1.5.md,15.2 실제 숙소 후보,153,,
G198,D1-exact,1.0,source/CURRENT/10_Core/42_TP_Europe_Travel_Guidebook_Master_v1.4.md,15.3 최종 선택 순서,33,,
G198,D1-exact,1.0,source/CURRENT/20_Regional_Chapters/06_Nice_Cote_d_Azur_v1.8.md,15.3 최종 선택 순서,33,,
G198,D1-exact,1.0,source/CURRENT/20_Regional_Chapters/06_Nice_Cote_d_Azur_v2.0.md,15.3 최종 선택 순서,33,,
G198,D1-exact,1.0,source/CURRENT/30_Reader_Edition/06_Nice_Cote_d_Azur_Reader_v1.5.md,15.3 최종 선택 순서,33,,
G199,D1-exact,1.0,source/CURRENT/10_Core/42_TP_Europe_Travel_Guidebook_Master_v1.4.md,16.1 저녁식당 추천,91,,
G199,D1-exact,1.0,source/CURRENT/20_Regional_Chapters/06_Nice_Cote_d_Azur_v1.8.md,16.1 저녁식당 추천,91,,
G199,D1-exact,1.0,source/CURRENT/20_Regional_Chapters/06_Nice_Cote_d_Azur_v2.0.md,16.1 저녁식당 추천,91,,
G199,D1-exact,1.0,source/CURRENT/30_Reader_Edition/06_Nice_Cote_d_Azur_Reader_v1.5.md,16.1 저녁식당 추천,91,,
G200,D1-exact,1.0,source/CURRENT/10_Core/42_TP_Europe_Travel_Guidebook_Master_v1.4.md,16.2 Cannes 점심 후보,32,,
G200,D1-exact,1.0,source/CURRENT/20_Regional_Chapters/06_Nice_Cote_d_Azur_v1.8.md,16.2 Cannes 점심 후보,32,,
G200,D1-exact,1.0,source/CURRENT/20_Regional_Chapters/06_Nice_Cote_d_Azur_v2.0.md,16.2 Cannes 점심 후보,32,,
G200,D1-exact,1.0,source/CURRENT/30_Reader_Edition/06_Nice_Cote_d_Azur_Reader_v1.5.md,16.2 Cannes 점심 후보,32,,
G201,D1-exact,1.0,source/CURRENT/10_Core/42_TP_Europe_Travel_Guidebook_Master_v1.4.md,16.3 Monaco 점심 후보,31,,
G201,D1-exact,1.0,source/CURRENT/20_Regional_Chapters/06_Nice_Cote_d_Azur_v1.8.md,16.3 Monaco 점심 후보,31,,
G201,D1-exact,1.0,source/CURRENT/20_Regional_Chapters/06_Nice_Cote_d_Azur_v2.0.md,16.3 Monaco 점심 후보,31,,
G201,D1-exact,1.0,source/CURRENT/30_Reader_Edition/06_Nice_Cote_d_Azur_Reader_v1.5.md,16.3 Monaco 점심 후보,31,,
G202,D1-exact,1.0,source/CURRENT/10_Core/42_TP_Europe_Travel_Guidebook_Master_v1.4.md,꼭 먹어볼 것 리스트,44,,
G202,D1-exact,1.0,source/CURRENT/20_Regional_Chapters/06_Nice_Cote_d_Azur_v1.8.md,꼭 먹어볼 것 리스트,44,,
G202,D1-exact,1.0,source/CURRENT/20_Regional_Chapters/06_Nice_Cote_d_Azur_v2.0.md,꼭 먹어볼 것 리스트,44,,
G202,D1-exact,1.0,source/CURRENT/30_Reader_Edition/06_Nice_Cote_d_Azur_Reader_v1.5.md,꼭 먹어볼 것 리스트,44,,
G203,D1-exact,1.0,source/CURRENT/10_Core/42_TP_Europe_Travel_Guidebook_Master_v1.4.md,17.1 시장,30,,
G203,D1-exact,1.0,source/CURRENT/20_Regional_Chapters/06_Nice_Cote_d_Azur_v1.8.md,17.1 시장,30,,
G203,D1-exact,1.0,source/CURRENT/20_Regional_Chapters/06_Nice_Cote_d_Azur_v2.0.md,17.1 시장,30,,
G203,D1-exact,1.0,source/CURRENT/30_Reader_Edition/06_Nice_Cote_d_Azur_Reader_v1.5.md,17.1 시장,30,,
G204,D1-exact,1.0,source/CURRENT/10_Core/42_TP_Europe_Travel_Guidebook_Master_v1.4.md,17.3 제철 과일과 지역 식재료,32,,
G204,D1-exact,1.0,source/CURRENT/20_Regional_Chapters/06_Nice_Cote_d_Azur_v1.8.md,17.3 제철 과일과 지역 식재료,32,,
G204,D1-exact,1.0,source/CURRENT/20_Regional_Chapters/06_Nice_Cote_d_Azur_v2.0.md,17.3 제철 과일과 지역 식재료,32,,
G204,D1-exact,1.0,source/CURRENT/30_Reader_Edition/06_Nice_Cote_d_Azur_Reader_v1.5.md,17.3 제철 과일과 지역 식재료,32,,
G205,D1-exact,1.0,source/CURRENT/10_Core/42_TP_Europe_Travel_Guidebook_Master_v1.4.md,18.1 Jason 러닝,38,,
G205,D1-exact,1.0,source/CURRENT/20_Regional_Chapters/06_Nice_Cote_d_Azur_v1.8.md,18.1 Jason 러닝,38,,
G205,D1-exact,1.0,source/CURRENT/20_Regional_Chapters/06_Nice_Cote_d_Azur_v2.0.md,18.1 Jason 러닝,38,,
G205,D1-exact,1.0,source/CURRENT/30_Reader_Edition/06_Nice_Cote_d_Azur_Reader_v1.5.md,18.1 Jason 러닝,38,,
G206,D1-exact,1.0,source/CURRENT/10_Core/42_TP_Europe_Travel_Guidebook_Master_v1.4.md,19. 2026 행사·특별전과 이번 일정에서의 다루는 방식,42,,
G206,D1-exact,1.0,source/CURRENT/20_Regional_Chapters/06_Nice_Cote_d_Azur_v2.0.md,19. 2026 행사·특별전과 이번 일정에서의 다루는 방식,42,,
G206,D1-exact,1.0,source/CURRENT/30_Reader_Edition/06_Nice_Cote_d_Azur_Reader_v1.5.md,19. 2026 행사·특별전과 이번 일정에서의 다루는 방식,42,,
G207,D1-exact,1.0,source/CURRENT/10_Core/42_TP_Europe_Travel_Guidebook_Master_v1.4.md,20.1 9/5 Nice 도시일 대체안,29,,
G207,D1-exact,1.0,source/CURRENT/20_Regional_Chapters/06_Nice_Cote_d_Azur_v1.8.md,20.1 9/5 Nice 도시일 대체안,29,,
G207,D1-exact,1.0,source/CURRENT/20_Regional_Chapters/06_Nice_Cote_d_Azur_v2.0.md,20.1 9/5 Nice 도시일 대체안,29,,
G207,D1-exact,1.0,source/CURRENT/30_Reader_Edition/06_Nice_Cote_d_Azur_Reader_v1.5.md,20.1 9/5 Nice 도시일 대체안,29,,
G208,D1-exact,1.0,source/CURRENT/10_Core/42_TP_Europe_Travel_Guidebook_Master_v1.4.md,20.2 9/6 Cannes 대체안,25,,
G208,D1-exact,1.0,source/CURRENT/20_Regional_Chapters/06_Nice_Cote_d_Azur_v1.8.md,20.2 9/6 Cannes 대체안,25,,
G208,D1-exact,1.0,source/CURRENT/20_Regional_Chapters/06_Nice_Cote_d_Azur_v2.0.md,20.2 9/6 Cannes 대체안,25,,
G208,D1-exact,1.0,source/CURRENT/30_Reader_Edition/06_Nice_Cote_d_Azur_Reader_v1.5.md,20.2 9/6 Cannes 대체안,25,,
G209,D1-exact,1.0,source/CURRENT/10_Core/42_TP_Europe_Travel_Guidebook_Master_v1.4.md,22.1 출발 전 예약 우선순위,51,,
G209,D1-exact,1.0,source/CURRENT/20_Regional_Chapters/06_Nice_Cote_d_Azur_v1.8.md,22.1 출발 전 예약 우선순위,51,,
G209,D1-exact,1.0,source/CURRENT/20_Regional_Chapters/06_Nice_Cote_d_Azur_v2.0.md,22.1 출발 전 예약 우선순위,51,,
G209,D1-exact,1.0,source/CURRENT/30_Reader_Edition/06_Nice_Cote_d_Azur_Reader_v1.5.md,22.1 출발 전 예약 우선순위,51,,
G210,D1-exact,1.0,source/CURRENT/10_Core/42_TP_Europe_Travel_Guidebook_Master_v1.4.md,23. 출발 전 확인목록,68,,
G210,D1-exact,1.0,source/CURRENT/20_Regional_Chapters/06_Nice_Cote_d_Azur_v1.8.md,23. 출발 전 확인목록,68,,
G210,D1-exact,1.0,source/CURRENT/20_Regional_Chapters/06_Nice_Cote_d_Azur_v2.0.md,23. 출발 전 확인목록,68,,
G210,D1-exact,1.0,source/CURRENT/30_Reader_Edition/06_Nice_Cote_d_Azur_Reader_v1.5.md,23. 출발 전 확인목록,68,,
G211,D1-exact,1.0,source/CURRENT/10_Core/42_TP_Europe_Travel_Guidebook_Master_v1.4.md,코트다쥐르에서 꼭 기억할 세 장면,42,,
G211,D1-exact,1.0,source/CURRENT/20_Regional_Chapters/06_Nice_Cote_d_Azur_v1.8.md,코트다쥐르에서 꼭 기억할 세 장면,42,,
G211,D1-exact,1.0,source/CURRENT/20_Regional_Chapters/06_Nice_Cote_d_Azur_v2.0.md,코트다쥐르에서 꼭 기억할 세 장면,42,,
G211,D1-exact,1.0,source/CURRENT/30_Reader_Edition/06_Nice_Cote_d_Azur_Reader_v1.5.md,코트다쥐르에서 꼭 기억할 세 장면,42,,
G212,D1-exact,1.0,source/CURRENT/10_Core/42_TP_Europe_Travel_Guidebook_Master_v1.4.md,Cannes — 화려함을 비판하기 전에 오래된 도시를 먼저 본다,25,,
G212,D1-exact,1.0,source/CURRENT/20_Regional_Chapters/06_Nice_Cote_d_Azur_v1.8.md,Cannes — 화려함을 비판하기 전에 오래된 도시를 먼저 본다,25,,
G212,D1-exact,1.0,source/CURRENT/20_Regional_Chapters/06_Nice_Cote_d_Azur_v2.0.md,Cannes — 화려함을 비판하기 전에 오래된 도시를 먼저 본다,25,,
G212,D1-exact,1.0,source/CURRENT/30_Reader_Edition/06_Nice_Cote_d_Azur_Reader_v1.5.md,Cannes — 화려함을 비판하기 전에 오래된 도시를 먼저 본다,25,,
G213,D1-exact,1.0,source/CURRENT/10_Core/42_TP_Europe_Travel_Guidebook_Master_v1.4.md,Saint-Paul-de-Vence — 유명 갤러리보다 돌과 전망에 집중,26,,
G213,D1-exact,1.0,source/CURRENT/20_Regional_Chapters/06_Nice_Cote_d_Azur_v1.8.md,Saint-Paul-de-Vence — 유명 갤러리보다 돌과 전망에 집중,26,,
G213,D1-exact,1.0,source/CURRENT/20_Regional_Chapters/06_Nice_Cote_d_Azur_v2.0.md,Saint-Paul-de-Vence — 유명 갤러리보다 돌과 전망에 집중,26,,
G213,D1-exact,1.0,source/CURRENT/30_Reader_Edition/06_Nice_Cote_d_Azur_Reader_v1.5.md,Saint-Paul-de-Vence — 유명 갤러리보다 돌과 전망에 집중,26,,
G214,D1-exact,1.0,source/CURRENT/10_Core/42_TP_Europe_Travel_Guidebook_Master_v1.4.md,Grasse — 향수를 ‘사는 곳’보다 후각으로 도시를 기억하는 곳,26,,
G214,D1-exact,1.0,source/CURRENT/20_Regional_Chapters/06_Nice_Cote_d_Azur_v1.8.md,Grasse — 향수를 ‘사는 곳’보다 후각으로 도시를 기억하는 곳,26,,
G214,D1-exact,1.0,source/CURRENT/20_Regional_Chapters/06_Nice_Cote_d_Azur_v2.0.md,Grasse — 향수를 ‘사는 곳’보다 후각으로 도시를 기억하는 곳,26,,
G214,D1-exact,1.0,source/CURRENT/30_Reader_Edition/06_Nice_Cote_d_Azur_Reader_v1.5.md,Grasse — 향수를 ‘사는 곳’보다 후각으로 도시를 기억하는 곳,26,,
G215,D1-exact,1.0,source/CURRENT/10_Core/42_TP_Europe_Travel_Guidebook_Master_v1.4.md,Acchiardo — 가족식당의 활기 속에서 니스 전통요리 입문,26,,
G215,D1-exact,1.0,source/CURRENT/20_Regional_Chapters/06_Nice_Cote_d_Azur_v1.8.md,Acchiardo — 가족식당의 활기 속에서 니스 전통요리 입문,26,,
G215,D1-exact,1.0,source/CURRENT/20_Regional_Chapters/06_Nice_Cote_d_Azur_v2.0.md,Acchiardo — 가족식당의 활기 속에서 니스 전통요리 입문,26,,
G215,D1-exact,1.0,source/CURRENT/30_Reader_Edition/06_Nice_Cote_d_Azur_Reader_v1.5.md,Acchiardo — 가족식당의 활기 속에서 니스 전통요리 입문,26,,
G216,D1-exact,1.0,source/CURRENT/10_Core/42_TP_Europe_Travel_Guidebook_Master_v1.4.md,코트다쥐르 체험 체크리스트,55,,
G216,D1-exact,1.0,source/CURRENT/20_Regional_Chapters/06_Nice_Cote_d_Azur_v1.8.md,코트다쥐르 체험 체크리스트,55,,
G216,D1-exact,1.0,source/CURRENT/20_Regional_Chapters/06_Nice_Cote_d_Azur_v2.0.md,코트다쥐르 체험 체크리스트,55,,
G216,D1-exact,1.0,source/CURRENT/30_Reader_Edition/06_Nice_Cote_d_Azur_Reader_v1.5.md,코트다쥐르 체험 체크리스트,55,,
G217,D1-exact,1.0,source/CURRENT/10_Core/42_TP_Europe_Travel_Guidebook_Master_v1.4.md,현장 선택 규칙,38,,
G217,D1-exact,1.0,source/CURRENT/20_Regional_Chapters/06_Nice_Cote_d_Azur_v1.8.md,현장 선택 규칙,38,,
G217,D1-exact,1.0,source/CURRENT/20_Regional_Chapters/06_Nice_Cote_d_Azur_v2.0.md,현장 선택 규칙,38,,
G217,D1-exact,1.0,source/CURRENT/30_Reader_Edition/06_Nice_Cote_d_Azur_Reader_v1.5.md,현장 선택 규칙,38,,
G218,D1-exact,1.0,source/CURRENT/10_Core/42_TP_Europe_Travel_Guidebook_Master_v1.4.md,"세잔의 도시, 시장생활과 카시스의 바다",100,,
G218,D1-exact,1.0,source/CURRENT/20_Regional_Chapters/07_Aix_en_Provence_v1.7.md,"세잔의 도시, 시장생활과 카시스의 바다",100,,
G218,D1-exact,1.0,source/CURRENT/20_Regional_Chapters/07_Aix_en_Provence_v2.0.md,"세잔의 도시, 시장생활과 카시스의 바다",100,,
G218,D1-exact,1.0,source/CURRENT/30_Reader_Edition/07_Aix_en_Provence_Reader_v1.6.md,"세잔의 도시, 시장생활과 카시스의 바다",100,,
G219,D1-exact,1.0,source/CURRENT/10_Core/42_TP_Europe_Travel_Guidebook_Master_v1.4.md,1. 한눈에 보는 실행 요약,147,,
G219,D1-exact,1.0,source/CURRENT/20_Regional_Chapters/07_Aix_en_Provence_v1.7.md,1. 한눈에 보는 실행 요약,147,,
G219,D1-exact,1.0,source/CURRENT/20_Regional_Chapters/07_Aix_en_Provence_v2.0.md,1. 한눈에 보는 실행 요약,147,,
G219,D1-exact,1.0,source/CURRENT/30_Reader_Edition/07_Aix_en_Provence_Reader_v1.6.md,1. 한눈에 보는 실행 요약,147,,
G220,D1-exact,1.0,source/CURRENT/10_Core/42_TP_Europe_Travel_Guidebook_Master_v1.4.md,일정의 핵심 논리,54,,
G220,D1-exact,1.0,source/CURRENT/20_Regional_Chapters/07_Aix_en_Provence_v1.7.md,일정의 핵심 논리,54,,
G220,D1-exact,1.0,source/CURRENT/20_Regional_Chapters/07_Aix_en_Provence_v2.0.md,일정의 핵심 논리,54,,
G220,D1-exact,1.0,source/CURRENT/30_Reader_Edition/07_Aix_en_Provence_Reader_v1.6.md,일정의 핵심 논리,54,,
G221,D1-exact,1.0,source/CURRENT/10_Core/42_TP_Europe_Travel_Guidebook_Master_v1.4.md,"Saint-Paul·Grasse에서 Aix 도착, 주차와 생활권 정착",69,,
G221,D1-exact,1.0,source/CURRENT/20_Regional_Chapters/07_Aix_en_Provence_v1.7.md,"Saint-Paul·Grasse에서 Aix 도착, 주차와 생활권 정착",69,,
G221,D1-exact,1.0,source/CURRENT/20_Regional_Chapters/07_Aix_en_Provence_v2.0.md,"Saint-Paul·Grasse에서 Aix 도착, 주차와 생활권 정착",69,,
G221,D1-exact,1.0,source/CURRENT/30_Reader_Edition/07_Aix_en_Provence_Reader_v1.6.md,"Saint-Paul·Grasse에서 Aix 도착, 주차와 생활권 정착",69,,
G222,D1-exact,1.0,source/CURRENT/10_Core/42_TP_Europe_Travel_Guidebook_Master_v1.4.md,"시장, Vieil Aix와 Musée Granet",98,,
G222,D1-exact,1.0,source/CURRENT/20_Regional_Chapters/07_Aix_en_Provence_v1.7.md,"시장, Vieil Aix와 Musée Granet",98,,
G222,D1-exact,1.0,source/CURRENT/20_Regional_Chapters/07_Aix_en_Provence_v2.0.md,"시장, Vieil Aix와 Musée Granet",98,,
G222,D1-exact,1.0,source/CURRENT/30_Reader_Edition/07_Aix_en_Provence_Reader_v1.6.md,"시장, Vieil Aix와 Musée Granet",98,,
G223,D1-exact,1.0,source/CURRENT/10_Core/42_TP_Europe_Travel_Guidebook_Master_v1.4.md,Cassis와 Calanques — 항구와 석회암 해안,94,,
G223,D1-exact,1.0,source/CURRENT/20_Regional_Chapters/07_Aix_en_Provence_v1.7.md,Cassis와 Calanques — 항구와 석회암 해안,94,,
G223,D1-exact,1.0,source/CURRENT/20_Regional_Chapters/07_Aix_en_Provence_v2.0.md,Cassis와 Calanques — 항구와 석회암 해안,94,,
G223,D1-exact,1.0,source/CURRENT/30_Reader_Edition/07_Aix_en_Provence_Reader_v1.6.md,Cassis와 Calanques — 항구와 석회암 해안,94,,
G224,D1-exact,1.0,source/CURRENT/10_Core/42_TP_Europe_Travel_Guidebook_Master_v1.4.md,Marseille 대체규칙,32,,
G224,D1-exact,1.0,source/CURRENT/20_Regional_Chapters/07_Aix_en_Provence_v1.7.md,Marseille 대체규칙,32,,
G224,D1-exact,1.0,source/CURRENT/20_Regional_Chapters/07_Aix_en_Provence_v2.0.md,Marseille 대체규칙,32,,
G224,D1-exact,1.0,source/CURRENT/30_Reader_Edition/07_Aix_en_Provence_Reader_v1.6.md,Marseille 대체규칙,32,,
G225,D1-exact,1.0,source/CURRENT/10_Core/42_TP_Europe_Travel_Guidebook_Master_v1.4.md,"시장, Atelier de Cézanne, 스케치와 선택 수영",89,,
G225,D1-exact,1.0,source/CURRENT/20_Regional_Chapters/07_Aix_en_Provence_v1.7.md,"시장, Atelier de Cézanne, 스케치와 선택 수영",89,,
G225,D1-exact,1.0,source/CURRENT/20_Regional_Chapters/07_Aix_en_Provence_v2.0.md,"시장, Atelier de Cézanne, 스케치와 선택 수영",89,,
G225,D1-exact,1.0,source/CURRENT/30_Reader_Edition/07_Aix_en_Provence_Reader_v1.6.md,"시장, Atelier de Cézanne, 스케치와 선택 수영",89,,
G226,D1-exact,1.0,source/CURRENT/10_Core/42_TP_Europe_Travel_Guidebook_Master_v1.4.md,"Aix 체크아웃, Lourmarin을 거쳐 Luberon 농가로",51,,
G226,D1-exact,1.0,source/CURRENT/20_Regional_Chapters/07_Aix_en_Provence_v1.7.md,"Aix 체크아웃, Lourmarin을 거쳐 Luberon 농가로",51,,
G226,D1-exact,1.0,source/CURRENT/20_Regional_Chapters/07_Aix_en_Provence_v2.0.md,"Aix 체크아웃, Lourmarin을 거쳐 Luberon 농가로",51,,
G226,D1-exact,1.0,source/CURRENT/30_Reader_Edition/07_Aix_en_Provence_Reader_v1.6.md,"Aix 체크아웃, Lourmarin을 거쳐 Luberon 농가로",51,,
G227,D1-exact,1.0,source/CURRENT/10_Core/42_TP_Europe_Travel_Guidebook_Master_v1.4.md,3. 피로도와 하루 활동량,56,,
G227,D1-exact,1.0,source/CURRENT/20_Regional_Chapters/07_Aix_en_Provence_v1.7.md,3. 피로도와 하루 활동량,56,,
G227,D1-exact,1.0,source/CURRENT/20_Regional_Chapters/07_Aix_en_Provence_v2.0.md,3. 피로도와 하루 활동량,56,,
G227,D1-exact,1.0,source/CURRENT/30_Reader_Edition/07_Aix_en_Provence_Reader_v1.6.md,3. 피로도와 하루 활동량,56,,
G228,D1-exact,1.0,source/CURRENT/10_Core/42_TP_Europe_Travel_Guidebook_Master_v1.4.md,4. 문전 이동과 교통 실행표,52,,
G228,D1-exact,1.0,source/CURRENT/20_Regional_Chapters/07_Aix_en_Provence_v1.7.md,4. 문전 이동과 교통 실행표,52,,
G228,D1-exact,1.0,source/CURRENT/20_Regional_Chapters/07_Aix_en_Provence_v2.0.md,4. 문전 이동과 교통 실행표,52,,
G228,D1-exact,1.0,source/CURRENT/30_Reader_Edition/07_Aix_en_Provence_Reader_v1.6.md,4. 문전 이동과 교통 실행표,52,,
G229,D1-exact,1.0,source/CURRENT/10_Core/42_TP_Europe_Travel_Guidebook_Master_v1.4.md,5. 예약 우선순위,67,,
G229,D1-exact,1.0,source/CURRENT/20_Regional_Chapters/07_Aix_en_Provence_v1.7.md,5. 예약 우선순위,67,,
G229,D1-exact,1.0,source/CURRENT/20_Regional_Chapters/07_Aix_en_Provence_v2.0.md,5. 예약 우선순위,67,,
G229,D1-exact,1.0,source/CURRENT/30_Reader_Edition/07_Aix_en_Provence_Reader_v1.6.md,5. 예약 우선순위,67,,
G230,D1-exact,1.0,source/CURRENT/10_Core/42_TP_Europe_Travel_Guidebook_Master_v1.4.md,6.1 엑상은 관광도시보다 행정·대학·시장도시에 가깝다,34,,
G230,D1-exact,1.0,source/CURRENT/20_Regional_Chapters/07_Aix_en_Provence_v1.7.md,6.1 엑상은 관광도시보다 행정·대학·시장도시에 가깝다,34,,
G230,D1-exact,1.0,source/CURRENT/20_Regional_Chapters/07_Aix_en_Provence_v2.0.md,6.1 엑상은 관광도시보다 행정·대학·시장도시에 가깝다,34,,
G231,D1-exact,1.0,source/CURRENT/10_Core/42_TP_Europe_Travel_Guidebook_Master_v1.4.md,6.2 Cours Mirabeau는 경계이자 무대다,35,,
G231,D1-exact,1.0,source/CURRENT/20_Regional_Chapters/07_Aix_en_Provence_v1.7.md,6.2 Cours Mirabeau는 경계이자 무대다,35,,
G231,D1-exact,1.0,source/CURRENT/20_Regional_Chapters/07_Aix_en_Provence_v2.0.md,6.2 Cours Mirabeau는 경계이자 무대다,35,,
G232,D1-exact,1.0,source/CURRENT/10_Core/42_TP_Europe_Travel_Guidebook_Master_v1.4.md,6.3 세잔을 이해하려면 작품·작업실·풍경을 나눠 봐야 한다,46,,
G232,D1-exact,1.0,source/CURRENT/20_Regional_Chapters/07_Aix_en_Provence_v1.7.md,6.3 세잔을 이해하려면 작품·작업실·풍경을 나눠 봐야 한다,46,,
G232,D1-exact,1.0,source/CURRENT/20_Regional_Chapters/07_Aix_en_Provence_v2.0.md,6.3 세잔을 이해하려면 작품·작업실·풍경을 나눠 봐야 한다,46,,
G233,D1-exact,1.0,source/CURRENT/10_Core/42_TP_Europe_Travel_Guidebook_Master_v1.4.md,6.4 프로방스 시장은 관광 이벤트가 아니라 식사의 기반이다,35,,
G233,D1-exact,1.0,source/CURRENT/20_Regional_Chapters/07_Aix_en_Provence_v1.7.md,6.4 프로방스 시장은 관광 이벤트가 아니라 식사의 기반이다,35,,
G233,D1-exact,1.0,source/CURRENT/20_Regional_Chapters/07_Aix_en_Provence_v2.0.md,6.4 프로방스 시장은 관광 이벤트가 아니라 식사의 기반이다,35,,
G234,D1-exact,1.0,source/CURRENT/10_Core/42_TP_Europe_Travel_Guidebook_Master_v1.4.md,"6.5 Aix와 Cassis를 기본축으로, Marseille는 도시형 대안으로 둔다",38,,
G234,D1-exact,1.0,source/CURRENT/20_Regional_Chapters/07_Aix_en_Provence_v1.7.md,"6.5 Aix와 Cassis를 기본축으로, Marseille는 도시형 대안으로 둔다",38,,
G234,D1-exact,1.0,source/CURRENT/20_Regional_Chapters/07_Aix_en_Provence_v2.0.md,"6.5 Aix와 Cassis를 기본축으로, Marseille는 도시형 대안으로 둔다",38,,
G235,D1-exact,1.0,source/CURRENT/10_Core/42_TP_Europe_Travel_Guidebook_Master_v1.4.md,7. 동네별 성격과 숙소 적합성,138,,
G235,D1-exact,1.0,source/CURRENT/20_Regional_Chapters/07_Aix_en_Provence_v1.7.md,7. 동네별 성격과 숙소 적합성,138,,
G235,D1-exact,1.0,source/CURRENT/20_Regional_Chapters/07_Aix_en_Provence_v2.0.md,7. 동네별 성격과 숙소 적합성,138,,
G236,D1-exact,1.0,source/CURRENT/10_Core/42_TP_Europe_Travel_Guidebook_Master_v1.4.md,8. 추천등급,168,,
G236,D1-exact,1.0,source/CURRENT/20_Regional_Chapters/07_Aix_en_Provence_v1.7.md,8. 추천등급,168,,
G236,D1-exact,1.0,source/CURRENT/20_Regional_Chapters/07_Aix_en_Provence_v2.0.md,8. 추천등급,168,,
G237,D1-exact,1.0,source/CURRENT/10_Core/42_TP_Europe_Travel_Guidebook_Master_v1.4.md,9.1 Vieil Aix — 짧고 밀도 높은 기본 코스,51,,
G237,D1-exact,1.0,source/CURRENT/20_Regional_Chapters/07_Aix_en_Provence_v1.7.md,9.1 Vieil Aix — 짧고 밀도 높은 기본 코스,51,,
G237,D1-exact,1.0,source/CURRENT/20_Regional_Chapters/07_Aix_en_Provence_v2.0.md,9.1 Vieil Aix — 짧고 밀도 높은 기본 코스,51,,
G238,D1-exact,1.0,source/CURRENT/10_Core/42_TP_Europe_Travel_Guidebook_Master_v1.4.md,9.2 Musée Granet — Cézanne만 기대하면 안 되는 미술관,52,,
G238,D1-exact,1.0,source/CURRENT/20_Regional_Chapters/07_Aix_en_Provence_v1.7.md,9.2 Musée Granet — Cézanne만 기대하면 안 되는 미술관,52,,
G238,D1-exact,1.0,source/CURRENT/20_Regional_Chapters/07_Aix_en_Provence_v2.0.md,9.2 Musée Granet — Cézanne만 기대하면 안 되는 미술관,52,,
G239,D1-exact,1.0,source/CURRENT/10_Core/42_TP_Europe_Travel_Guidebook_Master_v1.4.md,9.3 Atelier des Lauves — 작업실의 물건을 보는 법,32,,
G239,D1-exact,1.0,source/CURRENT/20_Regional_Chapters/07_Aix_en_Provence_v1.7.md,9.3 Atelier des Lauves — 작업실의 물건을 보는 법,32,,
G239,D1-exact,1.0,source/CURRENT/20_Regional_Chapters/07_Aix_en_Provence_v2.0.md,9.3 Atelier des Lauves — 작업실의 물건을 보는 법,32,,
G240,D1-exact,1.0,source/CURRENT/10_Core/42_TP_Europe_Travel_Guidebook_Master_v1.4.md,9.4 Bastide du Jas de Bouffan — 선택,34,,
G240,D1-exact,1.0,source/CURRENT/20_Regional_Chapters/07_Aix_en_Provence_v1.7.md,9.4 Bastide du Jas de Bouffan — 선택,34,,
G240,D1-exact,1.0,source/CURRENT/20_Regional_Chapters/07_Aix_en_Provence_v2.0.md,9.4 Bastide du Jas de Bouffan — 선택,34,,
G241,D1-exact,1.0,source/CURRENT/10_Core/42_TP_Europe_Travel_Guidebook_Master_v1.4.md,9.5 Cassis — 항구보다 칼랑크를 중심으로,37,,
G241,D1-exact,1.0,source/CURRENT/20_Regional_Chapters/07_Aix_en_Provence_v1.7.md,9.5 Cassis — 항구보다 칼랑크를 중심으로,37,,
G241,D1-exact,1.0,source/CURRENT/20_Regional_Chapters/07_Aix_en_Provence_v2.0.md,9.5 Cassis — 항구보다 칼랑크를 중심으로,37,,
G242,D1-exact,1.0,source/CURRENT/10_Core/42_TP_Europe_Travel_Guidebook_Master_v1.4.md,9.6 Marseille Mucem — 건물과 바다를 함께 본다,42,,
G242,D1-exact,1.0,source/CURRENT/20_Regional_Chapters/07_Aix_en_Provence_v1.7.md,9.6 Marseille Mucem — 건물과 바다를 함께 본다,42,,
G242,D1-exact,1.0,source/CURRENT/20_Regional_Chapters/07_Aix_en_Provence_v2.0.md,9.6 Marseille Mucem — 건물과 바다를 함께 본다,42,,
G243,D1-exact,1.0,source/CURRENT/10_Core/42_TP_Europe_Travel_Guidebook_Master_v1.4.md,10. 주변지역 선택표,75,,
G243,D1-exact,1.0,source/CURRENT/20_Regional_Chapters/07_Aix_en_Provence_v1.7.md,10. 주변지역 선택표,75,,
G243,D1-exact,1.0,source/CURRENT/20_Regional_Chapters/07_Aix_en_Provence_v2.0.md,10. 주변지역 선택표,75,,
G244,D1-exact,1.0,source/CURRENT/10_Core/42_TP_Europe_Travel_Guidebook_Master_v1.4.md,11.1 이번 4박에서 중요한 조건,63,,
G244,D1-exact,1.0,source/CURRENT/20_Regional_Chapters/07_Aix_en_Provence_v1.7.md,11.1 이번 4박에서 중요한 조건,63,,
G244,D1-exact,1.0,source/CURRENT/20_Regional_Chapters/07_Aix_en_Provence_v2.0.md,11.1 이번 4박에서 중요한 조건,63,,
G245,D1-exact,1.0,source/CURRENT/10_Core/42_TP_Europe_Travel_Guidebook_Master_v1.4.md,11.2 숙박예산 운영,65,,
G245,D1-exact,1.0,source/CURRENT/20_Regional_Chapters/07_Aix_en_Provence_v1.7.md,11.2 숙박예산 운영,65,,
G245,D1-exact,1.0,source/CURRENT/20_Regional_Chapters/07_Aix_en_Provence_v2.0.md,11.2 숙박예산 운영,65,,
G246,D1-exact,1.0,source/CURRENT/10_Core/42_TP_Europe_Travel_Guidebook_Master_v1.4.md,1순위 — Aparthotel Adagio Aix-en-Provence Centre,45,,
G246,D1-exact,1.0,source/CURRENT/20_Regional_Chapters/07_Aix_en_Provence_v1.7.md,1순위 — Aparthotel Adagio Aix-en-Provence Centre,45,,
G246,D1-exact,1.0,source/CURRENT/20_Regional_Chapters/07_Aix_en_Provence_v2.0.md,1순위 — Aparthotel Adagio Aix-en-Provence Centre,45,,
G247,D1-exact,1.0,source/CURRENT/10_Core/42_TP_Europe_Travel_Guidebook_Master_v1.4.md,2순위 — Odalys City Aix Centre Rotonde / Les Floridianes,35,,
G247,D1-exact,1.0,source/CURRENT/20_Regional_Chapters/07_Aix_en_Provence_v1.7.md,2순위 — Odalys City Aix Centre Rotonde / Les Floridianes,35,,
G247,D1-exact,1.0,source/CURRENT/20_Regional_Chapters/07_Aix_en_Provence_v2.0.md,2순위 — Odalys City Aix Centre Rotonde / Les Floridianes,35,,
G248,D1-exact,1.0,source/CURRENT/10_Core/42_TP_Europe_Travel_Guidebook_Master_v1.4.md,3순위 — Séjours & Affaires Aix-en-Provence Mirabeau,36,,
G248,D1-exact,1.0,source/CURRENT/20_Regional_Chapters/07_Aix_en_Provence_v1.7.md,3순위 — Séjours & Affaires Aix-en-Provence Mirabeau,36,,
G248,D1-exact,1.0,source/CURRENT/20_Regional_Chapters/07_Aix_en_Provence_v2.0.md,3순위 — Séjours & Affaires Aix-en-Provence Mirabeau,36,,
G249,D1-exact,1.0,source/CURRENT/10_Core/42_TP_Europe_Travel_Guidebook_Master_v1.4.md,4순위 — Aparthotel Adagio Access Aix-en-Provence Université,33,,
G249,D1-exact,1.0,source/CURRENT/20_Regional_Chapters/07_Aix_en_Provence_v1.7.md,4순위 — Aparthotel Adagio Access Aix-en-Provence Université,33,,
G249,D1-exact,1.0,source/CURRENT/20_Regional_Chapters/07_Aix_en_Provence_v2.0.md,4순위 — Aparthotel Adagio Access Aix-en-Provence Université,33,,
G250,D1-exact,1.0,source/CURRENT/10_Core/42_TP_Europe_Travel_Guidebook_Master_v1.4.md,5순위 — Hôtel Rotonde,33,,
G250,D1-exact,1.0,source/CURRENT/20_Regional_Chapters/07_Aix_en_Provence_v1.7.md,5순위 — Hôtel Rotonde,33,,
G250,D1-exact,1.0,source/CURRENT/20_Regional_Chapters/07_Aix_en_Provence_v2.0.md,5순위 — Hôtel Rotonde,33,,
G251,D1-exact,1.0,source/CURRENT/10_Core/42_TP_Europe_Travel_Guidebook_Master_v1.4.md,6순위 — Aquabella Hôtel & Spa,40,,
G251,D1-exact,1.0,source/CURRENT/20_Regional_Chapters/07_Aix_en_Provence_v1.7.md,6순위 — Aquabella Hôtel & Spa,40,,
G251,D1-exact,1.0,source/CURRENT/20_Regional_Chapters/07_Aix_en_Provence_v2.0.md,6순위 — Aquabella Hôtel & Spa,40,,
G252,D1-exact,1.0,source/CURRENT/10_Core/42_TP_Europe_Travel_Guidebook_Master_v1.4.md,호텔형 대안 — Grand Hôtel Roi René MGallery,29,,
G252,D1-exact,1.0,source/CURRENT/20_Regional_Chapters/07_Aix_en_Provence_v1.7.md,호텔형 대안 — Grand Hôtel Roi René MGallery,29,,
G252,D1-exact,1.0,source/CURRENT/20_Regional_Chapters/07_Aix_en_Provence_v2.0.md,호텔형 대안 — Grand Hôtel Roi René MGallery,29,,
G253,D1-exact,1.0,source/CURRENT/10_Core/42_TP_Europe_Travel_Guidebook_Master_v1.4.md,숙소 선택 결론,36,,
G253,D1-exact,1.0,source/CURRENT/20_Regional_Chapters/07_Aix_en_Provence_v1.7.md,숙소 선택 결론,36,,
G253,D1-exact,1.0,source/CURRENT/20_Regional_Chapters/07_Aix_en_Provence_v2.0.md,숙소 선택 결론,36,,
G254,D1-exact,1.0,source/CURRENT/10_Core/42_TP_Europe_Travel_Guidebook_Master_v1.4.md,시내 기본 원칙,31,,
G254,D1-exact,1.0,source/CURRENT/20_Regional_Chapters/07_Aix_en_Provence_v1.7.md,시내 기본 원칙,31,,
G254,D1-exact,1.0,source/CURRENT/20_Regional_Chapters/07_Aix_en_Provence_v2.0.md,시내 기본 원칙,31,,
G255,D1-exact,1.0,source/CURRENT/10_Core/42_TP_Europe_Travel_Guidebook_Master_v1.4.md,주요 공영주차,44,,
G255,D1-exact,1.0,source/CURRENT/20_Regional_Chapters/07_Aix_en_Provence_v1.7.md,주요 공영주차,44,,
G255,D1-exact,1.0,source/CURRENT/20_Regional_Chapters/07_Aix_en_Provence_v2.0.md,주요 공영주차,44,,
G256,D1-exact,1.0,source/CURRENT/10_Core/42_TP_Europe_Travel_Guidebook_Master_v1.4.md,차량 내 짐,34,,
G256,D1-exact,1.0,source/CURRENT/20_Regional_Chapters/07_Aix_en_Provence_v1.7.md,차량 내 짐,34,,
G256,D1-exact,1.0,source/CURRENT/20_Regional_Chapters/07_Aix_en_Provence_v2.0.md,차량 내 짐,34,,
G257,D1-exact,1.0,source/CURRENT/10_Core/42_TP_Europe_Travel_Guidebook_Master_v1.4.md,14.1 엑상에서 먹어야 할 것,65,,
G257,D1-exact,1.0,source/CURRENT/20_Regional_Chapters/07_Aix_en_Provence_v1.7.md,14.1 엑상에서 먹어야 할 것,65,,
G257,D1-exact,1.0,source/CURRENT/20_Regional_Chapters/07_Aix_en_Provence_v2.0.md,14.1 엑상에서 먹어야 할 것,65,,
G258,D1-exact,1.0,source/CURRENT/10_Core/42_TP_Europe_Travel_Guidebook_Master_v1.4.md,14.2 저녁식당 후보,99,,
G258,D1-exact,1.0,source/CURRENT/20_Regional_Chapters/07_Aix_en_Provence_v1.7.md,14.2 저녁식당 후보,99,,
G258,D1-exact,1.0,source/CURRENT/20_Regional_Chapters/07_Aix_en_Provence_v2.0.md,14.2 저녁식당 후보,99,,
G259,D1-exact,1.0,source/CURRENT/10_Core/42_TP_Europe_Travel_Guidebook_Master_v1.4.md,날짜별 배치,26,,
G259,D1-exact,1.0,source/CURRENT/20_Regional_Chapters/07_Aix_en_Provence_v1.7.md,날짜별 배치,26,,
G259,D1-exact,1.0,source/CURRENT/20_Regional_Chapters/07_Aix_en_Provence_v2.0.md,날짜별 배치,26,,
G260,D1-exact,1.0,source/CURRENT/10_Core/42_TP_Europe_Travel_Guidebook_Master_v1.4.md,주문 원칙,32,,
G260,D1-exact,1.0,source/CURRENT/20_Regional_Chapters/07_Aix_en_Provence_v1.7.md,주문 원칙,32,,
G260,D1-exact,1.0,source/CURRENT/20_Regional_Chapters/07_Aix_en_Provence_v2.0.md,주문 원칙,32,,
G261,D1-exact,1.0,source/CURRENT/10_Core/42_TP_Europe_Travel_Guidebook_Master_v1.4.md,시장,55,,
G261,D1-exact,1.0,source/CURRENT/20_Regional_Chapters/07_Aix_en_Provence_v1.7.md,시장,55,,
G261,D1-exact,1.0,source/CURRENT/20_Regional_Chapters/07_Aix_en_Provence_v2.0.md,시장,55,,
G262,D1-exact,1.0,source/CURRENT/10_Core/42_TP_Europe_Travel_Guidebook_Master_v1.4.md,Gym,44,,
G262,D1-exact,1.0,source/CURRENT/20_Regional_Chapters/07_Aix_en_Provence_v1.7.md,Gym,44,,
G262,D1-exact,1.0,source/CURRENT/20_Regional_Chapters/07_Aix_en_Provence_v2.0.md,Gym,44,,
G263,D1-exact,1.0,source/CURRENT/10_Core/42_TP_Europe_Travel_Guidebook_Master_v1.4.md,Piscine Yves Blanc — 기본 선택,28,,
G263,D1-exact,1.0,source/CURRENT/20_Regional_Chapters/07_Aix_en_Provence_v1.7.md,Piscine Yves Blanc — 기본 선택,28,,
G263,D1-exact,1.0,source/CURRENT/20_Regional_Chapters/07_Aix_en_Provence_v2.0.md,Piscine Yves Blanc — 기본 선택,28,,
G264,D1-exact,1.0,source/CURRENT/10_Core/42_TP_Europe_Travel_Guidebook_Master_v1.4.md,스케치와 수영 결합,44,,
G264,D1-exact,1.0,source/CURRENT/20_Regional_Chapters/07_Aix_en_Provence_v1.7.md,스케치와 수영 결합,44,,
G264,D1-exact,1.0,source/CURRENT/20_Regional_Chapters/07_Aix_en_Provence_v2.0.md,스케치와 수영 결합,44,,
G265,D1-exact,1.0,source/CURRENT/10_Core/42_TP_Europe_Travel_Guidebook_Master_v1.4.md,17. 2026 행사·특별전,125,,
G265,D1-exact,1.0,source/CURRENT/20_Regional_Chapters/07_Aix_en_Provence_v1.7.md,17. 2026 행사·특별전,125,,
G265,D1-exact,1.0,source/CURRENT/20_Regional_Chapters/07_Aix_en_Provence_v2.0.md,17. 2026 행사·특별전,125,,
G266,D1-exact,1.0,source/CURRENT/10_Core/42_TP_Europe_Travel_Guidebook_Master_v1.4.md,우천,39,,
G266,D1-exact,1.0,source/CURRENT/20_Regional_Chapters/07_Aix_en_Provence_v1.7.md,우천,39,,
G266,D1-exact,1.0,source/CURRENT/20_Regional_Chapters/07_Aix_en_Provence_v2.0.md,우천,39,,
G267,D1-exact,1.0,source/CURRENT/10_Core/42_TP_Europe_Travel_Guidebook_Master_v1.4.md,폭염,31,,
G267,D1-exact,1.0,source/CURRENT/20_Regional_Chapters/07_Aix_en_Provence_v1.7.md,폭염,31,,
G267,D1-exact,1.0,source/CURRENT/20_Regional_Chapters/07_Aix_en_Provence_v2.0.md,폭염,31,,
G268,D1-exact,1.0,source/CURRENT/10_Core/42_TP_Europe_Travel_Guidebook_Master_v1.4.md,교통지연,34,,
G268,D1-exact,1.0,source/CURRENT/20_Regional_Chapters/07_Aix_en_Provence_v1.7.md,교통지연,34,,
G268,D1-exact,1.0,source/CURRENT/20_Regional_Chapters/07_Aix_en_Provence_v2.0.md,교통지연,34,,
G269,D1-exact,1.0,source/CURRENT/10_Core/42_TP_Europe_Travel_Guidebook_Master_v1.4.md,예약카드 A — Aix 숙소,38,,
G269,D1-exact,1.0,source/CURRENT/20_Regional_Chapters/07_Aix_en_Provence_v1.7.md,예약카드 A — Aix 숙소,38,,
G269,D1-exact,1.0,source/CURRENT/20_Regional_Chapters/07_Aix_en_Provence_v2.0.md,예약카드 A — Aix 숙소,38,,
G270,D1-exact,1.0,source/CURRENT/10_Core/42_TP_Europe_Travel_Guidebook_Master_v1.4.md,예약카드 B — Musée Granet,30,,
G270,D1-exact,1.0,source/CURRENT/20_Regional_Chapters/07_Aix_en_Provence_v1.7.md,예약카드 B — Musée Granet,30,,
G270,D1-exact,1.0,source/CURRENT/20_Regional_Chapters/07_Aix_en_Provence_v2.0.md,예약카드 B — Musée Granet,30,,
G271,D1-exact,1.0,source/CURRENT/10_Core/42_TP_Europe_Travel_Guidebook_Master_v1.4.md,예약카드 C — Cassis 보트,29,,
G271,D1-exact,1.0,source/CURRENT/20_Regional_Chapters/07_Aix_en_Provence_v1.7.md,예약카드 C — Cassis 보트,29,,
G271,D1-exact,1.0,source/CURRENT/20_Regional_Chapters/07_Aix_en_Provence_v2.0.md,예약카드 C — Cassis 보트,29,,
G272,D1-exact,1.0,source/CURRENT/10_Core/42_TP_Europe_Travel_Guidebook_Master_v1.4.md,예약카드 D — Atelier des Lauves,28,,
G272,D1-exact,1.0,source/CURRENT/20_Regional_Chapters/07_Aix_en_Provence_v1.7.md,예약카드 D — Atelier des Lauves,28,,
G272,D1-exact,1.0,source/CURRENT/20_Regional_Chapters/07_Aix_en_Provence_v2.0.md,예약카드 D — Atelier des Lauves,28,,
G273,D1-exact,1.0,source/CURRENT/10_Core/42_TP_Europe_Travel_Guidebook_Master_v1.4.md,예약카드 E — Marseille 대체모듈,28,,
G273,D1-exact,1.0,source/CURRENT/20_Regional_Chapters/07_Aix_en_Provence_v1.7.md,예약카드 E — Marseille 대체모듈,28,,
G273,D1-exact,1.0,source/CURRENT/20_Regional_Chapters/07_Aix_en_Provence_v2.0.md,예약카드 E — Marseille 대체모듈,28,,
G274,D1-exact,1.0,source/CURRENT/10_Core/42_TP_Europe_Travel_Guidebook_Master_v1.4.md,숙소·차량,53,,
G274,D1-exact,1.0,source/CURRENT/20_Regional_Chapters/07_Aix_en_Provence_v1.7.md,숙소·차량,53,,
G274,D1-exact,1.0,source/CURRENT/20_Regional_Chapters/07_Aix_en_Provence_v2.0.md,숙소·차량,53,,
G275,D1-exact,1.0,source/CURRENT/10_Core/42_TP_Europe_Travel_Guidebook_Master_v1.4.md,관광·교통,54,,
G275,D1-exact,1.0,source/CURRENT/20_Regional_Chapters/07_Aix_en_Provence_v1.7.md,관광·교통,54,,
G275,D1-exact,1.0,source/CURRENT/20_Regional_Chapters/07_Aix_en_Provence_v2.0.md,관광·교통,54,,
G276,D1-exact,1.0,source/CURRENT/10_Core/42_TP_Europe_Travel_Guidebook_Master_v1.4.md,음식·시장,34,,
G276,D1-exact,1.0,source/CURRENT/20_Regional_Chapters/07_Aix_en_Provence_v1.7.md,음식·시장,34,,
G276,D1-exact,1.0,source/CURRENT/20_Regional_Chapters/07_Aix_en_Provence_v2.0.md,음식·시장,34,,
G277,D1-exact,1.0,source/CURRENT/10_Core/42_TP_Europe_Travel_Guidebook_Master_v1.4.md,운동·수영·스케치,34,,
G277,D1-exact,1.0,source/CURRENT/20_Regional_Chapters/07_Aix_en_Provence_v1.7.md,운동·수영·스케치,34,,
G277,D1-exact,1.0,source/CURRENT/20_Regional_Chapters/07_Aix_en_Provence_v2.0.md,운동·수영·스케치,34,,
G278,D1-exact,1.0,source/CURRENT/10_Core/42_TP_Europe_Travel_Guidebook_Master_v1.4.md,안전,37,,
G278,D1-exact,1.0,source/CURRENT/20_Regional_Chapters/07_Aix_en_Provence_v1.7.md,안전,37,,
G278,D1-exact,1.0,source/CURRENT/20_Regional_Chapters/07_Aix_en_Provence_v2.0.md,안전,37,,
G279,D1-exact,1.0,source/CURRENT/10_Core/42_TP_Europe_Travel_Guidebook_Master_v1.4.md,Vieil Aix·Cours Mirabeau — 분수의 수보다 ‘광장과 시장이 이어지는 방식’을 본다,54,,
G279,D1-exact,1.0,source/CURRENT/20_Regional_Chapters/07_Aix_en_Provence_v1.7.md,Vieil Aix·Cours Mirabeau — 분수의 수보다 ‘광장과 시장이 이어지는 방식’을 본다,54,,
G279,D1-exact,1.0,source/CURRENT/20_Regional_Chapters/07_Aix_en_Provence_v2.0.md,Vieil Aix·Cours Mirabeau — 분수의 수보다 ‘광장과 시장이 이어지는 방식’을 본다,54,,
G280,D1-exact,1.0,source/CURRENT/10_Core/42_TP_Europe_Travel_Guidebook_Master_v1.4.md,Atelier des Lauves — 작품보다 작업실의 물건과 창밖 방향,37,,
G280,D1-exact,1.0,source/CURRENT/20_Regional_Chapters/07_Aix_en_Provence_v1.7.md,Atelier des Lauves — 작품보다 작업실의 물건과 창밖 방향,37,,
G280,D1-exact,1.0,source/CURRENT/20_Regional_Chapters/07_Aix_en_Provence_v2.0.md,Atelier des Lauves — 작품보다 작업실의 물건과 창밖 방향,37,,
G281,D1-exact,1.0,source/CURRENT/10_Core/42_TP_Europe_Travel_Guidebook_Master_v1.4.md,Musée Granet — 세잔만 찾지 말고 엑상의 문화도시 역할을 본다,36,,
G281,D1-exact,1.0,source/CURRENT/20_Regional_Chapters/07_Aix_en_Provence_v1.7.md,Musée Granet — 세잔만 찾지 말고 엑상의 문화도시 역할을 본다,36,,
G281,D1-exact,1.0,source/CURRENT/20_Regional_Chapters/07_Aix_en_Provence_v2.0.md,Musée Granet — 세잔만 찾지 말고 엑상의 문화도시 역할을 본다,36,,
G282,D1-exact,1.0,source/CURRENT/10_Core/42_TP_Europe_Travel_Guidebook_Master_v1.4.md,Cassis — 항구카페보다 바다와 절벽의 관계,46,,
G282,D1-exact,1.0,source/CURRENT/20_Regional_Chapters/07_Aix_en_Provence_v1.7.md,Cassis — 항구카페보다 바다와 절벽의 관계,46,,
G282,D1-exact,1.0,source/CURRENT/20_Regional_Chapters/07_Aix_en_Provence_v2.0.md,Cassis — 항구카페보다 바다와 절벽의 관계,46,,
G283,D1-exact,1.0,source/CURRENT/10_Core/42_TP_Europe_Travel_Guidebook_Master_v1.4.md,Marseille — Vieux-Port에서 Le Panier로 올라 Mucem으로 내려오는 도시,47,,
G283,D1-exact,1.0,source/CURRENT/20_Regional_Chapters/07_Aix_en_Provence_v1.7.md,Marseille — Vieux-Port에서 Le Panier로 올라 Mucem으로 내려오는 도시,47,,
G283,D1-exact,1.0,source/CURRENT/20_Regional_Chapters/07_Aix_en_Provence_v2.0.md,Marseille — Vieux-Port에서 Le Panier로 올라 Mucem으로 내려오는 도시,47,,
G284,D1-exact,1.0,source/CURRENT/10_Core/42_TP_Europe_Travel_Guidebook_Master_v1.4.md,엑상에서 꼭 체험할 것,63,,
G284,D1-exact,1.0,source/CURRENT/20_Regional_Chapters/07_Aix_en_Provence_v1.7.md,엑상에서 꼭 체험할 것,63,,
G284,D1-exact,1.0,source/CURRENT/20_Regional_Chapters/07_Aix_en_Provence_v2.0.md,엑상에서 꼭 체험할 것,63,,
G285,D1-exact,1.0,source/CURRENT/10_Core/42_TP_Europe_Travel_Guidebook_Master_v1.4.md,현장 선택 규칙,45,,
G285,D1-exact,1.0,source/CURRENT/20_Regional_Chapters/07_Aix_en_Provence_v1.7.md,현장 선택 규칙,45,,
G285,D1-exact,1.0,source/CURRENT/20_Regional_Chapters/07_Aix_en_Provence_v2.0.md,현장 선택 규칙,45,,
G286,D1-exact,1.0,source/CURRENT/10_Core/42_TP_Europe_Travel_Guidebook_Master_v1.4.md,Aix 시·관광·시장·교통,58,,
G286,D1-exact,1.0,source/CURRENT/20_Regional_Chapters/07_Aix_en_Provence_v1.7.md,Aix 시·관광·시장·교통,58,,
G286,D1-exact,1.0,source/CURRENT/20_Regional_Chapters/07_Aix_en_Provence_v2.0.md,Aix 시·관광·시장·교통,58,,
G287,D1-exact,1.0,source/CURRENT/10_Core/42_TP_Europe_Travel_Guidebook_Master_v1.4.md,Cézanne·미술관,60,,
G287,D1-exact,1.0,source/CURRENT/20_Regional_Chapters/07_Aix_en_Provence_v1.7.md,Cézanne·미술관,60,,
G287,D1-exact,1.0,source/CURRENT/20_Regional_Chapters/07_Aix_en_Provence_v2.0.md,Cézanne·미술관,60,,
G288,D1-exact,1.0,source/CURRENT/10_Core/42_TP_Europe_Travel_Guidebook_Master_v1.4.md,Cassis·Calanques,55,,
G288,D1-exact,1.0,source/CURRENT/20_Regional_Chapters/07_Aix_en_Provence_v1.7.md,Cassis·Calanques,55,,
G288,D1-exact,1.0,source/CURRENT/20_Regional_Chapters/07_Aix_en_Provence_v2.0.md,Cassis·Calanques,55,,
G289,D1-exact,1.0,source/CURRENT/10_Core/42_TP_Europe_Travel_Guidebook_Master_v1.4.md,Marseille·교통,28,,
G289,D1-exact,1.0,source/CURRENT/20_Regional_Chapters/07_Aix_en_Provence_v1.7.md,Marseille·교통,28,,
G289,D1-exact,1.0,source/CURRENT/20_Regional_Chapters/07_Aix_en_Provence_v2.0.md,Marseille·교통,28,,
G290,D1-exact,1.0,source/CURRENT/10_Core/42_TP_Europe_Travel_Guidebook_Master_v1.4.md,운동·수영,34,,
G290,D1-exact,1.0,source/CURRENT/20_Regional_Chapters/07_Aix_en_Provence_v1.7.md,운동·수영,34,,
G290,D1-exact,1.0,source/CURRENT/20_Regional_Chapters/07_Aix_en_Provence_v2.0.md,운동·수영,34,,
G291,D1-exact,1.0,source/CURRENT/10_Core/42_TP_Europe_Travel_Guidebook_Master_v1.4.md,숙소 공식사이트,56,,
G291,D1-exact,1.0,source/CURRENT/20_Regional_Chapters/07_Aix_en_Provence_v1.7.md,숙소 공식사이트,56,,
G291,D1-exact,1.0,source/CURRENT/20_Regional_Chapters/07_Aix_en_Provence_v2.0.md,숙소 공식사이트,56,,
G292,D1-exact,1.0,source/CURRENT/10_Core/42_TP_Europe_Travel_Guidebook_Master_v1.4.md,음식·카페,45,,
G292,D1-exact,1.0,source/CURRENT/20_Regional_Chapters/07_Aix_en_Provence_v1.7.md,음식·카페,45,,
G292,D1-exact,1.0,source/CURRENT/20_Regional_Chapters/07_Aix_en_Provence_v2.0.md,음식·카페,45,,
G293,D1-exact,1.0,source/CURRENT/10_Core/42_TP_Europe_Travel_Guidebook_Master_v1.4.md,기본안으로 확정한 것,59,,
G293,D1-exact,1.0,source/CURRENT/20_Regional_Chapters/07_Aix_en_Provence_v1.7.md,기본안으로 확정한 것,59,,
G293,D1-exact,1.0,source/CURRENT/20_Regional_Chapters/07_Aix_en_Provence_v2.0.md,기본안으로 확정한 것,59,,
G294,D1-exact,1.0,source/CURRENT/10_Core/42_TP_Europe_Travel_Guidebook_Master_v1.4.md,예약 이후 바꿀 수 있는 것,50,,
G294,D1-exact,1.0,source/CURRENT/20_Regional_Chapters/07_Aix_en_Provence_v1.7.md,예약 이후 바꿀 수 있는 것,50,,
G294,D1-exact,1.0,source/CURRENT/20_Regional_Chapters/07_Aix_en_Provence_v2.0.md,예약 이후 바꿀 수 있는 것,50,,
G295,D1-exact,1.0,source/CURRENT/10_Core/42_TP_Europe_Travel_Guidebook_Master_v1.4.md,9/9 Nice → Saint-Paul-de-Vence → Grasse → Aix,154,,
G295,D1-exact,1.0,source/CURRENT/20_Regional_Chapters/07_Aix_en_Provence_v1.7.md,9/9 Nice → Saint-Paul-de-Vence → Grasse → Aix,154,,
G295,D1-exact,1.0,source/CURRENT/20_Regional_Chapters/07_Aix_en_Provence_v2.0.md,9/9 Nice → Saint-Paul-de-Vence → Grasse → Aix,154,,
G295,D1-exact,1.0,source/CURRENT/30_Reader_Edition/07_Aix_en_Provence_Reader_v1.6.md,9/9 Nice → Saint-Paul-de-Vence → Grasse → Aix,154,,
G296,D1-exact,1.0,source/CURRENT/10_Core/42_TP_Europe_Travel_Guidebook_Master_v1.4.md,9/10 Aix 핵심도시일,52,,
G296,D1-exact,1.0,source/CURRENT/20_Regional_Chapters/07_Aix_en_Provence_v1.7.md,9/10 Aix 핵심도시일,52,,
G296,D1-exact,1.0,source/CURRENT/20_Regional_Chapters/07_Aix_en_Provence_v2.0.md,9/10 Aix 핵심도시일,52,,
G296,D1-exact,1.0,source/CURRENT/30_Reader_Edition/07_Aix_en_Provence_Reader_v1.6.md,9/10 Aix 핵심도시일,52,,
G297,D1-exact,1.0,source/CURRENT/10_Core/42_TP_Europe_Travel_Guidebook_Master_v1.4.md,9/11 Cassis·Calanques,69,,
G297,D1-exact,1.0,source/CURRENT/20_Regional_Chapters/07_Aix_en_Provence_v1.7.md,9/11 Cassis·Calanques,69,,
G297,D1-exact,1.0,source/CURRENT/20_Regional_Chapters/07_Aix_en_Provence_v2.0.md,9/11 Cassis·Calanques,69,,
G297,D1-exact,1.0,source/CURRENT/30_Reader_Edition/07_Aix_en_Provence_Reader_v1.6.md,9/11 Cassis·Calanques,69,,
G298,D1-exact,1.0,source/CURRENT/10_Core/42_TP_Europe_Travel_Guidebook_Master_v1.4.md,9/12 시장·Cézanne·스케치,47,,
G298,D1-exact,1.0,source/CURRENT/20_Regional_Chapters/07_Aix_en_Provence_v1.7.md,9/12 시장·Cézanne·스케치,47,,
G298,D1-exact,1.0,source/CURRENT/20_Regional_Chapters/07_Aix_en_Provence_v2.0.md,9/12 시장·Cézanne·스케치,47,,
G298,D1-exact,1.0,source/CURRENT/30_Reader_Edition/07_Aix_en_Provence_Reader_v1.6.md,9/12 시장·Cézanne·스케치,47,,
G299,D1-exact,1.0,source/CURRENT/10_Core/42_TP_Europe_Travel_Guidebook_Master_v1.4.md,"석조마을, 오커 지형, 시장, 포도밭과 느린 농가생활",131,,
G299,D1-exact,1.0,source/CURRENT/20_Regional_Chapters/08_Luberon_Farmhouse_v1.8.md,"석조마을, 오커 지형, 시장, 포도밭과 느린 농가생활",131,,
G299,D1-exact,1.0,source/CURRENT/20_Regional_Chapters/08_Luberon_Farmhouse_v2.0.md,"석조마을, 오커 지형, 시장, 포도밭과 느린 농가생활",131,,
G299,D1-exact,1.0,source/CURRENT/30_Reader_Edition/08_Luberon_Farmhouse_Reader_v1.6.md,"석조마을, 오커 지형, 시장, 포도밭과 느린 농가생활",131,,
G300,D1-exact,1.0,source/CURRENT/10_Core/42_TP_Europe_Travel_Guidebook_Master_v1.4.md,1. 한눈에 보는 실행 요약,192,,
G300,D1-exact,1.0,source/CURRENT/20_Regional_Chapters/08_Luberon_Farmhouse_v1.8.md,1. 한눈에 보는 실행 요약,192,,
G300,D1-exact,1.0,source/CURRENT/20_Regional_Chapters/08_Luberon_Farmhouse_v2.0.md,1. 한눈에 보는 실행 요약,192,,
G300,D1-exact,1.0,source/CURRENT/30_Reader_Edition/08_Luberon_Farmhouse_Reader_v1.6.md,1. 한눈에 보는 실행 요약,192,,
G301,D1-exact,1.0,source/CURRENT/10_Core/42_TP_Europe_Travel_Guidebook_Master_v1.4.md,일정의 핵심 논리,68,,
G301,D1-exact,1.0,source/CURRENT/20_Regional_Chapters/08_Luberon_Farmhouse_v1.8.md,일정의 핵심 논리,68,,
G301,D1-exact,1.0,source/CURRENT/20_Regional_Chapters/08_Luberon_Farmhouse_v2.0.md,일정의 핵심 논리,68,,
G301,D1-exact,1.0,source/CURRENT/30_Reader_Edition/08_Luberon_Farmhouse_Reader_v1.6.md,일정의 핵심 논리,68,,
G302,D1-exact,1.0,source/CURRENT/10_Core/42_TP_Europe_Travel_Guidebook_Master_v1.4.md,3. 날짜별 확정 일정 요약,81,,
G302,D1-exact,1.0,source/CURRENT/20_Regional_Chapters/08_Luberon_Farmhouse_v1.8.md,3. 날짜별 확정 일정 요약,81,,
G302,D1-exact,1.0,source/CURRENT/20_Regional_Chapters/08_Luberon_Farmhouse_v2.0.md,3. 날짜별 확정 일정 요약,81,,
G302,D1-exact,1.0,source/CURRENT/30_Reader_Edition/08_Luberon_Farmhouse_Reader_v1.6.md,3. 날짜별 확정 일정 요약,81,,
G303,D1-exact,1.0,source/CURRENT/10_Core/42_TP_Europe_Travel_Guidebook_Master_v1.4.md,사진 에셋 브리프 — Salon du Carnet de Voyage의 스케치북 전시,234,,
G303,D1-exact,1.0,source/CURRENT/20_Regional_Chapters/08_Luberon_Farmhouse_v1.8.md,사진 에셋 브리프 — Salon du Carnet de Voyage의 스케치북 전시,234,,
G303,D1-exact,1.0,source/CURRENT/30_Reader_Edition/08_Luberon_Farmhouse_Reader_v1.6.md,사진 에셋 브리프 — Salon du Carnet de Voyage의 스케치북 전시,234,,
G304,D1-exact,1.0,source/CURRENT/10_Core/42_TP_Europe_Travel_Guidebook_Master_v1.4.md,오늘 꼭 해볼 것,37,,
G304,D1-exact,1.0,source/CURRENT/20_Regional_Chapters/08_Luberon_Farmhouse_v1.8.md,오늘 꼭 해볼 것,37,,
G304,D1-exact,1.0,source/CURRENT/20_Regional_Chapters/08_Luberon_Farmhouse_v2.0.md,오늘 꼭 해볼 것,37,,
G304,D1-exact,1.0,source/CURRENT/30_Reader_Edition/08_Luberon_Farmhouse_Reader_v1.6.md,오늘 꼭 해볼 것,37,,
G305,D1-exact,1.0,source/CURRENT/10_Core/42_TP_Europe_Travel_Guidebook_Master_v1.4.md,선택 대안,33,,
G305,D1-exact,1.0,source/CURRENT/20_Regional_Chapters/08_Luberon_Farmhouse_v1.8.md,선택 대안,33,,
G305,D1-exact,1.0,source/CURRENT/20_Regional_Chapters/08_Luberon_Farmhouse_v2.0.md,선택 대안,33,,
G305,D1-exact,1.0,source/CURRENT/30_Reader_Edition/08_Luberon_Farmhouse_Reader_v1.6.md,선택 대안,33,,
G306,D1-exact,1.0,source/CURRENT/10_Core/42_TP_Europe_Travel_Guidebook_Master_v1.4.md,사진 에셋 브리프 — Goult 풍차와 석조 골목,164,,
G306,D1-exact,1.0,source/CURRENT/20_Regional_Chapters/08_Luberon_Farmhouse_v1.8.md,사진 에셋 브리프 — Goult 풍차와 석조 골목,164,,
G306,D1-exact,1.0,source/CURRENT/20_Regional_Chapters/08_Luberon_Farmhouse_v2.0.md,사진 에셋 브리프 — Goult 풍차와 석조 골목,164,,
G306,D1-exact,1.0,source/CURRENT/30_Reader_Edition/08_Luberon_Farmhouse_Reader_v1.6.md,사진 에셋 브리프 — Goult 풍차와 석조 골목,164,,
G307,D1-exact,1.0,source/CURRENT/10_Core/42_TP_Europe_Travel_Guidebook_Master_v1.4.md,오늘 꼭 해볼 것,34,,
G307,D1-exact,1.0,source/CURRENT/20_Regional_Chapters/08_Luberon_Farmhouse_v1.8.md,오늘 꼭 해볼 것,34,,
G307,D1-exact,1.0,source/CURRENT/20_Regional_Chapters/08_Luberon_Farmhouse_v2.0.md,오늘 꼭 해볼 것,34,,
G307,D1-exact,1.0,source/CURRENT/30_Reader_Edition/08_Luberon_Farmhouse_Reader_v1.6.md,오늘 꼭 해볼 것,34,,
G308,D1-exact,1.0,source/CURRENT/10_Core/42_TP_Europe_Travel_Guidebook_Master_v1.4.md,Bonnieux 대체안,37,,
G308,D1-exact,1.0,source/CURRENT/20_Regional_Chapters/08_Luberon_Farmhouse_v1.8.md,Bonnieux 대체안,37,,
G308,D1-exact,1.0,source/CURRENT/20_Regional_Chapters/08_Luberon_Farmhouse_v2.0.md,Bonnieux 대체안,37,,
G308,D1-exact,1.0,source/CURRENT/30_Reader_Edition/08_Luberon_Farmhouse_Reader_v1.6.md,Bonnieux 대체안,37,,
G309,D1-exact,1.0,source/CURRENT/10_Core/42_TP_Europe_Travel_Guidebook_Master_v1.4.md,사진 에셋 브리프 — Village des Bories의 마른돌 오두막,178,,
G309,D1-exact,1.0,source/CURRENT/20_Regional_Chapters/08_Luberon_Farmhouse_v1.8.md,사진 에셋 브리프 — Village des Bories의 마른돌 오두막,178,,
G309,D1-exact,1.0,source/CURRENT/20_Regional_Chapters/08_Luberon_Farmhouse_v2.0.md,사진 에셋 브리프 — Village des Bories의 마른돌 오두막,178,,
G309,D1-exact,1.0,source/CURRENT/30_Reader_Edition/08_Luberon_Farmhouse_Reader_v1.6.md,사진 에셋 브리프 — Village des Bories의 마른돌 오두막,178,,
G310,D1-exact,1.0,source/CURRENT/10_Core/42_TP_Europe_Travel_Guidebook_Master_v1.4.md,Gordes 주차 실무,38,,
G310,D1-exact,1.0,source/CURRENT/20_Regional_Chapters/08_Luberon_Farmhouse_v1.8.md,Gordes 주차 실무,38,,
G310,D1-exact,1.0,source/CURRENT/20_Regional_Chapters/08_Luberon_Farmhouse_v2.0.md,Gordes 주차 실무,38,,
G310,D1-exact,1.0,source/CURRENT/30_Reader_Edition/08_Luberon_Farmhouse_Reader_v1.6.md,Gordes 주차 실무,38,,
G311,D1-exact,1.0,source/CURRENT/10_Core/42_TP_Europe_Travel_Guidebook_Master_v1.4.md,오늘 꼭 해볼 것,39,,
G311,D1-exact,1.0,source/CURRENT/20_Regional_Chapters/08_Luberon_Farmhouse_v1.8.md,오늘 꼭 해볼 것,39,,
G311,D1-exact,1.0,source/CURRENT/20_Regional_Chapters/08_Luberon_Farmhouse_v2.0.md,오늘 꼭 해볼 것,39,,
G311,D1-exact,1.0,source/CURRENT/30_Reader_Edition/08_Luberon_Farmhouse_Reader_v1.6.md,오늘 꼭 해볼 것,39,,
G312,D1-exact,1.0,source/CURRENT/10_Core/42_TP_Europe_Travel_Guidebook_Master_v1.4.md,Sénanque 내부관람 판단,35,,
G312,D1-exact,1.0,source/CURRENT/20_Regional_Chapters/08_Luberon_Farmhouse_v1.8.md,Sénanque 내부관람 판단,35,,
G312,D1-exact,1.0,source/CURRENT/20_Regional_Chapters/08_Luberon_Farmhouse_v2.0.md,Sénanque 내부관람 판단,35,,
G312,D1-exact,1.0,source/CURRENT/30_Reader_Edition/08_Luberon_Farmhouse_Reader_v1.6.md,Sénanque 내부관람 판단,35,,
G313,D1-exact,1.0,source/CURRENT/10_Core/42_TP_Europe_Travel_Guidebook_Master_v1.4.md,사진 에셋 브리프 — Oppède-le-Vieux의 폐허와 언덕길,164,,
G313,D1-exact,1.0,source/CURRENT/20_Regional_Chapters/08_Luberon_Farmhouse_v1.8.md,사진 에셋 브리프 — Oppède-le-Vieux의 폐허와 언덕길,164,,
G313,D1-exact,1.0,source/CURRENT/20_Regional_Chapters/08_Luberon_Farmhouse_v2.0.md,사진 에셋 브리프 — Oppède-le-Vieux의 폐허와 언덕길,164,,
G313,D1-exact,1.0,source/CURRENT/30_Reader_Edition/08_Luberon_Farmhouse_Reader_v1.6.md,사진 에셋 브리프 — Oppède-le-Vieux의 폐허와 언덕길,164,,
G314,D1-exact,1.0,source/CURRENT/10_Core/42_TP_Europe_Travel_Guidebook_Master_v1.4.md,A안 — Ménerbes: 가장 균형 좋은 선택,50,,
G314,D1-exact,1.0,source/CURRENT/20_Regional_Chapters/08_Luberon_Farmhouse_v1.8.md,A안 — Ménerbes: 가장 균형 좋은 선택,50,,
G314,D1-exact,1.0,source/CURRENT/20_Regional_Chapters/08_Luberon_Farmhouse_v2.0.md,A안 — Ménerbes: 가장 균형 좋은 선택,50,,
G314,D1-exact,1.0,source/CURRENT/30_Reader_Edition/08_Luberon_Farmhouse_Reader_v1.6.md,A안 — Ménerbes: 가장 균형 좋은 선택,50,,
G315,D1-exact,1.0,source/CURRENT/10_Core/42_TP_Europe_Travel_Guidebook_Master_v1.4.md,B안 — Oppède-le-Vieux: 더 드라마틱한 대안,53,,
G315,D1-exact,1.0,source/CURRENT/20_Regional_Chapters/08_Luberon_Farmhouse_v1.8.md,B안 — Oppède-le-Vieux: 더 드라마틱한 대안,53,,
G315,D1-exact,1.0,source/CURRENT/20_Regional_Chapters/08_Luberon_Farmhouse_v2.0.md,B안 — Oppède-le-Vieux: 더 드라마틱한 대안,53,,
G315,D1-exact,1.0,source/CURRENT/30_Reader_Edition/08_Luberon_Farmhouse_Reader_v1.6.md,B안 — Oppède-le-Vieux: 더 드라마틱한 대안,53,,
G316,D1-exact,1.0,source/CURRENT/10_Core/42_TP_Europe_Travel_Guidebook_Master_v1.4.md,2026 특별 선택 — Roussillon 오커 페인팅 워크숍,32,,
G316,D1-exact,1.0,source/CURRENT/20_Regional_Chapters/08_Luberon_Farmhouse_v1.8.md,2026 특별 선택 — Roussillon 오커 페인팅 워크숍,32,,
G316,D1-exact,1.0,source/CURRENT/20_Regional_Chapters/08_Luberon_Farmhouse_v2.0.md,2026 특별 선택 — Roussillon 오커 페인팅 워크숍,32,,
G316,D1-exact,1.0,source/CURRENT/30_Reader_Edition/08_Luberon_Farmhouse_Reader_v1.6.md,2026 특별 선택 — Roussillon 오커 페인팅 워크숍,32,,
G317,D1-exact,1.0,source/CURRENT/10_Core/42_TP_Europe_Travel_Guidebook_Master_v1.4.md,와인체험 선택,50,,
G317,D1-exact,1.0,source/CURRENT/20_Regional_Chapters/08_Luberon_Farmhouse_v1.8.md,와인체험 선택,50,,
G317,D1-exact,1.0,source/CURRENT/20_Regional_Chapters/08_Luberon_Farmhouse_v2.0.md,와인체험 선택,50,,
G317,D1-exact,1.0,source/CURRENT/30_Reader_Edition/08_Luberon_Farmhouse_Reader_v1.6.md,와인체험 선택,50,,
G318,D1-exact,1.0,source/CURRENT/10_Core/42_TP_Europe_Travel_Guidebook_Master_v1.4.md,사진 에셋 브리프 — 목요시장과 지역 식재료,123,,
G318,D1-exact,1.0,source/CURRENT/20_Regional_Chapters/08_Luberon_Farmhouse_v1.8.md,사진 에셋 브리프 — 목요시장과 지역 식재료,123,,
G318,D1-exact,1.0,source/CURRENT/20_Regional_Chapters/08_Luberon_Farmhouse_v2.0.md,사진 에셋 브리프 — 목요시장과 지역 식재료,123,,
G318,D1-exact,1.0,source/CURRENT/30_Reader_Edition/08_Luberon_Farmhouse_Reader_v1.6.md,사진 에셋 브리프 — 목요시장과 지역 식재료,123,,
G319,D1-exact,1.0,source/CURRENT/10_Core/42_TP_Europe_Travel_Guidebook_Master_v1.4.md,오늘 꼭 해볼 것,34,,
G319,D1-exact,1.0,source/CURRENT/20_Regional_Chapters/08_Luberon_Farmhouse_v1.8.md,오늘 꼭 해볼 것,34,,
G319,D1-exact,1.0,source/CURRENT/20_Regional_Chapters/08_Luberon_Farmhouse_v2.0.md,오늘 꼭 해볼 것,34,,
G319,D1-exact,1.0,source/CURRENT/30_Reader_Edition/08_Luberon_Farmhouse_Reader_v1.6.md,오늘 꼭 해볼 것,34,,
G320,D1-exact,1.0,source/CURRENT/10_Core/42_TP_Europe_Travel_Guidebook_Master_v1.4.md,9. 피로도·활동량·삭제 우선순위,89,,
G320,D1-exact,1.0,source/CURRENT/20_Regional_Chapters/08_Luberon_Farmhouse_v1.8.md,9. 피로도·활동량·삭제 우선순위,89,,
G320,D1-exact,1.0,source/CURRENT/20_Regional_Chapters/08_Luberon_Farmhouse_v2.0.md,9. 피로도·활동량·삭제 우선순위,89,,
G320,D1-exact,1.0,source/CURRENT/30_Reader_Edition/08_Luberon_Farmhouse_Reader_v1.6.md,9. 피로도·활동량·삭제 우선순위,89,,
G321,D1-exact,1.0,source/CURRENT/10_Core/42_TP_Europe_Travel_Guidebook_Master_v1.4.md,10. 문전 이동과 현실적 소요시간,134,,
G321,D1-exact,1.0,source/CURRENT/20_Regional_Chapters/08_Luberon_Farmhouse_v1.8.md,10. 문전 이동과 현실적 소요시간,134,,
G321,D1-exact,1.0,source/CURRENT/20_Regional_Chapters/08_Luberon_Farmhouse_v2.0.md,10. 문전 이동과 현실적 소요시간,134,,
G321,D1-exact,1.0,source/CURRENT/30_Reader_Edition/08_Luberon_Farmhouse_Reader_v1.6.md,10. 문전 이동과 현실적 소요시간,134,,
G322,D1-exact,1.0,source/CURRENT/10_Core/42_TP_Europe_Travel_Guidebook_Master_v1.4.md,11. 예약 우선순위,102,,
G322,D1-exact,1.0,source/CURRENT/20_Regional_Chapters/08_Luberon_Farmhouse_v1.8.md,11. 예약 우선순위,102,,
G322,D1-exact,1.0,source/CURRENT/20_Regional_Chapters/08_Luberon_Farmhouse_v2.0.md,11. 예약 우선순위,102,,
G322,D1-exact,1.0,source/CURRENT/30_Reader_Edition/08_Luberon_Farmhouse_Reader_v1.6.md,11. 예약 우선순위,102,,
G323,D1-exact,1.0,source/CURRENT/10_Core/42_TP_Europe_Travel_Guidebook_Master_v1.4.md,12.1 하나의 마을이 아니라 산과 평야가 만든 생활권이다,47,,
G323,D1-exact,1.0,source/CURRENT/20_Regional_Chapters/08_Luberon_Farmhouse_v1.8.md,12.1 하나의 마을이 아니라 산과 평야가 만든 생활권이다,47,,
G323,D1-exact,1.0,source/CURRENT/20_Regional_Chapters/08_Luberon_Farmhouse_v2.0.md,12.1 하나의 마을이 아니라 산과 평야가 만든 생활권이다,47,,
G324,D1-exact,1.0,source/CURRENT/10_Core/42_TP_Europe_Travel_Guidebook_Master_v1.4.md,12.2 돌의 색이 마을의 성격을 바꾼다,25,,
G324,D1-exact,1.0,source/CURRENT/20_Regional_Chapters/08_Luberon_Farmhouse_v1.8.md,12.2 돌의 색이 마을의 성격을 바꾼다,25,,
G324,D1-exact,1.0,source/CURRENT/20_Regional_Chapters/08_Luberon_Farmhouse_v2.0.md,12.2 돌의 색이 마을의 성격을 바꾼다,25,,
G325,D1-exact,1.0,source/CURRENT/10_Core/42_TP_Europe_Travel_Guidebook_Master_v1.4.md,13. 숙소 권역 비교,104,,
G325,D1-exact,1.0,source/CURRENT/20_Regional_Chapters/08_Luberon_Farmhouse_v1.8.md,13. 숙소 권역 비교,104,,
G325,D1-exact,1.0,source/CURRENT/20_Regional_Chapters/08_Luberon_Farmhouse_v2.0.md,13. 숙소 권역 비교,104,,
G326,D1-exact,1.0,source/CURRENT/10_Core/42_TP_Europe_Travel_Guidebook_Master_v1.4.md,14. 추천등급 요약,138,,
G326,D1-exact,1.0,source/CURRENT/20_Regional_Chapters/08_Luberon_Farmhouse_v1.8.md,14. 추천등급 요약,138,,
G326,D1-exact,1.0,source/CURRENT/20_Regional_Chapters/08_Luberon_Farmhouse_v2.0.md,14. 추천등급 요약,138,,
G327,D1-exact,1.0,source/CURRENT/10_Core/42_TP_Europe_Travel_Guidebook_Master_v1.4.md,사진 에셋 브리프 — Lourmarin 카페광장과 밝은 석조주택,56,,
G327,D1-exact,1.0,source/CURRENT/20_Regional_Chapters/08_Luberon_Farmhouse_v1.8.md,사진 에셋 브리프 — Lourmarin 카페광장과 밝은 석조주택,56,,
G327,D1-exact,1.0,source/CURRENT/20_Regional_Chapters/08_Luberon_Farmhouse_v2.0.md,사진 에셋 브리프 — Lourmarin 카페광장과 밝은 석조주택,56,,
G328,D1-exact,1.0,source/CURRENT/10_Core/42_TP_Europe_Travel_Guidebook_Master_v1.4.md,사진 에셋 브리프 — 붉은 벽과 파란 셔터가 대비되는 Roussillon 골목,47,,
G328,D1-exact,1.0,source/CURRENT/20_Regional_Chapters/08_Luberon_Farmhouse_v1.8.md,사진 에셋 브리프 — 붉은 벽과 파란 셔터가 대비되는 Roussillon 골목,47,,
G328,D1-exact,1.0,source/CURRENT/20_Regional_Chapters/08_Luberon_Farmhouse_v2.0.md,사진 에셋 브리프 — 붉은 벽과 파란 셔터가 대비되는 Roussillon 골목,47,,
G329,D1-exact,1.0,source/CURRENT/10_Core/42_TP_Europe_Travel_Guidebook_Master_v1.4.md,사진 에셋 브리프 — Goult 풍차와 완만한 골목,47,,
G329,D1-exact,1.0,source/CURRENT/20_Regional_Chapters/08_Luberon_Farmhouse_v1.8.md,사진 에셋 브리프 — Goult 풍차와 완만한 골목,47,,
G329,D1-exact,1.0,source/CURRENT/20_Regional_Chapters/08_Luberon_Farmhouse_v2.0.md,사진 에셋 브리프 — Goult 풍차와 완만한 골목,47,,
G330,D1-exact,1.0,source/CURRENT/10_Core/42_TP_Europe_Travel_Guidebook_Master_v1.4.md,사진 에셋 브리프 — 도로 전망점에서 본 Gordes 전경,55,,
G330,D1-exact,1.0,source/CURRENT/20_Regional_Chapters/08_Luberon_Farmhouse_v1.8.md,사진 에셋 브리프 — 도로 전망점에서 본 Gordes 전경,55,,
G330,D1-exact,1.0,source/CURRENT/20_Regional_Chapters/08_Luberon_Farmhouse_v2.0.md,사진 에셋 브리프 — 도로 전망점에서 본 Gordes 전경,55,,
G331,D1-exact,1.0,source/CURRENT/10_Core/42_TP_Europe_Travel_Guidebook_Master_v1.4.md,사진 에셋 브리프 — 돌을 겹겹이 쌓은 원추형 borie 내부와 외부,43,,
G331,D1-exact,1.0,source/CURRENT/20_Regional_Chapters/08_Luberon_Farmhouse_v1.8.md,사진 에셋 브리프 — 돌을 겹겹이 쌓은 원추형 borie 내부와 외부,43,,
G331,D1-exact,1.0,source/CURRENT/20_Regional_Chapters/08_Luberon_Farmhouse_v2.0.md,사진 에셋 브리프 — 돌을 겹겹이 쌓은 원추형 borie 내부와 외부,43,,
G332,D1-exact,1.0,source/CURRENT/10_Core/42_TP_Europe_Travel_Guidebook_Master_v1.4.md,사진 에셋 브리프 — 라벤더 수확 후의 Sénanque 수도원과 계곡,53,,
G332,D1-exact,1.0,source/CURRENT/20_Regional_Chapters/08_Luberon_Farmhouse_v1.8.md,사진 에셋 브리프 — 라벤더 수확 후의 Sénanque 수도원과 계곡,53,,
G332,D1-exact,1.0,source/CURRENT/20_Regional_Chapters/08_Luberon_Farmhouse_v2.0.md,사진 에셋 브리프 — 라벤더 수확 후의 Sénanque 수도원과 계곡,53,,
G333,D1-exact,1.0,source/CURRENT/10_Core/42_TP_Europe_Travel_Guidebook_Master_v1.4.md,사진 에셋 브리프 — Ménerbes 능선과 포도밭,50,,
G333,D1-exact,1.0,source/CURRENT/20_Regional_Chapters/08_Luberon_Farmhouse_v1.8.md,사진 에셋 브리프 — Ménerbes 능선과 포도밭,50,,
G333,D1-exact,1.0,source/CURRENT/20_Regional_Chapters/08_Luberon_Farmhouse_v2.0.md,사진 에셋 브리프 — Ménerbes 능선과 포도밭,50,,
G334,D1-exact,1.0,source/CURRENT/10_Core/42_TP_Europe_Travel_Guidebook_Master_v1.4.md,사진 에셋 브리프 — Oppède-le-Vieux 폐허와 교회로 오르는 돌길,33,,
G334,D1-exact,1.0,source/CURRENT/20_Regional_Chapters/08_Luberon_Farmhouse_v1.8.md,사진 에셋 브리프 — Oppède-le-Vieux 폐허와 교회로 오르는 돌길,33,,
G334,D1-exact,1.0,source/CURRENT/20_Regional_Chapters/08_Luberon_Farmhouse_v2.0.md,사진 에셋 브리프 — Oppède-le-Vieux 폐허와 교회로 오르는 돌길,33,,
G335,D1-exact,1.0,source/CURRENT/10_Core/42_TP_Europe_Travel_Guidebook_Master_v1.4.md,사진 에셋 브리프 — 수로 위 카페와 오래된 물레,38,,
G335,D1-exact,1.0,source/CURRENT/20_Regional_Chapters/08_Luberon_Farmhouse_v1.8.md,사진 에셋 브리프 — 수로 위 카페와 오래된 물레,38,,
G335,D1-exact,1.0,source/CURRENT/20_Regional_Chapters/08_Luberon_Farmhouse_v2.0.md,사진 에셋 브리프 — 수로 위 카페와 오래된 물레,38,,
G336,D1-exact,1.0,source/CURRENT/10_Core/42_TP_Europe_Travel_Guidebook_Master_v1.4.md,16.1 필수 평가표,99,,
G336,D1-exact,1.0,source/CURRENT/20_Regional_Chapters/08_Luberon_Farmhouse_v1.8.md,16.1 필수 평가표,99,,
G336,D1-exact,1.0,source/CURRENT/20_Regional_Chapters/08_Luberon_Farmhouse_v2.0.md,16.1 필수 평가표,99,,
G337,D1-exact,1.0,source/CURRENT/10_Core/42_TP_Europe_Travel_Guidebook_Master_v1.4.md,16.2 실제 숙소 후보 비교,198,,
G337,D1-exact,1.0,source/CURRENT/20_Regional_Chapters/08_Luberon_Farmhouse_v1.8.md,16.2 실제 숙소 후보 비교,198,,
G337,D1-exact,1.0,source/CURRENT/20_Regional_Chapters/08_Luberon_Farmhouse_v2.0.md,16.2 실제 숙소 후보 비교,198,,
G338,D1-exact,1.0,source/CURRENT/10_Core/42_TP_Europe_Travel_Guidebook_Master_v1.4.md,16.3 우선협상 순서,59,,
G338,D1-exact,1.0,source/CURRENT/20_Regional_Chapters/08_Luberon_Farmhouse_v1.8.md,16.3 우선협상 순서,59,,
G338,D1-exact,1.0,source/CURRENT/20_Regional_Chapters/08_Luberon_Farmhouse_v2.0.md,16.3 우선협상 순서,59,,
G339,D1-exact,1.0,source/CURRENT/10_Core/42_TP_Europe_Travel_Guidebook_Master_v1.4.md,16.4 제외 또는 주의 후보,41,,
G339,D1-exact,1.0,source/CURRENT/20_Regional_Chapters/08_Luberon_Farmhouse_v1.8.md,16.4 제외 또는 주의 후보,41,,
G339,D1-exact,1.0,source/CURRENT/20_Regional_Chapters/08_Luberon_Farmhouse_v2.0.md,16.4 제외 또는 주의 후보,41,,
G340,D1-exact,1.0,source/CURRENT/10_Core/42_TP_Europe_Travel_Guidebook_Master_v1.4.md,16.5 숙소에 보낼 필수 문의문,110,,
G340,D1-exact,1.0,source/CURRENT/20_Regional_Chapters/08_Luberon_Farmhouse_v1.8.md,16.5 숙소에 보낼 필수 문의문,110,,
G340,D1-exact,1.0,source/CURRENT/20_Regional_Chapters/08_Luberon_Farmhouse_v2.0.md,16.5 숙소에 보낼 필수 문의문,110,,
G341,D1-exact,1.0,source/CURRENT/10_Core/42_TP_Europe_Travel_Guidebook_Master_v1.4.md,17.1 시장 실행표,54,,
G341,D1-exact,1.0,source/CURRENT/20_Regional_Chapters/08_Luberon_Farmhouse_v1.8.md,17.1 시장 실행표,54,,
G341,D1-exact,1.0,source/CURRENT/20_Regional_Chapters/08_Luberon_Farmhouse_v2.0.md,17.1 시장 실행표,54,,
G342,D1-exact,1.0,source/CURRENT/10_Core/42_TP_Europe_Travel_Guidebook_Master_v1.4.md,17.2 첫날 장보기 목록,74,,
G342,D1-exact,1.0,source/CURRENT/20_Regional_Chapters/08_Luberon_Farmhouse_v1.8.md,17.2 첫날 장보기 목록,74,,
G342,D1-exact,1.0,source/CURRENT/20_Regional_Chapters/08_Luberon_Farmhouse_v2.0.md,17.2 첫날 장보기 목록,74,,
G343,D1-exact,1.0,source/CURRENT/10_Core/42_TP_Europe_Travel_Guidebook_Master_v1.4.md,17.3 슈퍼·생활거점,49,,
G343,D1-exact,1.0,source/CURRENT/20_Regional_Chapters/08_Luberon_Farmhouse_v1.8.md,17.3 슈퍼·생활거점,49,,
G343,D1-exact,1.0,source/CURRENT/20_Regional_Chapters/08_Luberon_Farmhouse_v2.0.md,17.3 슈퍼·생활거점,49,,
G344,D1-exact,1.0,source/CURRENT/10_Core/42_TP_Europe_Travel_Guidebook_Master_v1.4.md,18.1 식사 운영 원칙,31,,
G344,D1-exact,1.0,source/CURRENT/20_Regional_Chapters/08_Luberon_Farmhouse_v1.8.md,18.1 식사 운영 원칙,31,,
G344,D1-exact,1.0,source/CURRENT/20_Regional_Chapters/08_Luberon_Farmhouse_v2.0.md,18.1 식사 운영 원칙,31,,
G345,D1-exact,1.0,source/CURRENT/10_Core/42_TP_Europe_Travel_Guidebook_Master_v1.4.md,18.2 실제 식당 후보,141,,
G345,D1-exact,1.0,source/CURRENT/20_Regional_Chapters/08_Luberon_Farmhouse_v1.8.md,18.2 실제 식당 후보,141,,
G345,D1-exact,1.0,source/CURRENT/20_Regional_Chapters/08_Luberon_Farmhouse_v2.0.md,18.2 실제 식당 후보,141,,
G346,D1-exact,1.0,source/CURRENT/10_Core/42_TP_Europe_Travel_Guidebook_Master_v1.4.md,18.3 추천 배치,36,,
G346,D1-exact,1.0,source/CURRENT/20_Regional_Chapters/08_Luberon_Farmhouse_v1.8.md,18.3 추천 배치,36,,
G346,D1-exact,1.0,source/CURRENT/20_Regional_Chapters/08_Luberon_Farmhouse_v2.0.md,18.3 추천 배치,36,,
G347,D1-exact,1.0,source/CURRENT/10_Core/42_TP_Europe_Travel_Guidebook_Master_v1.4.md,18.4 꼭 먹어볼 것,72,,
G347,D1-exact,1.0,source/CURRENT/20_Regional_Chapters/08_Luberon_Farmhouse_v1.8.md,18.4 꼭 먹어볼 것,72,,
G347,D1-exact,1.0,source/CURRENT/20_Regional_Chapters/08_Luberon_Farmhouse_v2.0.md,18.4 꼭 먹어볼 것,72,,
G348,D1-exact,1.0,source/CURRENT/10_Core/42_TP_Europe_Travel_Guidebook_Master_v1.4.md,20.1 Jason 러닝·산책,43,,
G348,D1-exact,1.0,source/CURRENT/20_Regional_Chapters/08_Luberon_Farmhouse_v1.8.md,20.1 Jason 러닝·산책,43,,
G348,D1-exact,1.0,source/CURRENT/20_Regional_Chapters/08_Luberon_Farmhouse_v2.0.md,20.1 Jason 러닝·산책,43,,
G349,D1-exact,1.0,source/CURRENT/10_Core/42_TP_Europe_Travel_Guidebook_Master_v1.4.md,20.2 Jason 스케치,43,,
G349,D1-exact,1.0,source/CURRENT/20_Regional_Chapters/08_Luberon_Farmhouse_v1.8.md,20.2 Jason 스케치,43,,
G349,D1-exact,1.0,source/CURRENT/20_Regional_Chapters/08_Luberon_Farmhouse_v2.0.md,20.2 Jason 스케치,43,,
G350,D1-exact,1.0,source/CURRENT/10_Core/42_TP_Europe_Travel_Guidebook_Master_v1.4.md,20.3 Julia 선택 휴식·수영,63,,
G350,D1-exact,1.0,source/CURRENT/20_Regional_Chapters/08_Luberon_Farmhouse_v1.8.md,20.3 Julia 선택 휴식·수영,63,,
G350,D1-exact,1.0,source/CURRENT/20_Regional_Chapters/08_Luberon_Farmhouse_v2.0.md,20.3 Julia 선택 휴식·수영,63,,
G351,D1-exact,1.0,source/CURRENT/10_Core/42_TP_Europe_Travel_Guidebook_Master_v1.4.md,21. 2026 행사·특별 경험,57,,
G351,D1-exact,1.0,source/CURRENT/20_Regional_Chapters/08_Luberon_Farmhouse_v1.8.md,21. 2026 행사·특별 경험,57,,
G351,D1-exact,1.0,source/CURRENT/20_Regional_Chapters/08_Luberon_Farmhouse_v2.0.md,21. 2026 행사·특별 경험,57,,
G352,D1-exact,1.0,source/CURRENT/10_Core/42_TP_Europe_Travel_Guidebook_Master_v1.4.md,23.3 농가 시설이 설명과 다를 때,39,,
G352,D1-exact,1.0,source/CURRENT/20_Regional_Chapters/08_Luberon_Farmhouse_v1.8.md,23.3 농가 시설이 설명과 다를 때,39,,
G352,D1-exact,1.0,source/CURRENT/20_Regional_Chapters/08_Luberon_Farmhouse_v2.0.md,23.3 농가 시설이 설명과 다를 때,39,,
G353,D1-exact,1.0,source/CURRENT/10_Core/42_TP_Europe_Travel_Guidebook_Master_v1.4.md,시장 카드,27,,
G353,D1-exact,1.0,source/CURRENT/20_Regional_Chapters/08_Luberon_Farmhouse_v1.8.md,시장 카드,27,,
G353,D1-exact,1.0,source/CURRENT/20_Regional_Chapters/08_Luberon_Farmhouse_v2.0.md,시장 카드,27,,
G354,D1-exact,1.0,source/CURRENT/10_Core/42_TP_Europe_Travel_Guidebook_Master_v1.4.md,9/15 Gordes 카드,32,,
G354,D1-exact,1.0,source/CURRENT/20_Regional_Chapters/08_Luberon_Farmhouse_v1.8.md,9/15 Gordes 카드,32,,
G354,D1-exact,1.0,source/CURRENT/20_Regional_Chapters/08_Luberon_Farmhouse_v2.0.md,9/15 Gordes 카드,32,,
G355,D1-exact,1.0,source/CURRENT/10_Core/42_TP_Europe_Travel_Guidebook_Master_v1.4.md,숙소,35,,
G355,D1-exact,1.0,source/CURRENT/20_Regional_Chapters/08_Luberon_Farmhouse_v1.8.md,숙소,35,,
G355,D1-exact,1.0,source/CURRENT/20_Regional_Chapters/08_Luberon_Farmhouse_v2.0.md,숙소,35,,
G356,D1-exact,1.0,source/CURRENT/10_Core/42_TP_Europe_Travel_Guidebook_Master_v1.4.md,일정,39,,
G356,D1-exact,1.0,source/CURRENT/20_Regional_Chapters/08_Luberon_Farmhouse_v1.8.md,일정,39,,
G356,D1-exact,1.0,source/CURRENT/20_Regional_Chapters/08_Luberon_Farmhouse_v2.0.md,일정,39,,
G357,D1-exact,1.0,source/CURRENT/10_Core/42_TP_Europe_Travel_Guidebook_Master_v1.4.md,생활,51,,
G357,D1-exact,1.0,source/CURRENT/20_Regional_Chapters/08_Luberon_Farmhouse_v1.8.md,생활,51,,
G357,D1-exact,1.0,source/CURRENT/20_Regional_Chapters/08_Luberon_Farmhouse_v2.0.md,생활,51,,
G358,D1-exact,1.0,source/CURRENT/10_Core/42_TP_Europe_Travel_Guidebook_Master_v1.4.md,핵심 관람법,78,,
G358,D1-exact,1.0,source/CURRENT/20_Regional_Chapters/08_Luberon_Farmhouse_v1.8.md,핵심 관람법,78,,
G358,D1-exact,1.0,source/CURRENT/20_Regional_Chapters/08_Luberon_Farmhouse_v2.0.md,핵심 관람법,78,,
G359,D1-exact,1.0,source/CURRENT/10_Core/42_TP_Europe_Travel_Guidebook_Master_v1.4.md,Roussillon — 마을보다 먼저 땅의 색을 본다,48,,
G359,D1-exact,1.0,source/CURRENT/20_Regional_Chapters/08_Luberon_Farmhouse_v1.8.md,Roussillon — 마을보다 먼저 땅의 색을 본다,48,,
G359,D1-exact,1.0,source/CURRENT/20_Regional_Chapters/08_Luberon_Farmhouse_v2.0.md,Roussillon — 마을보다 먼저 땅의 색을 본다,48,,
G360,D1-exact,1.0,source/CURRENT/10_Core/42_TP_Europe_Travel_Guidebook_Master_v1.4.md,Gordes — 전망대에서 이미 절반을 본 셈이다,25,,
G360,D1-exact,1.0,source/CURRENT/20_Regional_Chapters/08_Luberon_Farmhouse_v1.8.md,Gordes — 전망대에서 이미 절반을 본 셈이다,25,,
G360,D1-exact,1.0,source/CURRENT/20_Regional_Chapters/08_Luberon_Farmhouse_v2.0.md,Gordes — 전망대에서 이미 절반을 본 셈이다,25,,
G361,D1-exact,1.0,source/CURRENT/10_Core/42_TP_Europe_Travel_Guidebook_Master_v1.4.md,꼭 체험할 것 보강,61,,
G361,D1-exact,1.0,source/CURRENT/20_Regional_Chapters/08_Luberon_Farmhouse_v1.8.md,꼭 체험할 것 보강,61,,
G361,D1-exact,1.0,source/CURRENT/20_Regional_Chapters/08_Luberon_Farmhouse_v2.0.md,꼭 체험할 것 보강,61,,
G362,D1-exact,1.0,source/CURRENT/10_Core/42_TP_Europe_Travel_Guidebook_Master_v1.4.md,JU – Maison de Cuisine — 목적지형 식당이므로 일정 전체를 비운다,26,,
G362,D1-exact,1.0,source/CURRENT/20_Regional_Chapters/08_Luberon_Farmhouse_v1.8.md,JU – Maison de Cuisine — 목적지형 식당이므로 일정 전체를 비운다,26,,
G362,D1-exact,1.0,source/CURRENT/20_Regional_Chapters/08_Luberon_Farmhouse_v2.0.md,JU – Maison de Cuisine — 목적지형 식당이므로 일정 전체를 비운다,26,,
G363,D1-exact,1.0,source/CURRENT/10_Core/42_TP_Europe_Travel_Guidebook_Master_v1.4.md,숙소 선택의 편집자 결론,40,,
G363,D1-exact,1.0,source/CURRENT/20_Regional_Chapters/08_Luberon_Farmhouse_v1.8.md,숙소 선택의 편집자 결론,40,,
G363,D1-exact,1.0,source/CURRENT/20_Regional_Chapters/08_Luberon_Farmhouse_v2.0.md,숙소 선택의 편집자 결론,40,,
G364,D1-exact,1.0,source/CURRENT/10_Core/42_TP_Europe_Travel_Guidebook_Master_v1.4.md,현장 선택 규칙,43,,
G364,D1-exact,1.0,source/CURRENT/20_Regional_Chapters/08_Luberon_Farmhouse_v1.8.md,현장 선택 규칙,43,,
G364,D1-exact,1.0,source/CURRENT/20_Regional_Chapters/08_Luberon_Farmhouse_v2.0.md,현장 선택 규칙,43,,
G365,D1-exact,1.0,source/CURRENT/10_Core/42_TP_Europe_Travel_Guidebook_Master_v1.4.md,지역·시장·마을,50,,
G365,D1-exact,1.0,source/CURRENT/20_Regional_Chapters/08_Luberon_Farmhouse_v1.8.md,지역·시장·마을,50,,
G365,D1-exact,1.0,source/CURRENT/20_Regional_Chapters/08_Luberon_Farmhouse_v2.0.md,지역·시장·마을,50,,
G366,D1-exact,1.0,source/CURRENT/10_Core/42_TP_Europe_Travel_Guidebook_Master_v1.4.md,숙소,31,,
G366,D1-exact,1.0,source/CURRENT/20_Regional_Chapters/08_Luberon_Farmhouse_v1.8.md,숙소,31,,
G366,D1-exact,1.0,source/CURRENT/20_Regional_Chapters/08_Luberon_Farmhouse_v2.0.md,숙소,31,,
G367,D1-exact,1.0,source/CURRENT/10_Core/42_TP_Europe_Travel_Guidebook_Master_v1.4.md,음식·와인,51,,
G367,D1-exact,1.0,source/CURRENT/20_Regional_Chapters/08_Luberon_Farmhouse_v1.8.md,음식·와인,51,,
G367,D1-exact,1.0,source/CURRENT/20_Regional_Chapters/08_Luberon_Farmhouse_v2.0.md,음식·와인,51,,
G368,D1-exact,1.0,source/CURRENT/10_Core/42_TP_Europe_Travel_Guidebook_Master_v1.4.md,9/13 Lourmarin → Coustellet → 농가 체크인,33,,
G368,D1-exact,1.0,source/CURRENT/20_Regional_Chapters/08_Luberon_Farmhouse_v1.8.md,9/13 Lourmarin → Coustellet → 농가 체크인,33,,
G368,D1-exact,1.0,source/CURRENT/20_Regional_Chapters/08_Luberon_Farmhouse_v2.0.md,9/13 Lourmarin → Coustellet → 농가 체크인,33,,
G368,D1-exact,1.0,source/CURRENT/30_Reader_Edition/08_Luberon_Farmhouse_Reader_v1.6.md,9/13 Lourmarin → Coustellet → 농가 체크인,33,,
G369,D1-exact,1.0,source/CURRENT/10_Core/42_TP_Europe_Travel_Guidebook_Master_v1.4.md,9/14 Roussillon + Goult 또는 Bonnieux,43,,
G369,D1-exact,1.0,source/CURRENT/20_Regional_Chapters/08_Luberon_Farmhouse_v1.8.md,9/14 Roussillon + Goult 또는 Bonnieux,43,,
G369,D1-exact,1.0,source/CURRENT/20_Regional_Chapters/08_Luberon_Farmhouse_v2.0.md,9/14 Roussillon + Goult 또는 Bonnieux,43,,
G369,D1-exact,1.0,source/CURRENT/30_Reader_Edition/08_Luberon_Farmhouse_Reader_v1.6.md,9/14 Roussillon + Goult 또는 Bonnieux,43,,
G370,D1-exact,1.0,source/CURRENT/10_Core/42_TP_Europe_Travel_Guidebook_Master_v1.4.md,9/15 Gordes + Bories + Sénanque 선택,51,,
G370,D1-exact,1.0,source/CURRENT/20_Regional_Chapters/08_Luberon_Farmhouse_v1.8.md,9/15 Gordes + Bories + Sénanque 선택,51,,
G370,D1-exact,1.0,source/CURRENT/20_Regional_Chapters/08_Luberon_Farmhouse_v2.0.md,9/15 Gordes + Bories + Sénanque 선택,51,,
G370,D1-exact,1.0,source/CURRENT/30_Reader_Edition/08_Luberon_Farmhouse_Reader_v1.6.md,9/15 Gordes + Bories + Sénanque 선택,51,,
G371,D1-exact,1.0,source/CURRENT/10_Core/42_TP_Europe_Travel_Guidebook_Master_v1.4.md,9/16 농가생활 + Ménerbes 또는 Oppède,36,,
G371,D1-exact,1.0,source/CURRENT/20_Regional_Chapters/08_Luberon_Farmhouse_v1.8.md,9/16 농가생활 + Ménerbes 또는 Oppède,36,,
G371,D1-exact,1.0,source/CURRENT/20_Regional_Chapters/08_Luberon_Farmhouse_v2.0.md,9/16 농가생활 + Ménerbes 또는 Oppède,36,,
G371,D1-exact,1.0,source/CURRENT/30_Reader_Edition/08_Luberon_Farmhouse_Reader_v1.6.md,9/16 농가생활 + Ménerbes 또는 Oppède,36,,
G372,D1-exact,1.0,source/CURRENT/10_Core/42_TP_Europe_Travel_Guidebook_Master_v1.4.md,9/17 L’Isle-sur-la-Sorgue → Avignon,53,,
G372,D1-exact,1.0,source/CURRENT/20_Regional_Chapters/08_Luberon_Farmhouse_v1.8.md,9/17 L’Isle-sur-la-Sorgue → Avignon,53,,
G372,D1-exact,1.0,source/CURRENT/20_Regional_Chapters/08_Luberon_Farmhouse_v2.0.md,9/17 L’Isle-sur-la-Sorgue → Avignon,53,,
G372,D1-exact,1.0,source/CURRENT/30_Reader_Edition/08_Luberon_Farmhouse_Reader_v1.6.md,9/17 L’Isle-sur-la-Sorgue → Avignon,53,,
G373,D1-exact,1.0,source/CURRENT/10_Core/42_TP_Europe_Travel_Guidebook_Master_v1.4.md,"교황도시, 토요시장, 로마 수도교와 석회암 마을",123,,
G373,D1-exact,1.0,source/CURRENT/20_Regional_Chapters/09_Avignon_Alpilles_Pont_du_Gard_v1.6.md,"교황도시, 토요시장, 로마 수도교와 석회암 마을",123,,
G373,D1-exact,1.0,source/CURRENT/20_Regional_Chapters/09_Avignon_Alpilles_Pont_du_Gard_v2.0.md,"교황도시, 토요시장, 로마 수도교와 석회암 마을",123,,
G373,D1-exact,1.0,source/CURRENT/30_Reader_Edition/09_Avignon_Alpilles_Pont_du_Gard_Reader_v1.6.md,"교황도시, 토요시장, 로마 수도교와 석회암 마을",123,,
G374,D1-exact,1.0,source/CURRENT/10_Core/42_TP_Europe_Travel_Guidebook_Master_v1.4.md,1. 한눈에 보는 실행 요약,234,,
G374,D1-exact,1.0,source/CURRENT/20_Regional_Chapters/09_Avignon_Alpilles_Pont_du_Gard_v1.6.md,1. 한눈에 보는 실행 요약,234,,
G374,D1-exact,1.0,source/CURRENT/20_Regional_Chapters/09_Avignon_Alpilles_Pont_du_Gard_v2.0.md,1. 한눈에 보는 실행 요약,234,,
G374,D1-exact,1.0,source/CURRENT/30_Reader_Edition/09_Avignon_Alpilles_Pont_du_Gard_Reader_v1.6.md,1. 한눈에 보는 실행 요약,234,,
G375,D1-exact,1.0,source/CURRENT/10_Core/42_TP_Europe_Travel_Guidebook_Master_v1.4.md,일정의 핵심 논리,66,,
G375,D1-exact,1.0,source/CURRENT/20_Regional_Chapters/09_Avignon_Alpilles_Pont_du_Gard_v1.6.md,일정의 핵심 논리,66,,
G375,D1-exact,1.0,source/CURRENT/20_Regional_Chapters/09_Avignon_Alpilles_Pont_du_Gard_v2.0.md,일정의 핵심 논리,66,,
G375,D1-exact,1.0,source/CURRENT/30_Reader_Edition/09_Avignon_Alpilles_Pont_du_Gard_Reader_v1.6.md,일정의 핵심 논리,66,,
G376,D1-exact,1.0,source/CURRENT/10_Core/42_TP_Europe_Travel_Guidebook_Master_v1.4.md,3. 날짜별 확정 일정,63,,
G376,D1-exact,1.0,source/CURRENT/20_Regional_Chapters/09_Avignon_Alpilles_Pont_du_Gard_v1.6.md,3. 날짜별 확정 일정,63,,
G376,D1-exact,1.0,source/CURRENT/20_Regional_Chapters/09_Avignon_Alpilles_Pont_du_Gard_v2.0.md,3. 날짜별 확정 일정,63,,
G376,D1-exact,1.0,source/CURRENT/30_Reader_Edition/09_Avignon_Alpilles_Pont_du_Gard_Reader_v1.6.md,3. 날짜별 확정 일정,63,,
G377,D1-exact,1.0,source/CURRENT/10_Core/42_TP_Europe_Travel_Guidebook_Master_v1.4.md,사진 에셋 브리프 — 아비뇽 성벽의 늦은 오후,215,,
G377,D1-exact,1.0,source/CURRENT/20_Regional_Chapters/09_Avignon_Alpilles_Pont_du_Gard_v1.6.md,사진 에셋 브리프 — 아비뇽 성벽의 늦은 오후,215,,
G377,D1-exact,1.0,source/CURRENT/20_Regional_Chapters/09_Avignon_Alpilles_Pont_du_Gard_v2.0.md,사진 에셋 브리프 — 아비뇽 성벽의 늦은 오후,215,,
G377,D1-exact,1.0,source/CURRENT/30_Reader_Edition/09_Avignon_Alpilles_Pont_du_Gard_Reader_v1.6.md,사진 에셋 브리프 — 아비뇽 성벽의 늦은 오후,215,,
G378,D1-exact,1.0,source/CURRENT/10_Core/42_TP_Europe_Travel_Guidebook_Master_v1.4.md,꼭 해볼 것,28,,
G378,D1-exact,1.0,source/CURRENT/20_Regional_Chapters/09_Avignon_Alpilles_Pont_du_Gard_v1.6.md,꼭 해볼 것,28,,
G378,D1-exact,1.0,source/CURRENT/20_Regional_Chapters/09_Avignon_Alpilles_Pont_du_Gard_v2.0.md,꼭 해볼 것,28,,
G378,D1-exact,1.0,source/CURRENT/30_Reader_Edition/09_Avignon_Alpilles_Pont_du_Gard_Reader_v1.6.md,꼭 해볼 것,28,,
G379,D1-exact,1.0,source/CURRENT/10_Core/42_TP_Europe_Travel_Guidebook_Master_v1.4.md,사진 에셋 브리프 — Pont Saint-Bénézet와 Rhône 강,216,,
G379,D1-exact,1.0,source/CURRENT/20_Regional_Chapters/09_Avignon_Alpilles_Pont_du_Gard_v1.6.md,사진 에셋 브리프 — Pont Saint-Bénézet와 Rhône 강,216,,
G379,D1-exact,1.0,source/CURRENT/20_Regional_Chapters/09_Avignon_Alpilles_Pont_du_Gard_v2.0.md,사진 에셋 브리프 — Pont Saint-Bénézet와 Rhône 강,216,,
G379,D1-exact,1.0,source/CURRENT/30_Reader_Edition/09_Avignon_Alpilles_Pont_du_Gard_Reader_v1.6.md,사진 에셋 브리프 — Pont Saint-Bénézet와 Rhône 강,216,,
G380,D1-exact,1.0,source/CURRENT/10_Core/42_TP_Europe_Travel_Guidebook_Master_v1.4.md,Palais des Papes 실용정보,69,,
G380,D1-exact,1.0,source/CURRENT/20_Regional_Chapters/09_Avignon_Alpilles_Pont_du_Gard_v1.6.md,Palais des Papes 실용정보,69,,
G380,D1-exact,1.0,source/CURRENT/20_Regional_Chapters/09_Avignon_Alpilles_Pont_du_Gard_v2.0.md,Palais des Papes 실용정보,69,,
G380,D1-exact,1.0,source/CURRENT/30_Reader_Edition/09_Avignon_Alpilles_Pont_du_Gard_Reader_v1.6.md,Palais des Papes 실용정보,69,,
G381,D1-exact,1.0,source/CURRENT/10_Core/42_TP_Europe_Travel_Guidebook_Master_v1.4.md,오늘의 필수·선택,28,,
G381,D1-exact,1.0,source/CURRENT/20_Regional_Chapters/09_Avignon_Alpilles_Pont_du_Gard_v1.6.md,오늘의 필수·선택,28,,
G381,D1-exact,1.0,source/CURRENT/20_Regional_Chapters/09_Avignon_Alpilles_Pont_du_Gard_v2.0.md,오늘의 필수·선택,28,,
G381,D1-exact,1.0,source/CURRENT/30_Reader_Edition/09_Avignon_Alpilles_Pont_du_Gard_Reader_v1.6.md,오늘의 필수·선택,28,,
G382,D1-exact,1.0,source/CURRENT/10_Core/42_TP_Europe_Travel_Guidebook_Master_v1.4.md,꼭 해볼 것,40,,
G382,D1-exact,1.0,source/CURRENT/20_Regional_Chapters/09_Avignon_Alpilles_Pont_du_Gard_v1.6.md,꼭 해볼 것,40,,
G382,D1-exact,1.0,source/CURRENT/20_Regional_Chapters/09_Avignon_Alpilles_Pont_du_Gard_v2.0.md,꼭 해볼 것,40,,
G382,D1-exact,1.0,source/CURRENT/30_Reader_Edition/09_Avignon_Alpilles_Pont_du_Gard_Reader_v1.6.md,꼭 해볼 것,40,,
G383,D1-exact,1.0,source/CURRENT/10_Core/42_TP_Europe_Travel_Guidebook_Master_v1.4.md,사진 에셋 브리프 — Pont du Gard 전경,191,,
G383,D1-exact,1.0,source/CURRENT/20_Regional_Chapters/09_Avignon_Alpilles_Pont_du_Gard_v1.6.md,사진 에셋 브리프 — Pont du Gard 전경,191,,
G383,D1-exact,1.0,source/CURRENT/20_Regional_Chapters/09_Avignon_Alpilles_Pont_du_Gard_v2.0.md,사진 에셋 브리프 — Pont du Gard 전경,191,,
G383,D1-exact,1.0,source/CURRENT/30_Reader_Edition/09_Avignon_Alpilles_Pont_du_Gard_Reader_v1.6.md,사진 에셋 브리프 — Pont du Gard 전경,191,,
G384,D1-exact,1.0,source/CURRENT/10_Core/42_TP_Europe_Travel_Guidebook_Master_v1.4.md,Uzès를 추천하는 이유,33,,
G384,D1-exact,1.0,source/CURRENT/20_Regional_Chapters/09_Avignon_Alpilles_Pont_du_Gard_v1.6.md,Uzès를 추천하는 이유,33,,
G384,D1-exact,1.0,source/CURRENT/20_Regional_Chapters/09_Avignon_Alpilles_Pont_du_Gard_v2.0.md,Uzès를 추천하는 이유,33,,
G384,D1-exact,1.0,source/CURRENT/30_Reader_Edition/09_Avignon_Alpilles_Pont_du_Gard_Reader_v1.6.md,Uzès를 추천하는 이유,33,,
G385,D1-exact,1.0,source/CURRENT/10_Core/42_TP_Europe_Travel_Guidebook_Master_v1.4.md,Uzès에서 꼭 해볼 것,43,,
G385,D1-exact,1.0,source/CURRENT/20_Regional_Chapters/09_Avignon_Alpilles_Pont_du_Gard_v1.6.md,Uzès에서 꼭 해볼 것,43,,
G385,D1-exact,1.0,source/CURRENT/20_Regional_Chapters/09_Avignon_Alpilles_Pont_du_Gard_v2.0.md,Uzès에서 꼭 해볼 것,43,,
G385,D1-exact,1.0,source/CURRENT/30_Reader_Edition/09_Avignon_Alpilles_Pont_du_Gard_Reader_v1.6.md,Uzès에서 꼭 해볼 것,43,,
G386,D1-exact,1.0,source/CURRENT/10_Core/42_TP_Europe_Travel_Guidebook_Master_v1.4.md,Pont du Gard 실용정보,52,,
G386,D1-exact,1.0,source/CURRENT/20_Regional_Chapters/09_Avignon_Alpilles_Pont_du_Gard_v1.6.md,Pont du Gard 실용정보,52,,
G386,D1-exact,1.0,source/CURRENT/20_Regional_Chapters/09_Avignon_Alpilles_Pont_du_Gard_v2.0.md,Pont du Gard 실용정보,52,,
G386,D1-exact,1.0,source/CURRENT/30_Reader_Edition/09_Avignon_Alpilles_Pont_du_Gard_Reader_v1.6.md,Pont du Gard 실용정보,52,,
G387,D1-exact,1.0,source/CURRENT/10_Core/42_TP_Europe_Travel_Guidebook_Master_v1.4.md,선택모듈,32,,
G387,D1-exact,1.0,source/CURRENT/20_Regional_Chapters/09_Avignon_Alpilles_Pont_du_Gard_v1.6.md,선택모듈,32,,
G387,D1-exact,1.0,source/CURRENT/20_Regional_Chapters/09_Avignon_Alpilles_Pont_du_Gard_v2.0.md,선택모듈,32,,
G387,D1-exact,1.0,source/CURRENT/30_Reader_Edition/09_Avignon_Alpilles_Pont_du_Gard_Reader_v1.6.md,선택모듈,32,,
G388,D1-exact,1.0,source/CURRENT/10_Core/42_TP_Europe_Travel_Guidebook_Master_v1.4.md,사진 에셋 브리프 — Glanum의 로마유적과 Alpilles 산지,216,,
G388,D1-exact,1.0,source/CURRENT/20_Regional_Chapters/09_Avignon_Alpilles_Pont_du_Gard_v1.6.md,사진 에셋 브리프 — Glanum의 로마유적과 Alpilles 산지,216,,
G388,D1-exact,1.0,source/CURRENT/20_Regional_Chapters/09_Avignon_Alpilles_Pont_du_Gard_v2.0.md,사진 에셋 브리프 — Glanum의 로마유적과 Alpilles 산지,216,,
G388,D1-exact,1.0,source/CURRENT/30_Reader_Edition/09_Avignon_Alpilles_Pont_du_Gard_Reader_v1.6.md,사진 에셋 브리프 — Glanum의 로마유적과 Alpilles 산지,216,,
G389,D1-exact,1.0,source/CURRENT/10_Core/42_TP_Europe_Travel_Guidebook_Master_v1.4.md,Les Baux를 추천하는 이유,28,,
G389,D1-exact,1.0,source/CURRENT/20_Regional_Chapters/09_Avignon_Alpilles_Pont_du_Gard_v1.6.md,Les Baux를 추천하는 이유,28,,
G389,D1-exact,1.0,source/CURRENT/20_Regional_Chapters/09_Avignon_Alpilles_Pont_du_Gard_v2.0.md,Les Baux를 추천하는 이유,28,,
G389,D1-exact,1.0,source/CURRENT/30_Reader_Edition/09_Avignon_Alpilles_Pont_du_Gard_Reader_v1.6.md,Les Baux를 추천하는 이유,28,,
G390,D1-exact,1.0,source/CURRENT/10_Core/42_TP_Europe_Travel_Guidebook_Master_v1.4.md,Les Baux에서 꼭 해볼 것,30,,
G390,D1-exact,1.0,source/CURRENT/20_Regional_Chapters/09_Avignon_Alpilles_Pont_du_Gard_v1.6.md,Les Baux에서 꼭 해볼 것,30,,
G390,D1-exact,1.0,source/CURRENT/20_Regional_Chapters/09_Avignon_Alpilles_Pont_du_Gard_v2.0.md,Les Baux에서 꼭 해볼 것,30,,
G390,D1-exact,1.0,source/CURRENT/30_Reader_Edition/09_Avignon_Alpilles_Pont_du_Gard_Reader_v1.6.md,Les Baux에서 꼭 해볼 것,30,,
G391,D1-exact,1.0,source/CURRENT/10_Core/42_TP_Europe_Travel_Guidebook_Master_v1.4.md,Saint-Rémy에서 꼭 해볼 것,30,,
G391,D1-exact,1.0,source/CURRENT/20_Regional_Chapters/09_Avignon_Alpilles_Pont_du_Gard_v1.6.md,Saint-Rémy에서 꼭 해볼 것,30,,
G391,D1-exact,1.0,source/CURRENT/20_Regional_Chapters/09_Avignon_Alpilles_Pont_du_Gard_v2.0.md,Saint-Rémy에서 꼭 해볼 것,30,,
G391,D1-exact,1.0,source/CURRENT/30_Reader_Edition/09_Avignon_Alpilles_Pont_du_Gard_Reader_v1.6.md,Saint-Rémy에서 꼭 해볼 것,30,,
G392,D1-exact,1.0,source/CURRENT/10_Core/42_TP_Europe_Travel_Guidebook_Master_v1.4.md,Glanum 판단,49,,
G392,D1-exact,1.0,source/CURRENT/20_Regional_Chapters/09_Avignon_Alpilles_Pont_du_Gard_v1.6.md,Glanum 판단,49,,
G392,D1-exact,1.0,source/CURRENT/20_Regional_Chapters/09_Avignon_Alpilles_Pont_du_Gard_v2.0.md,Glanum 판단,49,,
G392,D1-exact,1.0,source/CURRENT/30_Reader_Edition/09_Avignon_Alpilles_Pont_du_Gard_Reader_v1.6.md,Glanum 판단,49,,
G393,D1-exact,1.0,source/CURRENT/10_Core/42_TP_Europe_Travel_Guidebook_Master_v1.4.md,사진 에셋 브리프 — Avignon TGV역의 유리 지붕과 출발장,113,,
G393,D1-exact,1.0,source/CURRENT/20_Regional_Chapters/09_Avignon_Alpilles_Pont_du_Gard_v1.6.md,사진 에셋 브리프 — Avignon TGV역의 유리 지붕과 출발장,113,,
G393,D1-exact,1.0,source/CURRENT/20_Regional_Chapters/09_Avignon_Alpilles_Pont_du_Gard_v2.0.md,사진 에셋 브리프 — Avignon TGV역의 유리 지붕과 출발장,113,,
G393,D1-exact,1.0,source/CURRENT/30_Reader_Edition/09_Avignon_Alpilles_Pont_du_Gard_Reader_v1.6.md,사진 에셋 브리프 — Avignon TGV역의 유리 지붕과 출발장,113,,
G394,D1-exact,1.0,source/CURRENT/10_Core/42_TP_Europe_Travel_Guidebook_Master_v1.4.md,열차 선택 원칙,40,,
G394,D1-exact,1.0,source/CURRENT/20_Regional_Chapters/09_Avignon_Alpilles_Pont_du_Gard_v1.6.md,열차 선택 원칙,40,,
G394,D1-exact,1.0,source/CURRENT/20_Regional_Chapters/09_Avignon_Alpilles_Pont_du_Gard_v2.0.md,열차 선택 원칙,40,,
G394,D1-exact,1.0,source/CURRENT/30_Reader_Edition/09_Avignon_Alpilles_Pont_du_Gard_Reader_v1.6.md,열차 선택 원칙,40,,
G395,D1-exact,1.0,source/CURRENT/10_Core/42_TP_Europe_Travel_Guidebook_Master_v1.4.md,9. 피로도·삭제 우선순위,35,,
G395,D1-exact,1.0,source/CURRENT/20_Regional_Chapters/09_Avignon_Alpilles_Pont_du_Gard_v1.6.md,9. 피로도·삭제 우선순위,35,,
G395,D1-exact,1.0,source/CURRENT/20_Regional_Chapters/09_Avignon_Alpilles_Pont_du_Gard_v2.0.md,9. 피로도·삭제 우선순위,35,,
G395,D1-exact,1.0,source/CURRENT/30_Reader_Edition/09_Avignon_Alpilles_Pont_du_Gard_Reader_v1.6.md,9. 피로도·삭제 우선순위,35,,
G396,D1-exact,1.0,source/CURRENT/10_Core/42_TP_Europe_Travel_Guidebook_Master_v1.4.md,10.1 아비뇽은 “예쁜 중세도시”보다 정치권력의 도시다,25,,
G396,D1-exact,1.0,source/CURRENT/20_Regional_Chapters/09_Avignon_Alpilles_Pont_du_Gard_v1.6.md,10.1 아비뇽은 “예쁜 중세도시”보다 정치권력의 도시다,25,,
G396,D1-exact,1.0,source/CURRENT/20_Regional_Chapters/09_Avignon_Alpilles_Pont_du_Gard_v2.0.md,10.1 아비뇽은 “예쁜 중세도시”보다 정치권력의 도시다,25,,
G397,D1-exact,1.0,source/CURRENT/10_Core/42_TP_Europe_Travel_Guidebook_Master_v1.4.md,10.2 Rhône 강과 다리가 도시의 흥망을 결정했다,26,,
G397,D1-exact,1.0,source/CURRENT/20_Regional_Chapters/09_Avignon_Alpilles_Pont_du_Gard_v1.6.md,10.2 Rhône 강과 다리가 도시의 흥망을 결정했다,26,,
G397,D1-exact,1.0,source/CURRENT/20_Regional_Chapters/09_Avignon_Alpilles_Pont_du_Gard_v2.0.md,10.2 Rhône 강과 다리가 도시의 흥망을 결정했다,26,,
G398,D1-exact,1.0,source/CURRENT/10_Core/42_TP_Europe_Travel_Guidebook_Master_v1.4.md,10.3 성벽 안은 하나의 관광지이면서 실제 생활도시다,26,,
G398,D1-exact,1.0,source/CURRENT/20_Regional_Chapters/09_Avignon_Alpilles_Pont_du_Gard_v1.6.md,10.3 성벽 안은 하나의 관광지이면서 실제 생활도시다,26,,
G398,D1-exact,1.0,source/CURRENT/20_Regional_Chapters/09_Avignon_Alpilles_Pont_du_Gard_v2.0.md,10.3 성벽 안은 하나의 관광지이면서 실제 생활도시다,26,,
G399,D1-exact,1.0,source/CURRENT/10_Core/42_TP_Europe_Travel_Guidebook_Master_v1.4.md,11. 동네·숙소 생활권 비교,123,,
G399,D1-exact,1.0,source/CURRENT/20_Regional_Chapters/09_Avignon_Alpilles_Pont_du_Gard_v1.6.md,11. 동네·숙소 생활권 비교,123,,
G399,D1-exact,1.0,source/CURRENT/20_Regional_Chapters/09_Avignon_Alpilles_Pont_du_Gard_v2.0.md,11. 동네·숙소 생활권 비교,123,,
G400,D1-exact,1.0,source/CURRENT/10_Core/42_TP_Europe_Travel_Guidebook_Master_v1.4.md,최종 권고,34,,
G400,D1-exact,1.0,source/CURRENT/20_Regional_Chapters/09_Avignon_Alpilles_Pont_du_Gard_v1.6.md,최종 권고,34,,
G400,D1-exact,1.0,source/CURRENT/20_Regional_Chapters/09_Avignon_Alpilles_Pont_du_Gard_v2.0.md,최종 권고,34,,
G401,D1-exact,1.0,source/CURRENT/10_Core/42_TP_Europe_Travel_Guidebook_Master_v1.4.md,12. 추천등급,148,,
G401,D1-exact,1.0,source/CURRENT/20_Regional_Chapters/09_Avignon_Alpilles_Pont_du_Gard_v1.6.md,12. 추천등급,148,,
G401,D1-exact,1.0,source/CURRENT/20_Regional_Chapters/09_Avignon_Alpilles_Pont_du_Gard_v2.0.md,12. 추천등급,148,,
G402,D1-exact,1.0,source/CURRENT/10_Core/42_TP_Europe_Travel_Guidebook_Master_v1.4.md,사진 에셋 브리프 — Halles 내부의 치즈·올리브·샤퀴테리,60,,
G402,D1-exact,1.0,source/CURRENT/20_Regional_Chapters/09_Avignon_Alpilles_Pont_du_Gard_v1.6.md,사진 에셋 브리프 — Halles 내부의 치즈·올리브·샤퀴테리,60,,
G402,D1-exact,1.0,source/CURRENT/20_Regional_Chapters/09_Avignon_Alpilles_Pont_du_Gard_v2.0.md,사진 에셋 브리프 — Halles 내부의 치즈·올리브·샤퀴테리,60,,
G403,D1-exact,1.0,source/CURRENT/10_Core/42_TP_Europe_Travel_Guidebook_Master_v1.4.md,사진 에셋 브리프 — Palais 안뜰과 거대한 석벽,58,,
G403,D1-exact,1.0,source/CURRENT/20_Regional_Chapters/09_Avignon_Alpilles_Pont_du_Gard_v1.6.md,사진 에셋 브리프 — Palais 안뜰과 거대한 석벽,58,,
G403,D1-exact,1.0,source/CURRENT/20_Regional_Chapters/09_Avignon_Alpilles_Pont_du_Gard_v2.0.md,사진 에셋 브리프 — Palais 안뜰과 거대한 석벽,58,,
G404,D1-exact,1.0,source/CURRENT/10_Core/42_TP_Europe_Travel_Guidebook_Master_v1.4.md,사진 에셋 브리프 — Rocher des Doms에서 본 Rhône와 Villeneuve,46,,
G404,D1-exact,1.0,source/CURRENT/20_Regional_Chapters/09_Avignon_Alpilles_Pont_du_Gard_v1.6.md,사진 에셋 브리프 — Rocher des Doms에서 본 Rhône와 Villeneuve,46,,
G404,D1-exact,1.0,source/CURRENT/20_Regional_Chapters/09_Avignon_Alpilles_Pont_du_Gard_v2.0.md,사진 에셋 브리프 — Rocher des Doms에서 본 Rhône와 Villeneuve,46,,
G405,D1-exact,1.0,source/CURRENT/10_Core/42_TP_Europe_Travel_Guidebook_Master_v1.4.md,사진 에셋 브리프 — Place aux Herbes의 아케이드와 카페,56,,
G405,D1-exact,1.0,source/CURRENT/20_Regional_Chapters/09_Avignon_Alpilles_Pont_du_Gard_v1.6.md,사진 에셋 브리프 — Place aux Herbes의 아케이드와 카페,56,,
G405,D1-exact,1.0,source/CURRENT/20_Regional_Chapters/09_Avignon_Alpilles_Pont_du_Gard_v2.0.md,사진 에셋 브리프 — Place aux Herbes의 아케이드와 카페,56,,
G406,D1-exact,1.0,source/CURRENT/10_Core/42_TP_Europe_Travel_Guidebook_Master_v1.4.md,13.5 Pont du Gard — 숫자보다 비례를 보는 유적,49,,
G406,D1-exact,1.0,source/CURRENT/20_Regional_Chapters/09_Avignon_Alpilles_Pont_du_Gard_v1.6.md,13.5 Pont du Gard — 숫자보다 비례를 보는 유적,49,,
G406,D1-exact,1.0,source/CURRENT/20_Regional_Chapters/09_Avignon_Alpilles_Pont_du_Gard_v2.0.md,13.5 Pont du Gard — 숫자보다 비례를 보는 유적,49,,
G407,D1-exact,1.0,source/CURRENT/10_Core/42_TP_Europe_Travel_Guidebook_Master_v1.4.md,13.6 Les Baux — 절벽이 도시가 된 장소,49,,
G407,D1-exact,1.0,source/CURRENT/20_Regional_Chapters/09_Avignon_Alpilles_Pont_du_Gard_v1.6.md,13.6 Les Baux — 절벽이 도시가 된 장소,49,,
G407,D1-exact,1.0,source/CURRENT/20_Regional_Chapters/09_Avignon_Alpilles_Pont_du_Gard_v2.0.md,13.6 Les Baux — 절벽이 도시가 된 장소,49,,
G408,D1-exact,1.0,source/CURRENT/10_Core/42_TP_Europe_Travel_Guidebook_Master_v1.4.md,13.7 Saint-Rémy — 유명인보다 생활도시로 보기,49,,
G408,D1-exact,1.0,source/CURRENT/20_Regional_Chapters/09_Avignon_Alpilles_Pont_du_Gard_v1.6.md,13.7 Saint-Rémy — 유명인보다 생활도시로 보기,49,,
G408,D1-exact,1.0,source/CURRENT/20_Regional_Chapters/09_Avignon_Alpilles_Pont_du_Gard_v2.0.md,13.7 Saint-Rémy — 유명인보다 생활도시로 보기,49,,
G409,D1-exact,1.0,source/CURRENT/10_Core/42_TP_Europe_Travel_Guidebook_Master_v1.4.md,14.1 숙소 평가 기준,31,,
G409,D1-exact,1.0,source/CURRENT/20_Regional_Chapters/09_Avignon_Alpilles_Pont_du_Gard_v1.6.md,14.1 숙소 평가 기준,31,,
G409,D1-exact,1.0,source/CURRENT/20_Regional_Chapters/09_Avignon_Alpilles_Pont_du_Gard_v2.0.md,14.1 숙소 평가 기준,31,,
G410,D1-exact,1.0,source/CURRENT/10_Core/42_TP_Europe_Travel_Guidebook_Master_v1.4.md,14.2 실제 숙소 후보,158,,
G410,D1-exact,1.0,source/CURRENT/20_Regional_Chapters/09_Avignon_Alpilles_Pont_du_Gard_v1.6.md,14.2 실제 숙소 후보,158,,
G410,D1-exact,1.0,source/CURRENT/20_Regional_Chapters/09_Avignon_Alpilles_Pont_du_Gard_v2.0.md,14.2 실제 숙소 후보,158,,
G411,D1-exact,1.0,source/CURRENT/10_Core/42_TP_Europe_Travel_Guidebook_Master_v1.4.md,14.3 최종 선택순서,42,,
G411,D1-exact,1.0,source/CURRENT/20_Regional_Chapters/09_Avignon_Alpilles_Pont_du_Gard_v1.6.md,14.3 최종 선택순서,42,,
G411,D1-exact,1.0,source/CURRENT/20_Regional_Chapters/09_Avignon_Alpilles_Pont_du_Gard_v2.0.md,14.3 최종 선택순서,42,,
G412,D1-exact,1.0,source/CURRENT/10_Core/42_TP_Europe_Travel_Guidebook_Master_v1.4.md,14.4 계획예산,40,,
G412,D1-exact,1.0,source/CURRENT/20_Regional_Chapters/09_Avignon_Alpilles_Pont_du_Gard_v1.6.md,14.4 계획예산,40,,
G412,D1-exact,1.0,source/CURRENT/20_Regional_Chapters/09_Avignon_Alpilles_Pont_du_Gard_v2.0.md,14.4 계획예산,40,,
G413,D1-exact,1.0,source/CURRENT/10_Core/42_TP_Europe_Travel_Guidebook_Master_v1.4.md,15.1 Avignon 저녁식당,99,,
G413,D1-exact,1.0,source/CURRENT/20_Regional_Chapters/09_Avignon_Alpilles_Pont_du_Gard_v1.6.md,15.1 Avignon 저녁식당,99,,
G413,D1-exact,1.0,source/CURRENT/20_Regional_Chapters/09_Avignon_Alpilles_Pont_du_Gard_v2.0.md,15.1 Avignon 저녁식당,99,,
G414,D1-exact,1.0,source/CURRENT/10_Core/42_TP_Europe_Travel_Guidebook_Master_v1.4.md,15.2 당일치기 점심전략,58,,
G414,D1-exact,1.0,source/CURRENT/20_Regional_Chapters/09_Avignon_Alpilles_Pont_du_Gard_v1.6.md,15.2 당일치기 점심전략,58,,
G414,D1-exact,1.0,source/CURRENT/20_Regional_Chapters/09_Avignon_Alpilles_Pont_du_Gard_v2.0.md,15.2 당일치기 점심전략,58,,
G415,D1-exact,1.0,source/CURRENT/10_Core/42_TP_Europe_Travel_Guidebook_Master_v1.4.md,15.3 꼭 먹어볼 것,50,,
G415,D1-exact,1.0,source/CURRENT/20_Regional_Chapters/09_Avignon_Alpilles_Pont_du_Gard_v1.6.md,15.3 꼭 먹어볼 것,50,,
G415,D1-exact,1.0,source/CURRENT/20_Regional_Chapters/09_Avignon_Alpilles_Pont_du_Gard_v2.0.md,15.3 꼭 먹어볼 것,50,,
G416,D1-exact,1.0,source/CURRENT/10_Core/42_TP_Europe_Travel_Guidebook_Master_v1.4.md,16.1 시장,45,,
G416,D1-exact,1.0,source/CURRENT/20_Regional_Chapters/09_Avignon_Alpilles_Pont_du_Gard_v1.6.md,16.1 시장,45,,
G416,D1-exact,1.0,source/CURRENT/20_Regional_Chapters/09_Avignon_Alpilles_Pont_du_Gard_v2.0.md,16.1 시장,45,,
G417,D1-exact,1.0,source/CURRENT/10_Core/42_TP_Europe_Travel_Guidebook_Master_v1.4.md,16.2 살 것,27,,
G417,D1-exact,1.0,source/CURRENT/20_Regional_Chapters/09_Avignon_Alpilles_Pont_du_Gard_v1.6.md,16.2 살 것,27,,
G417,D1-exact,1.0,source/CURRENT/20_Regional_Chapters/09_Avignon_Alpilles_Pont_du_Gard_v2.0.md,16.2 살 것,27,,
G418,D1-exact,1.0,source/CURRENT/10_Core/42_TP_Europe_Travel_Guidebook_Master_v1.4.md,16.3 슈퍼전략,26,,
G418,D1-exact,1.0,source/CURRENT/20_Regional_Chapters/09_Avignon_Alpilles_Pont_du_Gard_v1.6.md,16.3 슈퍼전략,26,,
G418,D1-exact,1.0,source/CURRENT/20_Regional_Chapters/09_Avignon_Alpilles_Pont_du_Gard_v2.0.md,16.3 슈퍼전략,26,,
G419,D1-exact,1.0,source/CURRENT/10_Core/42_TP_Europe_Travel_Guidebook_Master_v1.4.md,17.1 Jason 러닝,54,,
G419,D1-exact,1.0,source/CURRENT/20_Regional_Chapters/09_Avignon_Alpilles_Pont_du_Gard_v1.6.md,17.1 Jason 러닝,54,,
G419,D1-exact,1.0,source/CURRENT/20_Regional_Chapters/09_Avignon_Alpilles_Pont_du_Gard_v2.0.md,17.1 Jason 러닝,54,,
G420,D1-exact,1.0,source/CURRENT/10_Core/42_TP_Europe_Travel_Guidebook_Master_v1.4.md,17.2 Julia 수영 선택,35,,
G420,D1-exact,1.0,source/CURRENT/20_Regional_Chapters/09_Avignon_Alpilles_Pont_du_Gard_v1.6.md,17.2 Julia 수영 선택,35,,
G420,D1-exact,1.0,source/CURRENT/20_Regional_Chapters/09_Avignon_Alpilles_Pont_du_Gard_v2.0.md,17.2 Julia 수영 선택,35,,
G421,D1-exact,1.0,source/CURRENT/10_Core/42_TP_Europe_Travel_Guidebook_Master_v1.4.md,18.1 Avignon Musées Nocturne — 9월 17일,29,,
G421,D1-exact,1.0,source/CURRENT/20_Regional_Chapters/09_Avignon_Alpilles_Pont_du_Gard_v1.6.md,18.1 Avignon Musées Nocturne — 9월 17일,29,,
G421,D1-exact,1.0,source/CURRENT/20_Regional_Chapters/09_Avignon_Alpilles_Pont_du_Gard_v2.0.md,18.1 Avignon Musées Nocturne — 9월 17일,29,,
G422,D1-exact,1.0,source/CURRENT/10_Core/42_TP_Europe_Travel_Guidebook_Master_v1.4.md,18.2 Journées européennes du patrimoine — 9월 19–20일,42,,
G422,D1-exact,1.0,source/CURRENT/20_Regional_Chapters/09_Avignon_Alpilles_Pont_du_Gard_v1.6.md,18.2 Journées européennes du patrimoine — 9월 19–20일,42,,
G422,D1-exact,1.0,source/CURRENT/20_Regional_Chapters/09_Avignon_Alpilles_Pont_du_Gard_v2.0.md,18.2 Journées européennes du patrimoine — 9월 19–20일,42,,
G423,D1-exact,1.0,source/CURRENT/10_Core/42_TP_Europe_Travel_Guidebook_Master_v1.4.md,18.3 Pont du Gard 조명,27,,
G423,D1-exact,1.0,source/CURRENT/20_Regional_Chapters/09_Avignon_Alpilles_Pont_du_Gard_v1.6.md,18.3 Pont du Gard 조명,27,,
G423,D1-exact,1.0,source/CURRENT/20_Regional_Chapters/09_Avignon_Alpilles_Pont_du_Gard_v2.0.md,18.3 Pont du Gard 조명,27,,
G424,D1-exact,1.0,source/CURRENT/10_Core/42_TP_Europe_Travel_Guidebook_Master_v1.4.md,18.4 Carrières des Lumières 2026,34,,
G424,D1-exact,1.0,source/CURRENT/20_Regional_Chapters/09_Avignon_Alpilles_Pont_du_Gard_v1.6.md,18.4 Carrières des Lumières 2026,34,,
G424,D1-exact,1.0,source/CURRENT/20_Regional_Chapters/09_Avignon_Alpilles_Pont_du_Gard_v2.0.md,18.4 Carrières des Lumières 2026,34,,
G425,D1-exact,1.0,source/CURRENT/10_Core/42_TP_Europe_Travel_Guidebook_Master_v1.4.md,19.1 Avignon 주차 기본,49,,
G425,D1-exact,1.0,source/CURRENT/20_Regional_Chapters/09_Avignon_Alpilles_Pont_du_Gard_v1.6.md,19.1 Avignon 주차 기본,49,,
G425,D1-exact,1.0,source/CURRENT/20_Regional_Chapters/09_Avignon_Alpilles_Pont_du_Gard_v2.0.md,19.1 Avignon 주차 기본,49,,
G426,D1-exact,1.0,source/CURRENT/10_Core/42_TP_Europe_Travel_Guidebook_Master_v1.4.md,19.2 차량 내 짐,33,,
G426,D1-exact,1.0,source/CURRENT/20_Regional_Chapters/09_Avignon_Alpilles_Pont_du_Gard_v1.6.md,19.2 차량 내 짐,33,,
G426,D1-exact,1.0,source/CURRENT/20_Regional_Chapters/09_Avignon_Alpilles_Pont_du_Gard_v2.0.md,19.2 차량 내 짐,33,,
G427,D1-exact,1.0,source/CURRENT/10_Core/42_TP_Europe_Travel_Guidebook_Master_v1.4.md,19.3 Uzès·Pont·Alpilles 주차,34,,
G427,D1-exact,1.0,source/CURRENT/20_Regional_Chapters/09_Avignon_Alpilles_Pont_du_Gard_v1.6.md,19.3 Uzès·Pont·Alpilles 주차,34,,
G427,D1-exact,1.0,source/CURRENT/20_Regional_Chapters/09_Avignon_Alpilles_Pont_du_Gard_v2.0.md,19.3 Uzès·Pont·Alpilles 주차,34,,
G428,D1-exact,1.0,source/CURRENT/10_Core/42_TP_Europe_Travel_Guidebook_Master_v1.4.md,20.4 9/20 Alpilles,28,,
G428,D1-exact,1.0,source/CURRENT/20_Regional_Chapters/09_Avignon_Alpilles_Pont_du_Gard_v1.6.md,20.4 9/20 Alpilles,28,,
G428,D1-exact,1.0,source/CURRENT/20_Regional_Chapters/09_Avignon_Alpilles_Pont_du_Gard_v2.0.md,20.4 9/20 Alpilles,28,,
G429,D1-exact,1.0,source/CURRENT/10_Core/42_TP_Europe_Travel_Guidebook_Master_v1.4.md,21. 예약카드,83,,
G429,D1-exact,1.0,source/CURRENT/20_Regional_Chapters/09_Avignon_Alpilles_Pont_du_Gard_v1.6.md,21. 예약카드,83,,
G429,D1-exact,1.0,source/CURRENT/20_Regional_Chapters/09_Avignon_Alpilles_Pont_du_Gard_v2.0.md,21. 예약카드,83,,
G430,D1-exact,1.0,source/CURRENT/10_Core/42_TP_Europe_Travel_Guidebook_Master_v1.4.md,22. 출발 전 확인목록,107,,
G430,D1-exact,1.0,source/CURRENT/20_Regional_Chapters/09_Avignon_Alpilles_Pont_du_Gard_v1.6.md,22. 출발 전 확인목록,107,,
G430,D1-exact,1.0,source/CURRENT/20_Regional_Chapters/09_Avignon_Alpilles_Pont_du_Gard_v2.0.md,22. 출발 전 확인목록,107,,
G431,D1-exact,1.0,source/CURRENT/10_Core/42_TP_Europe_Travel_Guidebook_Master_v1.4.md,Palais des Papes — 방의 장식보다 ‘거대한 행정기계’로 본다,50,,
G431,D1-exact,1.0,source/CURRENT/20_Regional_Chapters/09_Avignon_Alpilles_Pont_du_Gard_v1.6.md,Palais des Papes — 방의 장식보다 ‘거대한 행정기계’로 본다,50,,
G431,D1-exact,1.0,source/CURRENT/20_Regional_Chapters/09_Avignon_Alpilles_Pont_du_Gard_v2.0.md,Palais des Papes — 방의 장식보다 ‘거대한 행정기계’로 본다,50,,
G432,D1-exact,1.0,source/CURRENT/10_Core/42_TP_Europe_Travel_Guidebook_Master_v1.4.md,Uzès — 시장이 광장을 도시의 거실로 바꾸는 날,27,,
G432,D1-exact,1.0,source/CURRENT/20_Regional_Chapters/09_Avignon_Alpilles_Pont_du_Gard_v1.6.md,Uzès — 시장이 광장을 도시의 거실로 바꾸는 날,27,,
G432,D1-exact,1.0,source/CURRENT/20_Regional_Chapters/09_Avignon_Alpilles_Pont_du_Gard_v2.0.md,Uzès — 시장이 광장을 도시의 거실로 바꾸는 날,27,,
G433,D1-exact,1.0,source/CURRENT/10_Core/42_TP_Europe_Travel_Guidebook_Master_v1.4.md,Pont du Gard — 다리를 가까이 보기 전에 물의 길을 상상한다,39,,
G433,D1-exact,1.0,source/CURRENT/20_Regional_Chapters/09_Avignon_Alpilles_Pont_du_Gard_v1.6.md,Pont du Gard — 다리를 가까이 보기 전에 물의 길을 상상한다,39,,
G433,D1-exact,1.0,source/CURRENT/20_Regional_Chapters/09_Avignon_Alpilles_Pont_du_Gard_v2.0.md,Pont du Gard — 다리를 가까이 보기 전에 물의 길을 상상한다,39,,
G434,D1-exact,1.0,source/CURRENT/10_Core/42_TP_Europe_Travel_Guidebook_Master_v1.4.md,꼭 체험할 것,62,,
G434,D1-exact,1.0,source/CURRENT/20_Regional_Chapters/09_Avignon_Alpilles_Pont_du_Gard_v1.6.md,꼭 체험할 것,62,,
G434,D1-exact,1.0,source/CURRENT/20_Regional_Chapters/09_Avignon_Alpilles_Pont_du_Gard_v2.0.md,꼭 체험할 것,62,,
G435,D1-exact,1.0,source/CURRENT/10_Core/42_TP_Europe_Travel_Guidebook_Master_v1.4.md,현장 선택 규칙,48,,
G435,D1-exact,1.0,source/CURRENT/20_Regional_Chapters/09_Avignon_Alpilles_Pont_du_Gard_v1.6.md,현장 선택 규칙,48,,
G435,D1-exact,1.0,source/CURRENT/20_Regional_Chapters/09_Avignon_Alpilles_Pont_du_Gard_v2.0.md,현장 선택 규칙,48,,
G436,D1-exact,1.0,source/CURRENT/10_Core/42_TP_Europe_Travel_Guidebook_Master_v1.4.md,숙소·식당,56,,
G436,D1-exact,1.0,source/CURRENT/20_Regional_Chapters/09_Avignon_Alpilles_Pont_du_Gard_v1.6.md,숙소·식당,56,,
G436,D1-exact,1.0,source/CURRENT/20_Regional_Chapters/09_Avignon_Alpilles_Pont_du_Gard_v2.0.md,숙소·식당,56,,
G437,D1-exact,1.0,source/CURRENT/10_Core/42_TP_Europe_Travel_Guidebook_Master_v1.4.md,9/17 L’Isle-sur-la-Sorgue → Avignon,38,,
G437,D1-exact,1.0,source/CURRENT/20_Regional_Chapters/09_Avignon_Alpilles_Pont_du_Gard_v1.6.md,9/17 L’Isle-sur-la-Sorgue → Avignon,38,,
G437,D1-exact,1.0,source/CURRENT/20_Regional_Chapters/09_Avignon_Alpilles_Pont_du_Gard_v2.0.md,9/17 L’Isle-sur-la-Sorgue → Avignon,38,,
G437,D1-exact,1.0,source/CURRENT/30_Reader_Edition/09_Avignon_Alpilles_Pont_du_Gard_Reader_v1.6.md,9/17 L’Isle-sur-la-Sorgue → Avignon,38,,
G438,D1-exact,1.0,source/CURRENT/10_Core/42_TP_Europe_Travel_Guidebook_Master_v1.4.md,9/18 Avignon 핵심,39,,
G438,D1-exact,1.0,source/CURRENT/20_Regional_Chapters/09_Avignon_Alpilles_Pont_du_Gard_v1.6.md,9/18 Avignon 핵심,39,,
G438,D1-exact,1.0,source/CURRENT/20_Regional_Chapters/09_Avignon_Alpilles_Pont_du_Gard_v2.0.md,9/18 Avignon 핵심,39,,
G438,D1-exact,1.0,source/CURRENT/30_Reader_Edition/09_Avignon_Alpilles_Pont_du_Gard_Reader_v1.6.md,9/18 Avignon 핵심,39,,
G439,D1-exact,1.0,source/CURRENT/10_Core/42_TP_Europe_Travel_Guidebook_Master_v1.4.md,9/19 Uzès 토요시장 → Pont du Gard,70,,
G439,D1-exact,1.0,source/CURRENT/20_Regional_Chapters/09_Avignon_Alpilles_Pont_du_Gard_v1.6.md,9/19 Uzès 토요시장 → Pont du Gard,70,,
G439,D1-exact,1.0,source/CURRENT/20_Regional_Chapters/09_Avignon_Alpilles_Pont_du_Gard_v2.0.md,9/19 Uzès 토요시장 → Pont du Gard,70,,
G439,D1-exact,1.0,source/CURRENT/30_Reader_Edition/09_Avignon_Alpilles_Pont_du_Gard_Reader_v1.6.md,9/19 Uzès 토요시장 → Pont du Gard,70,,
G440,D1-exact,1.0,source/CURRENT/10_Core/42_TP_Europe_Travel_Guidebook_Master_v1.4.md,9/20 Les Baux → Saint-Rémy,47,,
G440,D1-exact,1.0,source/CURRENT/20_Regional_Chapters/09_Avignon_Alpilles_Pont_du_Gard_v1.6.md,9/20 Les Baux → Saint-Rémy,47,,
G440,D1-exact,1.0,source/CURRENT/20_Regional_Chapters/09_Avignon_Alpilles_Pont_du_Gard_v2.0.md,9/20 Les Baux → Saint-Rémy,47,,
G440,D1-exact,1.0,source/CURRENT/30_Reader_Edition/09_Avignon_Alpilles_Pont_du_Gard_Reader_v1.6.md,9/20 Les Baux → Saint-Rémy,47,,
G441,D1-exact,1.0,source/CURRENT/10_Core/42_TP_Europe_Travel_Guidebook_Master_v1.4.md,"두 강의 도시, 르네상스 골목, 비단언덕과 알프스 호수",186,,
G441,D1-exact,1.0,source/CURRENT/20_Regional_Chapters/10_Lyon_v1.7.md,"두 강의 도시, 르네상스 골목, 비단언덕과 알프스 호수",186,,
G441,D1-exact,1.0,source/CURRENT/20_Regional_Chapters/10_Lyon_v2.0.md,"두 강의 도시, 르네상스 골목, 비단언덕과 알프스 호수",186,,
G441,D1-exact,1.0,source/CURRENT/30_Reader_Edition/10_Lyon_Reader_v1.7.md,"두 강의 도시, 르네상스 골목, 비단언덕과 알프스 호수",186,,
G442,D1-exact,1.0,source/CURRENT/10_Core/42_TP_Europe_Travel_Guidebook_Master_v1.4.md,1. 한눈에 보는 실행 요약,192,,
G442,D1-exact,1.0,source/CURRENT/20_Regional_Chapters/10_Lyon_v1.7.md,1. 한눈에 보는 실행 요약,192,,
G442,D1-exact,1.0,source/CURRENT/20_Regional_Chapters/10_Lyon_v2.0.md,1. 한눈에 보는 실행 요약,192,,
G442,D1-exact,1.0,source/CURRENT/30_Reader_Edition/10_Lyon_Reader_v1.7.md,1. 한눈에 보는 실행 요약,192,,
G443,D1-exact,1.0,source/CURRENT/10_Core/42_TP_Europe_Travel_Guidebook_Master_v1.4.md,일정의 핵심 논리,60,,
G443,D1-exact,1.0,source/CURRENT/20_Regional_Chapters/10_Lyon_v1.7.md,일정의 핵심 논리,60,,
G443,D1-exact,1.0,source/CURRENT/20_Regional_Chapters/10_Lyon_v2.0.md,일정의 핵심 논리,60,,
G443,D1-exact,1.0,source/CURRENT/30_Reader_Edition/10_Lyon_Reader_v1.7.md,일정의 핵심 논리,60,,
G444,D1-exact,1.0,source/CURRENT/10_Core/42_TP_Europe_Travel_Guidebook_Master_v1.4.md,{{VISUAL:VIS-MAP-030|type=map|status=linked|strategy=execution-map}} 숙소 권역과 야간 귀가 안전 동선 지도,28,,
G444,D1-exact,1.0,source/CURRENT/20_Regional_Chapters/10_Lyon_v1.7.md,{{VISUAL:VIS-MAP-056|type=map|status=linked|strategy=execution-map}} 숙소 권역과 야간 귀가 안전 동선 지도,28,,
G444,D1-exact,1.0,source/CURRENT/20_Regional_Chapters/10_Lyon_v2.0.md,{{VISUAL:VIS-MAP-056|type=map|status=linked|strategy=execution-map}} 숙소 권역과 야간 귀가 안전 동선 지도,28,,
G444,D1-exact,1.0,source/CURRENT/30_Reader_Edition/10_Lyon_Reader_v1.7.md,{{VISUAL:VIS-MAP-003|type=map|status=linked|strategy=execution-map}} 숙소 권역과 야간 귀가 안전 동선 지도,28,,
G445,D1-exact,1.0,source/CURRENT/10_Core/42_TP_Europe_Travel_Guidebook_Master_v1.4.md,3. 날짜별 확정 일정,63,,
G445,D1-exact,1.0,source/CURRENT/20_Regional_Chapters/10_Lyon_v1.7.md,3. 날짜별 확정 일정,63,,
G445,D1-exact,1.0,source/CURRENT/20_Regional_Chapters/10_Lyon_v2.0.md,3. 날짜별 확정 일정,63,,
G445,D1-exact,1.0,source/CURRENT/30_Reader_Edition/10_Lyon_Reader_v1.7.md,3. 날짜별 확정 일정,63,,
G446,D1-exact,1.0,source/CURRENT/10_Core/42_TP_Europe_Travel_Guidebook_Master_v1.4.md,4.1 “프랑스 범죄율 1위”라는 주장에 대한 판단,161,,
G446,D1-exact,1.0,source/CURRENT/20_Regional_Chapters/10_Lyon_v1.7.md,4.1 “프랑스 범죄율 1위”라는 주장에 대한 판단,161,,
G446,D1-exact,1.0,source/CURRENT/20_Regional_Chapters/10_Lyon_v2.0.md,4.1 “프랑스 범죄율 1위”라는 주장에 대한 판단,161,,
G446,D1-exact,1.0,source/CURRENT/30_Reader_Edition/10_Lyon_Reader_v1.7.md,4.1 “프랑스 범죄율 1위”라는 주장에 대한 판단,161,,
G447,D1-exact,1.0,source/CURRENT/10_Core/42_TP_Europe_Travel_Guidebook_Master_v1.4.md,4.2 숙소계획에 반영한 원칙,94,,
G447,D1-exact,1.0,source/CURRENT/20_Regional_Chapters/10_Lyon_v1.7.md,4.2 숙소계획에 반영한 원칙,94,,
G447,D1-exact,1.0,source/CURRENT/20_Regional_Chapters/10_Lyon_v2.0.md,4.2 숙소계획에 반영한 원칙,94,,
G447,D1-exact,1.0,source/CURRENT/30_Reader_Edition/10_Lyon_Reader_v1.7.md,4.2 숙소계획에 반영한 원칙,94,,
G448,D1-exact,1.0,source/CURRENT/10_Core/42_TP_Europe_Travel_Guidebook_Master_v1.4.md,4.3 관광·교통계획에 반영한 원칙,68,,
G448,D1-exact,1.0,source/CURRENT/20_Regional_Chapters/10_Lyon_v1.7.md,4.3 관광·교통계획에 반영한 원칙,68,,
G448,D1-exact,1.0,source/CURRENT/20_Regional_Chapters/10_Lyon_v2.0.md,4.3 관광·교통계획에 반영한 원칙,68,,
G448,D1-exact,1.0,source/CURRENT/30_Reader_Edition/10_Lyon_Reader_v1.7.md,4.3 관광·교통계획에 반영한 원칙,68,,
G449,D1-exact,1.0,source/CURRENT/10_Core/42_TP_Europe_Travel_Guidebook_Master_v1.4.md,이동 권장안,212,,
G449,D1-exact,1.0,source/CURRENT/20_Regional_Chapters/10_Lyon_v1.7.md,이동 권장안,212,,
G449,D1-exact,1.0,source/CURRENT/20_Regional_Chapters/10_Lyon_v2.0.md,이동 권장안,212,,
G449,D1-exact,1.0,source/CURRENT/30_Reader_Edition/10_Lyon_Reader_v1.7.md,이동 권장안,212,,
G450,D1-exact,1.0,source/CURRENT/10_Core/42_TP_Europe_Travel_Guidebook_Master_v1.4.md,꼭 해볼 것,31,,
G450,D1-exact,1.0,source/CURRENT/20_Regional_Chapters/10_Lyon_v1.7.md,꼭 해볼 것,31,,
G450,D1-exact,1.0,source/CURRENT/20_Regional_Chapters/10_Lyon_v2.0.md,꼭 해볼 것,31,,
G450,D1-exact,1.0,source/CURRENT/30_Reader_Edition/10_Lyon_Reader_v1.7.md,꼭 해볼 것,31,,
G451,D1-exact,1.0,source/CURRENT/10_Core/42_TP_Europe_Travel_Guidebook_Master_v1.4.md,{{VISUAL:VIS-PHOTO-048|type=diagram|status=editorial-ready|strategy=generated-diagram}} Vieux Lyon 르네상스 안뜰과 traboule,213,,
G451,D1-exact,1.0,source/CURRENT/20_Regional_Chapters/10_Lyon_v1.7.md,{{VISUAL:VIS-PHOTO-107|type=diagram|status=editorial-ready|strategy=generated-diagram}} Vieux Lyon 르네상스 안뜰과 traboule,213,,
G451,D1-exact,1.0,source/CURRENT/20_Regional_Chapters/10_Lyon_v2.0.md,{{VISUAL:VIS-PHOTO-107|type=diagram|status=editorial-ready|strategy=generated-diagram}} Vieux Lyon 르네상스 안뜰과 traboule,213,,
G451,D1-exact,1.0,source/CURRENT/30_Reader_Edition/10_Lyon_Reader_v1.7.md,{{VISUAL:VIS-PHOTO-005|type=diagram|status=editorial-ready|strategy=generated-diagram}} Vieux Lyon 르네상스 안뜰과 traboule,213,,
G452,D1-exact,1.0,source/CURRENT/10_Core/42_TP_Europe_Travel_Guidebook_Master_v1.4.md,오늘의 필수·선택,35,,
G452,D1-exact,1.0,source/CURRENT/20_Regional_Chapters/10_Lyon_v1.7.md,오늘의 필수·선택,35,,
G452,D1-exact,1.0,source/CURRENT/20_Regional_Chapters/10_Lyon_v2.0.md,오늘의 필수·선택,35,,
G452,D1-exact,1.0,source/CURRENT/30_Reader_Edition/10_Lyon_Reader_v1.7.md,오늘의 필수·선택,35,,
G453,D1-exact,1.0,source/CURRENT/10_Core/42_TP_Europe_Travel_Guidebook_Master_v1.4.md,꼭 해볼 것,31,,
G453,D1-exact,1.0,source/CURRENT/20_Regional_Chapters/10_Lyon_v1.7.md,꼭 해볼 것,31,,
G453,D1-exact,1.0,source/CURRENT/20_Regional_Chapters/10_Lyon_v2.0.md,꼭 해볼 것,31,,
G453,D1-exact,1.0,source/CURRENT/30_Reader_Edition/10_Lyon_Reader_v1.7.md,꼭 해볼 것,31,,
G454,D1-exact,1.0,source/CURRENT/10_Core/42_TP_Europe_Travel_Guidebook_Master_v1.4.md,{{VISUAL:VIS-PHOTO-051|type=photo|status=pre-publication|strategy=licensed-or-direct}} Halles Paul Bocuse의 치즈·샤퀴테리 진열,202,,
G454,D1-exact,1.0,source/CURRENT/20_Regional_Chapters/10_Lyon_v1.7.md,{{VISUAL:VIS-PHOTO-110|type=photo|status=pre-publication|strategy=licensed-or-direct}} Halles Paul Bocuse의 치즈·샤퀴테리 진열,202,,
G454,D1-exact,1.0,source/CURRENT/20_Regional_Chapters/10_Lyon_v2.0.md,{{VISUAL:VIS-PHOTO-110|type=photo|status=pre-publication|strategy=licensed-or-direct}} Halles Paul Bocuse의 치즈·샤퀴테리 진열,202,,
G454,D1-exact,1.0,source/CURRENT/30_Reader_Edition/10_Lyon_Reader_v1.7.md,{{VISUAL:VIS-PHOTO-008|type=photo|status=pre-publication|strategy=licensed-or-direct}} Halles Paul Bocuse의 치즈·샤퀴테리 진열,202,,
G455,D1-exact,1.0,source/CURRENT/10_Core/42_TP_Europe_Travel_Guidebook_Master_v1.4.md,꼭 해볼 것,26,,
G455,D1-exact,1.0,source/CURRENT/20_Regional_Chapters/10_Lyon_v1.7.md,꼭 해볼 것,26,,
G455,D1-exact,1.0,source/CURRENT/20_Regional_Chapters/10_Lyon_v2.0.md,꼭 해볼 것,26,,
G455,D1-exact,1.0,source/CURRENT/30_Reader_Edition/10_Lyon_Reader_v1.7.md,꼭 해볼 것,26,,
G456,D1-exact,1.0,source/CURRENT/10_Core/42_TP_Europe_Travel_Guidebook_Master_v1.4.md,선택 모듈,44,,
G456,D1-exact,1.0,source/CURRENT/20_Regional_Chapters/10_Lyon_v1.7.md,선택 모듈,44,,
G456,D1-exact,1.0,source/CURRENT/20_Regional_Chapters/10_Lyon_v2.0.md,선택 모듈,44,,
G456,D1-exact,1.0,source/CURRENT/30_Reader_Edition/10_Lyon_Reader_v1.7.md,선택 모듈,44,,
G457,D1-exact,1.0,source/CURRENT/10_Core/42_TP_Europe_Travel_Guidebook_Master_v1.4.md,{{VISUAL:VIS-PHOTO-054|type=photo|status=pre-publication|strategy=licensed-or-direct}} Annecy 호수 1시간 크루즈,248,,
G457,D1-exact,1.0,source/CURRENT/20_Regional_Chapters/10_Lyon_v1.7.md,{{VISUAL:VIS-PHOTO-113|type=photo|status=pre-publication|strategy=licensed-or-direct}} Annecy 호수 1시간 크루즈,248,,
G457,D1-exact,1.0,source/CURRENT/20_Regional_Chapters/10_Lyon_v2.0.md,{{VISUAL:VIS-PHOTO-113|type=photo|status=pre-publication|strategy=licensed-or-direct}} Annecy 호수 1시간 크루즈,248,,
G457,D1-exact,1.0,source/CURRENT/30_Reader_Edition/10_Lyon_Reader_v1.7.md,{{VISUAL:VIS-PHOTO-011|type=photo|status=pre-publication|strategy=licensed-or-direct}} Annecy 호수 1시간 크루즈,248,,
G458,D1-exact,1.0,source/CURRENT/10_Core/42_TP_Europe_Travel_Guidebook_Master_v1.4.md,중요한 요일 정보,43,,
G458,D1-exact,1.0,source/CURRENT/20_Regional_Chapters/10_Lyon_v1.7.md,중요한 요일 정보,43,,
G458,D1-exact,1.0,source/CURRENT/20_Regional_Chapters/10_Lyon_v2.0.md,중요한 요일 정보,43,,
G458,D1-exact,1.0,source/CURRENT/30_Reader_Edition/10_Lyon_Reader_v1.7.md,중요한 요일 정보,43,,
G459,D1-exact,1.0,source/CURRENT/10_Core/42_TP_Europe_Travel_Guidebook_Master_v1.4.md,안시에서 꼭 해볼 것,49,,
G459,D1-exact,1.0,source/CURRENT/20_Regional_Chapters/10_Lyon_v1.7.md,안시에서 꼭 해볼 것,49,,
G459,D1-exact,1.0,source/CURRENT/20_Regional_Chapters/10_Lyon_v2.0.md,안시에서 꼭 해볼 것,49,,
G459,D1-exact,1.0,source/CURRENT/30_Reader_Edition/10_Lyon_Reader_v1.7.md,안시에서 꼭 해볼 것,49,,
G460,D1-exact,1.0,source/CURRENT/10_Core/42_TP_Europe_Travel_Guidebook_Master_v1.4.md,점심 후보,45,,
G460,D1-exact,1.0,source/CURRENT/20_Regional_Chapters/10_Lyon_v1.7.md,점심 후보,45,,
G460,D1-exact,1.0,source/CURRENT/20_Regional_Chapters/10_Lyon_v2.0.md,점심 후보,45,,
G460,D1-exact,1.0,source/CURRENT/30_Reader_Edition/10_Lyon_Reader_v1.7.md,점심 후보,45,,
G461,D1-exact,1.0,source/CURRENT/10_Core/42_TP_Europe_Travel_Guidebook_Master_v1.4.md,우천·지연 대체안,36,,
G461,D1-exact,1.0,source/CURRENT/20_Regional_Chapters/10_Lyon_v1.7.md,우천·지연 대체안,36,,
G461,D1-exact,1.0,source/CURRENT/20_Regional_Chapters/10_Lyon_v2.0.md,우천·지연 대체안,36,,
G461,D1-exact,1.0,source/CURRENT/30_Reader_Edition/10_Lyon_Reader_v1.7.md,우천·지연 대체안,36,,
G462,D1-exact,1.0,source/CURRENT/10_Core/42_TP_Europe_Travel_Guidebook_Master_v1.4.md,"생활권의 마지막 아침, Part-Dieu에서 파리 이동",97,,
G462,D1-exact,1.0,source/CURRENT/20_Regional_Chapters/10_Lyon_v1.7.md,"생활권의 마지막 아침, Part-Dieu에서 파리 이동",97,,
G462,D1-exact,1.0,source/CURRENT/20_Regional_Chapters/10_Lyon_v2.0.md,"생활권의 마지막 아침, Part-Dieu에서 파리 이동",97,,
G462,D1-exact,1.0,source/CURRENT/30_Reader_Edition/10_Lyon_Reader_v1.7.md,"생활권의 마지막 아침, Part-Dieu에서 파리 이동",97,,
G463,D1-exact,1.0,source/CURRENT/10_Core/42_TP_Europe_Travel_Guidebook_Master_v1.4.md,10. 피로도·삭제 우선순위,39,,
G463,D1-exact,1.0,source/CURRENT/20_Regional_Chapters/10_Lyon_v1.7.md,10. 피로도·삭제 우선순위,39,,
G463,D1-exact,1.0,source/CURRENT/20_Regional_Chapters/10_Lyon_v2.0.md,10. 피로도·삭제 우선순위,39,,
G463,D1-exact,1.0,source/CURRENT/30_Reader_Edition/10_Lyon_Reader_v1.7.md,10. 피로도·삭제 우선순위,39,,
G464,D1-exact,1.0,source/CURRENT/10_Core/42_TP_Europe_Travel_Guidebook_Master_v1.4.md,11. 문전 이동과 교통 실행표,91,,
G464,D1-exact,1.0,source/CURRENT/20_Regional_Chapters/10_Lyon_v1.7.md,11. 문전 이동과 교통 실행표,91,,
G464,D1-exact,1.0,source/CURRENT/20_Regional_Chapters/10_Lyon_v2.0.md,11. 문전 이동과 교통 실행표,91,,
G464,D1-exact,1.0,source/CURRENT/30_Reader_Edition/10_Lyon_Reader_v1.7.md,11. 문전 이동과 교통 실행표,91,,
G465,D1-exact,1.0,source/CURRENT/10_Core/42_TP_Europe_Travel_Guidebook_Master_v1.4.md,TCL 이용 판단,41,,
G465,D1-exact,1.0,source/CURRENT/20_Regional_Chapters/10_Lyon_v1.7.md,TCL 이용 판단,41,,
G465,D1-exact,1.0,source/CURRENT/20_Regional_Chapters/10_Lyon_v2.0.md,TCL 이용 판단,41,,
G465,D1-exact,1.0,source/CURRENT/30_Reader_Edition/10_Lyon_Reader_v1.7.md,TCL 이용 판단,41,,
G466,D1-exact,1.0,source/CURRENT/10_Core/42_TP_Europe_Travel_Guidebook_Master_v1.4.md,12. 예약 우선순위,98,,
G466,D1-exact,1.0,source/CURRENT/20_Regional_Chapters/10_Lyon_v1.7.md,12. 예약 우선순위,98,,
G466,D1-exact,1.0,source/CURRENT/20_Regional_Chapters/10_Lyon_v2.0.md,12. 예약 우선순위,98,,
G467,D1-exact,1.0,source/CURRENT/10_Core/42_TP_Europe_Travel_Guidebook_Master_v1.4.md,12A. Pass C 실행성 감사 — 4박 5일을 무리 없이 연결하는 기준,240,,
G467,D1-exact,1.0,source/CURRENT/20_Regional_Chapters/10_Lyon_v1.7.md,12A. Pass C 실행성 감사 — 4박 5일을 무리 없이 연결하는 기준,240,,
G467,D1-exact,1.0,source/CURRENT/20_Regional_Chapters/10_Lyon_v2.0.md,12A. Pass C 실행성 감사 — 4박 5일을 무리 없이 연결하는 기준,240,,
G468,D1-exact,1.0,source/CURRENT/10_Core/42_TP_Europe_Travel_Guidebook_Master_v1.4.md,전환일 운영 규칙,96,,
G468,D1-exact,1.0,source/CURRENT/20_Regional_Chapters/10_Lyon_v1.7.md,전환일 운영 규칙,96,,
G468,D1-exact,1.0,source/CURRENT/20_Regional_Chapters/10_Lyon_v2.0.md,전환일 운영 규칙,96,,
G469,D1-exact,1.0,source/CURRENT/10_Core/42_TP_Europe_Travel_Guidebook_Master_v1.4.md,12B. Lyon 구간 최종 의사결정 게이트,76,,
G469,D1-exact,1.0,source/CURRENT/20_Regional_Chapters/10_Lyon_v1.7.md,12B. Lyon 구간 최종 의사결정 게이트,76,,
G469,D1-exact,1.0,source/CURRENT/20_Regional_Chapters/10_Lyon_v2.0.md,12B. Lyon 구간 최종 의사결정 게이트,76,,
G470,D1-exact,1.0,source/CURRENT/10_Core/42_TP_Europe_Travel_Guidebook_Master_v1.4.md,13.1 Fourvière — 로마도시와 종교언덕,25,,
G470,D1-exact,1.0,source/CURRENT/20_Regional_Chapters/10_Lyon_v1.7.md,13.1 Fourvière — 로마도시와 종교언덕,25,,
G470,D1-exact,1.0,source/CURRENT/20_Regional_Chapters/10_Lyon_v2.0.md,13.1 Fourvière — 로마도시와 종교언덕,25,,
G471,D1-exact,1.0,source/CURRENT/10_Core/42_TP_Europe_Travel_Guidebook_Master_v1.4.md,13.2 Vieux Lyon — 르네상스 국제상업도시,26,,
G471,D1-exact,1.0,source/CURRENT/20_Regional_Chapters/10_Lyon_v1.7.md,13.2 Vieux Lyon — 르네상스 국제상업도시,26,,
G471,D1-exact,1.0,source/CURRENT/20_Regional_Chapters/10_Lyon_v2.0.md,13.2 Vieux Lyon — 르네상스 국제상업도시,26,,
G472,D1-exact,1.0,source/CURRENT/10_Core/42_TP_Europe_Travel_Guidebook_Master_v1.4.md,14. 동네별 성격·숙소 적합성·안전 고려,143,,
G472,D1-exact,1.0,source/CURRENT/20_Regional_Chapters/10_Lyon_v1.7.md,14. 동네별 성격·숙소 적합성·안전 고려,143,,
G472,D1-exact,1.0,source/CURRENT/20_Regional_Chapters/10_Lyon_v2.0.md,14. 동네별 성격·숙소 적합성·안전 고려,143,,
G473,D1-exact,1.0,source/CURRENT/10_Core/42_TP_Europe_Travel_Guidebook_Master_v1.4.md,숙소의 필수 확인사항,34,,
G473,D1-exact,1.0,source/CURRENT/20_Regional_Chapters/10_Lyon_v1.7.md,숙소의 필수 확인사항,34,,
G473,D1-exact,1.0,source/CURRENT/20_Regional_Chapters/10_Lyon_v2.0.md,숙소의 필수 확인사항,34,,
G474,D1-exact,1.0,source/CURRENT/10_Core/42_TP_Europe_Travel_Guidebook_Master_v1.4.md,15. 추천등급,136,,
G474,D1-exact,1.0,source/CURRENT/20_Regional_Chapters/10_Lyon_v1.7.md,15. 추천등급,136,,
G474,D1-exact,1.0,source/CURRENT/20_Regional_Chapters/10_Lyon_v2.0.md,15. 추천등급,136,,
G475,D1-exact,1.0,source/CURRENT/10_Core/42_TP_Europe_Travel_Guidebook_Master_v1.4.md,{{VISUAL:VIS-PHOTO-055|type=photo|status=pre-publication|strategy=licensed-or-direct}} Fourvière에서 두 강과 Part-Dieu를 조망하는 파노라마,61,,
G475,D1-exact,1.0,source/CURRENT/20_Regional_Chapters/10_Lyon_v1.7.md,{{VISUAL:VIS-PHOTO-114|type=photo|status=pre-publication|strategy=licensed-or-direct}} Fourvière에서 두 강과 Part-Dieu를 조망하는 파노라마,61,,
G475,D1-exact,1.0,source/CURRENT/20_Regional_Chapters/10_Lyon_v2.0.md,{{VISUAL:VIS-PHOTO-114|type=photo|status=pre-publication|strategy=licensed-or-direct}} Fourvière에서 두 강과 Part-Dieu를 조망하는 파노라마,61,,
G476,D1-exact,1.0,source/CURRENT/10_Core/42_TP_Europe_Travel_Guidebook_Master_v1.4.md,{{VISUAL:VIS-PHOTO-056|type=photo|status=pre-publication|strategy=licensed-or-direct}} Renaissance courtyard와 나선계단,72,,
G476,D1-exact,1.0,source/CURRENT/20_Regional_Chapters/10_Lyon_v1.7.md,{{VISUAL:VIS-PHOTO-115|type=photo|status=pre-publication|strategy=licensed-or-direct}} Renaissance courtyard와 나선계단,72,,
G476,D1-exact,1.0,source/CURRENT/20_Regional_Chapters/10_Lyon_v2.0.md,{{VISUAL:VIS-PHOTO-115|type=photo|status=pre-publication|strategy=licensed-or-direct}} Renaissance courtyard와 나선계단,72,,
G477,D1-exact,1.0,source/CURRENT/10_Core/42_TP_Europe_Travel_Guidebook_Master_v1.4.md,{{VISUAL:VIS-PHOTO-057|type=photo|status=pre-publication|strategy=licensed-or-direct}} Place des Jacobins 분수와 주변 파사드,45,,
G477,D1-exact,1.0,source/CURRENT/20_Regional_Chapters/10_Lyon_v1.7.md,{{VISUAL:VIS-PHOTO-116|type=photo|status=pre-publication|strategy=licensed-or-direct}} Place des Jacobins 분수와 주변 파사드,45,,
G477,D1-exact,1.0,source/CURRENT/20_Regional_Chapters/10_Lyon_v2.0.md,{{VISUAL:VIS-PHOTO-116|type=photo|status=pre-publication|strategy=licensed-or-direct}} Place des Jacobins 분수와 주변 파사드,45,,
G478,D1-exact,1.0,source/CURRENT/10_Core/42_TP_Europe_Travel_Guidebook_Master_v1.4.md,{{VISUAL:VIS-PHOTO-058|type=photo|status=pre-publication|strategy=licensed-or-direct}} canut 주택의 높은 창과 경사로,38,,
G478,D1-exact,1.0,source/CURRENT/20_Regional_Chapters/10_Lyon_v1.7.md,{{VISUAL:VIS-PHOTO-117|type=photo|status=pre-publication|strategy=licensed-or-direct}} canut 주택의 높은 창과 경사로,38,,
G478,D1-exact,1.0,source/CURRENT/20_Regional_Chapters/10_Lyon_v2.0.md,{{VISUAL:VIS-PHOTO-117|type=photo|status=pre-publication|strategy=licensed-or-direct}} canut 주택의 높은 창과 경사로,38,,
G479,D1-exact,1.0,source/CURRENT/10_Core/42_TP_Europe_Travel_Guidebook_Master_v1.4.md,{{VISUAL:VIS-PHOTO-059|type=photo|status=travel-capture|strategy=direct-shot}} quenelle·소시지·치즈가 진열된 Halles 내부,49,,
G479,D1-exact,1.0,source/CURRENT/20_Regional_Chapters/10_Lyon_v1.7.md,{{VISUAL:VIS-PHOTO-118|type=photo|status=travel-capture|strategy=direct-shot}} quenelle·소시지·치즈가 진열된 Halles 내부,49,,
G479,D1-exact,1.0,source/CURRENT/20_Regional_Chapters/10_Lyon_v2.0.md,{{VISUAL:VIS-PHOTO-118|type=photo|status=travel-capture|strategy=direct-shot}} quenelle·소시지·치즈가 진열된 Halles 내부,49,,
G480,D1-exact,1.0,source/CURRENT/10_Core/42_TP_Europe_Travel_Guidebook_Master_v1.4.md,{{VISUAL:VIS-PHOTO-060|type=photo|status=travel-capture|strategy=direct-shot}} 호숫가 산책로와 나무그늘,30,,
G480,D1-exact,1.0,source/CURRENT/20_Regional_Chapters/10_Lyon_v1.7.md,{{VISUAL:VIS-PHOTO-119|type=photo|status=travel-capture|strategy=direct-shot}} 호숫가 산책로와 나무그늘,30,,
G480,D1-exact,1.0,source/CURRENT/20_Regional_Chapters/10_Lyon_v2.0.md,{{VISUAL:VIS-PHOTO-119|type=photo|status=travel-capture|strategy=direct-shot}} 호숫가 산책로와 나무그늘,30,,
G481,D1-exact,1.0,source/CURRENT/10_Core/42_TP_Europe_Travel_Guidebook_Master_v1.4.md,{{VISUAL:VIS-PHOTO-061|type=photo|status=pre-publication|strategy=licensed-or-direct}} 운하·파스텔색 건물·산 배경이 겹친 Vieille Ville,60,,
G481,D1-exact,1.0,source/CURRENT/20_Regional_Chapters/10_Lyon_v1.7.md,{{VISUAL:VIS-PHOTO-120|type=photo|status=pre-publication|strategy=licensed-or-direct}} 운하·파스텔색 건물·산 배경이 겹친 Vieille Ville,60,,
G481,D1-exact,1.0,source/CURRENT/20_Regional_Chapters/10_Lyon_v2.0.md,{{VISUAL:VIS-PHOTO-120|type=photo|status=pre-publication|strategy=licensed-or-direct}} 운하·파스텔색 건물·산 배경이 겹친 Vieille Ville,60,,
G482,D1-exact,1.0,source/CURRENT/10_Core/42_TP_Europe_Travel_Guidebook_Master_v1.4.md,17. 미술관·박물관 선택 기준,58,,
G482,D1-exact,1.0,source/CURRENT/20_Regional_Chapters/10_Lyon_v1.7.md,17. 미술관·박물관 선택 기준,58,,
G482,D1-exact,1.0,source/CURRENT/20_Regional_Chapters/10_Lyon_v2.0.md,17. 미술관·박물관 선택 기준,58,,
G483,D1-exact,1.0,source/CURRENT/10_Core/42_TP_Europe_Travel_Guidebook_Master_v1.4.md,18. 실제 숙소 후보,177,,
G483,D1-exact,1.0,source/CURRENT/20_Regional_Chapters/10_Lyon_v1.7.md,18. 실제 숙소 후보,177,,
G483,D1-exact,1.0,source/CURRENT/20_Regional_Chapters/10_Lyon_v2.0.md,18. 실제 숙소 후보,177,,
G484,D1-exact,1.0,source/CURRENT/10_Core/42_TP_Europe_Travel_Guidebook_Master_v1.4.md,최종 선택 권고,50,,
G484,D1-exact,1.0,source/CURRENT/20_Regional_Chapters/10_Lyon_v1.7.md,최종 선택 권고,50,,
G484,D1-exact,1.0,source/CURRENT/20_Regional_Chapters/10_Lyon_v2.0.md,최종 선택 권고,50,,
G485,D1-exact,1.0,source/CURRENT/10_Core/42_TP_Europe_Travel_Guidebook_Master_v1.4.md,숙소 문의문 핵심,34,,
G485,D1-exact,1.0,source/CURRENT/20_Regional_Chapters/10_Lyon_v1.7.md,숙소 문의문 핵심,34,,
G485,D1-exact,1.0,source/CURRENT/20_Regional_Chapters/10_Lyon_v2.0.md,숙소 문의문 핵심,34,,
G486,D1-exact,1.0,source/CURRENT/10_Core/42_TP_Europe_Travel_Guidebook_Master_v1.4.md,19.1 저녁식당 후보,97,,
G486,D1-exact,1.0,source/CURRENT/20_Regional_Chapters/10_Lyon_v1.7.md,19.1 저녁식당 후보,97,,
G486,D1-exact,1.0,source/CURRENT/20_Regional_Chapters/10_Lyon_v2.0.md,19.1 저녁식당 후보,97,,
G487,D1-exact,1.0,source/CURRENT/10_Core/42_TP_Europe_Travel_Guidebook_Master_v1.4.md,19.2 음식 주문 원칙,90,,
G487,D1-exact,1.0,source/CURRENT/20_Regional_Chapters/10_Lyon_v1.7.md,19.2 음식 주문 원칙,90,,
G487,D1-exact,1.0,source/CURRENT/20_Regional_Chapters/10_Lyon_v2.0.md,19.2 음식 주문 원칙,90,,
G488,D1-exact,1.0,source/CURRENT/10_Core/42_TP_Europe_Travel_Guidebook_Master_v1.4.md,식사 배치,28,,
G488,D1-exact,1.0,source/CURRENT/20_Regional_Chapters/10_Lyon_v1.7.md,식사 배치,28,,
G488,D1-exact,1.0,source/CURRENT/20_Regional_Chapters/10_Lyon_v2.0.md,식사 배치,28,,
G489,D1-exact,1.0,source/CURRENT/10_Core/42_TP_Europe_Travel_Guidebook_Master_v1.4.md,20.1 시장,46,,
G489,D1-exact,1.0,source/CURRENT/20_Regional_Chapters/10_Lyon_v1.7.md,20.1 시장,46,,
G489,D1-exact,1.0,source/CURRENT/20_Regional_Chapters/10_Lyon_v2.0.md,20.1 시장,46,,
G490,D1-exact,1.0,source/CURRENT/10_Core/42_TP_Europe_Travel_Guidebook_Master_v1.4.md,20.2 숙소에서 살 것,28,,
G490,D1-exact,1.0,source/CURRENT/20_Regional_Chapters/10_Lyon_v1.7.md,20.2 숙소에서 살 것,28,,
G490,D1-exact,1.0,source/CURRENT/20_Regional_Chapters/10_Lyon_v2.0.md,20.2 숙소에서 살 것,28,,
G491,D1-exact,1.0,source/CURRENT/10_Core/42_TP_Europe_Travel_Guidebook_Master_v1.4.md,21.1 Jason 러닝,61,,
G491,D1-exact,1.0,source/CURRENT/20_Regional_Chapters/10_Lyon_v1.7.md,21.1 Jason 러닝,61,,
G491,D1-exact,1.0,source/CURRENT/20_Regional_Chapters/10_Lyon_v2.0.md,21.1 Jason 러닝,61,,
G492,D1-exact,1.0,source/CURRENT/10_Core/42_TP_Europe_Travel_Guidebook_Master_v1.4.md,21.2 Julia 수영 — 선택,51,,
G492,D1-exact,1.0,source/CURRENT/20_Regional_Chapters/10_Lyon_v1.7.md,21.2 Julia 수영 — 선택,51,,
G492,D1-exact,1.0,source/CURRENT/20_Regional_Chapters/10_Lyon_v2.0.md,21.2 Julia 수영 — 선택,51,,
G493,D1-exact,1.0,source/CURRENT/10_Core/42_TP_Europe_Travel_Guidebook_Master_v1.4.md,22. 2026 행사·특별 프로그램,65,,
G493,D1-exact,1.0,source/CURRENT/20_Regional_Chapters/10_Lyon_v1.7.md,22. 2026 행사·특별 프로그램,65,,
G493,D1-exact,1.0,source/CURRENT/20_Regional_Chapters/10_Lyon_v2.0.md,22. 2026 행사·특별 프로그램,65,,
G494,D1-exact,1.0,source/CURRENT/10_Core/42_TP_Europe_Travel_Guidebook_Master_v1.4.md,23.1 대중교통 이용,33,,
G494,D1-exact,1.0,source/CURRENT/20_Regional_Chapters/10_Lyon_v1.7.md,23.1 대중교통 이용,33,,
G494,D1-exact,1.0,source/CURRENT/20_Regional_Chapters/10_Lyon_v2.0.md,23.1 대중교통 이용,33,,
G495,D1-exact,1.0,source/CURRENT/10_Core/42_TP_Europe_Travel_Guidebook_Master_v1.4.md,23.2 역 이용,36,,
G495,D1-exact,1.0,source/CURRENT/20_Regional_Chapters/10_Lyon_v1.7.md,23.2 역 이용,36,,
G495,D1-exact,1.0,source/CURRENT/20_Regional_Chapters/10_Lyon_v2.0.md,23.2 역 이용,36,,
G496,D1-exact,1.0,source/CURRENT/10_Core/42_TP_Europe_Travel_Guidebook_Master_v1.4.md,24. 우천·지연·피로 대체안,77,,
G496,D1-exact,1.0,source/CURRENT/20_Regional_Chapters/10_Lyon_v1.7.md,24. 우천·지연·피로 대체안,77,,
G496,D1-exact,1.0,source/CURRENT/20_Regional_Chapters/10_Lyon_v2.0.md,24. 우천·지연·피로 대체안,77,,
G497,D1-exact,1.0,source/CURRENT/10_Core/42_TP_Europe_Travel_Guidebook_Master_v1.4.md,카드 A — Lyon 숙소,25,,
G497,D1-exact,1.0,source/CURRENT/20_Regional_Chapters/10_Lyon_v1.7.md,카드 A — Lyon 숙소,25,,
G497,D1-exact,1.0,source/CURRENT/20_Regional_Chapters/10_Lyon_v2.0.md,카드 A — Lyon 숙소,25,,
G498,D1-exact,1.0,source/CURRENT/10_Core/42_TP_Europe_Travel_Guidebook_Master_v1.4.md,26. 출발 전 확인목록,99,,
G498,D1-exact,1.0,source/CURRENT/20_Regional_Chapters/10_Lyon_v1.7.md,26. 출발 전 확인목록,99,,
G498,D1-exact,1.0,source/CURRENT/20_Regional_Chapters/10_Lyon_v2.0.md,26. 출발 전 확인목록,99,,
G499,D1-exact,1.0,source/CURRENT/10_Core/42_TP_Europe_Travel_Guidebook_Master_v1.4.md,Fourvière — 전망대에서 지형을 먼저 읽는다,42,,
G499,D1-exact,1.0,source/CURRENT/20_Regional_Chapters/10_Lyon_v1.7.md,Fourvière — 전망대에서 지형을 먼저 읽는다,42,,
G499,D1-exact,1.0,source/CURRENT/20_Regional_Chapters/10_Lyon_v2.0.md,Fourvière — 전망대에서 지형을 먼저 읽는다,42,,
G500,D1-exact,1.0,source/CURRENT/10_Core/42_TP_Europe_Travel_Guidebook_Master_v1.4.md,Vieux Lyon·traboules — ‘비밀통로 찾기’가 아니라 도시의 관통구조,34,,
G500,D1-exact,1.0,source/CURRENT/20_Regional_Chapters/10_Lyon_v1.7.md,Vieux Lyon·traboules — ‘비밀통로 찾기’가 아니라 도시의 관통구조,34,,
G500,D1-exact,1.0,source/CURRENT/20_Regional_Chapters/10_Lyon_v2.0.md,Vieux Lyon·traboules — ‘비밀통로 찾기’가 아니라 도시의 관통구조,34,,
G501,D1-exact,1.0,source/CURRENT/10_Core/42_TP_Europe_Travel_Guidebook_Master_v1.4.md,Halles Paul Bocuse — 한 끼를 먹는 시장보다 리옹 식재료의 쇼케이스,26,,
G501,D1-exact,1.0,source/CURRENT/20_Regional_Chapters/10_Lyon_v1.7.md,Halles Paul Bocuse — 한 끼를 먹는 시장보다 리옹 식재료의 쇼케이스,26,,
G501,D1-exact,1.0,source/CURRENT/20_Regional_Chapters/10_Lyon_v2.0.md,Halles Paul Bocuse — 한 끼를 먹는 시장보다 리옹 식재료의 쇼케이스,26,,
G502,D1-exact,1.0,source/CURRENT/10_Core/42_TP_Europe_Travel_Guidebook_Master_v1.4.md,Annecy — 운하사진보다 도시와 호수의 접점을 본다,44,,
G502,D1-exact,1.0,source/CURRENT/20_Regional_Chapters/10_Lyon_v1.7.md,Annecy — 운하사진보다 도시와 호수의 접점을 본다,44,,
G502,D1-exact,1.0,source/CURRENT/20_Regional_Chapters/10_Lyon_v2.0.md,Annecy — 운하사진보다 도시와 호수의 접점을 본다,44,,
G503,D1-exact,1.0,source/CURRENT/10_Core/42_TP_Europe_Travel_Guidebook_Master_v1.4.md,리옹에서 꼭 체험할 것,45,,
G503,D1-exact,1.0,source/CURRENT/20_Regional_Chapters/10_Lyon_v1.7.md,리옹에서 꼭 체험할 것,45,,
G503,D1-exact,1.0,source/CURRENT/20_Regional_Chapters/10_Lyon_v2.0.md,리옹에서 꼭 체험할 것,45,,
G504,D1-exact,1.0,source/CURRENT/10_Core/42_TP_Europe_Travel_Guidebook_Master_v1.4.md,치안과 분위기를 함께 고려한 현장 규칙,36,,
G504,D1-exact,1.0,source/CURRENT/20_Regional_Chapters/10_Lyon_v1.7.md,치안과 분위기를 함께 고려한 현장 규칙,36,,
G504,D1-exact,1.0,source/CURRENT/20_Regional_Chapters/10_Lyon_v2.0.md,치안과 분위기를 함께 고려한 현장 규칙,36,,
G505,D1-exact,1.0,source/CURRENT/10_Core/42_TP_Europe_Travel_Guidebook_Master_v1.4.md,현장 선택 규칙,37,,
G505,D1-exact,1.0,source/CURRENT/20_Regional_Chapters/10_Lyon_v1.7.md,현장 선택 규칙,37,,
G505,D1-exact,1.0,source/CURRENT/20_Regional_Chapters/10_Lyon_v2.0.md,현장 선택 규칙,37,,
G506,D1-exact,1.0,source/CURRENT/10_Core/42_TP_Europe_Travel_Guidebook_Master_v1.4.md,27. 공식자료,179,,
G506,D1-exact,1.0,source/CURRENT/20_Regional_Chapters/10_Lyon_v1.7.md,27. 공식자료,179,,
G506,D1-exact,1.0,source/CURRENT/20_Regional_Chapters/10_Lyon_v2.0.md,27. 공식자료,179,,
G507,D1-exact,1.0,source/CURRENT/10_Core/42_TP_Europe_Travel_Guidebook_Master_v1.4.md,"‘한 달 살기’의 축소판 — 운동하는 아침, 문화가 있는 오후, 공연과 동네 저녁",129,,
G507,D1-exact,1.0,source/CURRENT/20_Regional_Chapters/11_Paris_Long_Stay_v1.7.md,"‘한 달 살기’의 축소판 — 운동하는 아침, 문화가 있는 오후, 공연과 동네 저녁",129,,
G507,D1-exact,1.0,source/CURRENT/20_Regional_Chapters/11_Paris_Long_Stay_v2.0.md,"‘한 달 살기’의 축소판 — 운동하는 아침, 문화가 있는 오후, 공연과 동네 저녁",129,,
G507,D1-exact,1.0,source/CURRENT/30_Reader_Edition/11_Paris_Long_Stay_Reader_v1.8.md,"‘한 달 살기’의 축소판 — 운동하는 아침, 문화가 있는 오후, 공연과 동네 저녁",129,,
G508,D1-exact,1.0,source/CURRENT/10_Core/42_TP_Europe_Travel_Guidebook_Master_v1.4.md,1. 한눈에 보는 파리 체류,204,,
G508,D1-exact,1.0,source/CURRENT/20_Regional_Chapters/11_Paris_Long_Stay_v1.7.md,1. 한눈에 보는 파리 체류,204,,
G508,D1-exact,1.0,source/CURRENT/20_Regional_Chapters/11_Paris_Long_Stay_v2.0.md,1. 한눈에 보는 파리 체류,204,,
G508,D1-exact,1.0,source/CURRENT/30_Reader_Edition/11_Paris_Long_Stay_Reader_v1.8.md,1. 한눈에 보는 파리 체류,204,,
G509,D1-exact,1.0,source/CURRENT/10_Core/42_TP_Europe_Travel_Guidebook_Master_v1.4.md,파리 15박의 배분,29,,
G509,D1-exact,1.0,source/CURRENT/20_Regional_Chapters/11_Paris_Long_Stay_v1.7.md,파리 15박의 배분,29,,
G509,D1-exact,1.0,source/CURRENT/20_Regional_Chapters/11_Paris_Long_Stay_v2.0.md,파리 15박의 배분,29,,
G509,D1-exact,1.0,source/CURRENT/30_Reader_Edition/11_Paris_Long_Stay_Reader_v1.8.md,파리 15박의 배분,29,,
G510,D1-exact,1.0,source/CURRENT/10_Core/42_TP_Europe_Travel_Guidebook_Master_v1.4.md,이 설계가 ‘한 달 살기 축소판’인 이유,52,,
G510,D1-exact,1.0,source/CURRENT/20_Regional_Chapters/11_Paris_Long_Stay_v1.7.md,이 설계가 ‘한 달 살기 축소판’인 이유,52,,
G510,D1-exact,1.0,source/CURRENT/20_Regional_Chapters/11_Paris_Long_Stay_v2.0.md,이 설계가 ‘한 달 살기 축소판’인 이유,52,,
G510,D1-exact,1.0,source/CURRENT/30_Reader_Edition/11_Paris_Long_Stay_Reader_v1.8.md,이 설계가 ‘한 달 살기 축소판’인 이유,52,,
G511,D1-exact,1.0,source/CURRENT/10_Core/42_TP_Europe_Travel_Guidebook_Master_v1.4.md,1A. 파리 15박의 세 사이클,108,,
G511,D1-exact,1.0,source/CURRENT/20_Regional_Chapters/11_Paris_Long_Stay_v1.7.md,1A. 파리 15박의 세 사이클,108,,
G511,D1-exact,1.0,source/CURRENT/20_Regional_Chapters/11_Paris_Long_Stay_v2.0.md,1A. 파리 15박의 세 사이클,108,,
G512,D1-exact,1.0,source/CURRENT/10_Core/42_TP_Europe_Travel_Guidebook_Master_v1.4.md,고정·조건부·자유 블록,56,,
G512,D1-exact,1.0,source/CURRENT/20_Regional_Chapters/11_Paris_Long_Stay_v1.7.md,고정·조건부·자유 블록,56,,
G512,D1-exact,1.0,source/CURRENT/20_Regional_Chapters/11_Paris_Long_Stay_v2.0.md,고정·조건부·자유 블록,56,,
G513,D1-exact,1.0,source/CURRENT/10_Core/42_TP_Europe_Travel_Guidebook_Master_v1.4.md,3.1 표준 하루,74,,
G513,D1-exact,1.0,source/CURRENT/20_Regional_Chapters/11_Paris_Long_Stay_v1.7.md,3.1 표준 하루,74,,
G513,D1-exact,1.0,source/CURRENT/20_Regional_Chapters/11_Paris_Long_Stay_v2.0.md,3.1 표준 하루,74,,
G513,D1-exact,1.0,source/CURRENT/30_Reader_Edition/11_Paris_Long_Stay_Reader_v1.8.md,3.1 표준 하루,74,,
G514,D1-exact,1.0,source/CURRENT/10_Core/42_TP_Europe_Travel_Guidebook_Master_v1.4.md,3.2 강도 규칙,39,,
G514,D1-exact,1.0,source/CURRENT/20_Regional_Chapters/11_Paris_Long_Stay_v1.7.md,3.2 강도 규칙,39,,
G514,D1-exact,1.0,source/CURRENT/20_Regional_Chapters/11_Paris_Long_Stay_v2.0.md,3.2 강도 규칙,39,,
G514,D1-exact,1.0,source/CURRENT/30_Reader_Edition/11_Paris_Long_Stay_Reader_v1.8.md,3.2 강도 규칙,39,,
G515,D1-exact,1.0,source/CURRENT/10_Core/42_TP_Europe_Travel_Guidebook_Master_v1.4.md,4. 일정 요약,212,,
G515,D1-exact,1.0,source/CURRENT/20_Regional_Chapters/11_Paris_Long_Stay_v1.7.md,4. 일정 요약,212,,
G515,D1-exact,1.0,source/CURRENT/20_Regional_Chapters/11_Paris_Long_Stay_v2.0.md,4. 일정 요약,212,,
G515,D1-exact,1.0,source/CURRENT/30_Reader_Edition/11_Paris_Long_Stay_Reader_v1.8.md,4. 일정 요약,212,,
G516,D1-exact,1.0,source/CURRENT/10_Core/42_TP_Europe_Travel_Guidebook_Master_v1.4.md,{{VISUAL:VIS-PHOTO-064|type=photo|status=travel-capture|strategy=direct-shot}} 파리 아파트 식탁 위 첫 장보기,106,,
G516,D1-exact,1.0,source/CURRENT/20_Regional_Chapters/11_Paris_Long_Stay_v1.7.md,{{VISUAL:VIS-PHOTO-091|type=photo|status=travel-capture|strategy=direct-shot}} 파리 아파트 식탁 위 첫 장보기,106,,
G516,D1-exact,1.0,source/CURRENT/20_Regional_Chapters/11_Paris_Long_Stay_v2.0.md,{{VISUAL:VIS-PHOTO-091|type=photo|status=travel-capture|strategy=direct-shot}} 파리 아파트 식탁 위 첫 장보기,106,,
G516,D1-exact,1.0,source/CURRENT/30_Reader_Edition/11_Paris_Long_Stay_Reader_v1.8.md,{{VISUAL:VIS-PHOTO-012|type=photo|status=travel-capture|strategy=direct-shot}} 파리 아파트 식탁 위 첫 장보기,106,,
G517,D1-exact,1.0,source/CURRENT/10_Core/42_TP_Europe_Travel_Guidebook_Master_v1.4.md,꼭 해볼 것,29,,
G517,D1-exact,1.0,source/CURRENT/20_Regional_Chapters/11_Paris_Long_Stay_v1.7.md,꼭 해볼 것,29,,
G517,D1-exact,1.0,source/CURRENT/20_Regional_Chapters/11_Paris_Long_Stay_v2.0.md,꼭 해볼 것,29,,
G517,D1-exact,1.0,source/CURRENT/30_Reader_Edition/11_Paris_Long_Stay_Reader_v1.8.md,꼭 해볼 것,29,,
G518,D1-exact,1.0,source/CURRENT/10_Core/42_TP_Europe_Travel_Guidebook_Master_v1.4.md,{{VISUAL:VIS-PHOTO-066|type=photo|status=pre-publication|strategy=licensed-or-direct}} Notre-Dame 내부의 복원 후 공간,141,,
G518,D1-exact,1.0,source/CURRENT/20_Regional_Chapters/11_Paris_Long_Stay_v1.7.md,{{VISUAL:VIS-PHOTO-093|type=photo|status=pre-publication|strategy=licensed-or-direct}} Notre-Dame 내부의 복원 후 공간,141,,
G518,D1-exact,1.0,source/CURRENT/20_Regional_Chapters/11_Paris_Long_Stay_v2.0.md,{{VISUAL:VIS-PHOTO-093|type=photo|status=pre-publication|strategy=licensed-or-direct}} Notre-Dame 내부의 복원 후 공간,141,,
G518,D1-exact,1.0,source/CURRENT/30_Reader_Edition/11_Paris_Long_Stay_Reader_v1.8.md,{{VISUAL:VIS-PHOTO-014|type=photo|status=pre-publication|strategy=licensed-or-direct}} Notre-Dame 내부의 복원 후 공간,141,,
G519,D1-exact,1.0,source/CURRENT/10_Core/42_TP_Europe_Travel_Guidebook_Master_v1.4.md,"일요일 생활과 Marais — 공연을 넣어도, 넣지 않아도 완전한 하루",91,,
G519,D1-exact,1.0,source/CURRENT/20_Regional_Chapters/11_Paris_Long_Stay_v1.7.md,"일요일 생활과 Marais — 공연을 넣어도, 넣지 않아도 완전한 하루",91,,
G519,D1-exact,1.0,source/CURRENT/20_Regional_Chapters/11_Paris_Long_Stay_v2.0.md,"일요일 생활과 Marais — 공연을 넣어도, 넣지 않아도 완전한 하루",91,,
G519,D1-exact,1.0,source/CURRENT/30_Reader_Edition/11_Paris_Long_Stay_Reader_v1.8.md,"일요일 생활과 Marais — 공연을 넣어도, 넣지 않아도 완전한 하루",91,,
G520,D1-exact,1.0,source/CURRENT/10_Core/42_TP_Europe_Travel_Guidebook_Master_v1.4.md,꼭 해볼 것,25,,
G520,D1-exact,1.0,source/CURRENT/20_Regional_Chapters/11_Paris_Long_Stay_v1.7.md,꼭 해볼 것,25,,
G520,D1-exact,1.0,source/CURRENT/20_Regional_Chapters/11_Paris_Long_Stay_v2.0.md,꼭 해볼 것,25,,
G520,D1-exact,1.0,source/CURRENT/30_Reader_Edition/11_Paris_Long_Stay_Reader_v1.8.md,꼭 해볼 것,25,,
G521,D1-exact,1.0,source/CURRENT/10_Core/42_TP_Europe_Travel_Guidebook_Master_v1.4.md,{{VISUAL:VIS-PHOTO-067|type=photo|status=pre-publication|strategy=licensed-or-direct}} Cour Carrée에서 바라본 Louvre의 시간층,101,,
G521,D1-exact,1.0,source/CURRENT/20_Regional_Chapters/11_Paris_Long_Stay_v1.7.md,{{VISUAL:VIS-PHOTO-094|type=photo|status=pre-publication|strategy=licensed-or-direct}} Cour Carrée에서 바라본 Louvre의 시간층,101,,
G521,D1-exact,1.0,source/CURRENT/20_Regional_Chapters/11_Paris_Long_Stay_v2.0.md,{{VISUAL:VIS-PHOTO-094|type=photo|status=pre-publication|strategy=licensed-or-direct}} Cour Carrée에서 바라본 Louvre의 시간층,101,,
G521,D1-exact,1.0,source/CURRENT/30_Reader_Edition/11_Paris_Long_Stay_Reader_v1.8.md,{{VISUAL:VIS-PHOTO-015|type=photo|status=pre-publication|strategy=licensed-or-direct}} Cour Carrée에서 바라본 Louvre의 시간층,101,,
G522,D1-exact,1.0,source/CURRENT/10_Core/42_TP_Europe_Travel_Guidebook_Master_v1.4.md,Jason·Julia 추천 관람 루트,46,,
G522,D1-exact,1.0,source/CURRENT/20_Regional_Chapters/11_Paris_Long_Stay_v1.7.md,Jason·Julia 추천 관람 루트,46,,
G522,D1-exact,1.0,source/CURRENT/20_Regional_Chapters/11_Paris_Long_Stay_v2.0.md,Jason·Julia 추천 관람 루트,46,,
G522,D1-exact,1.0,source/CURRENT/30_Reader_Edition/11_Paris_Long_Stay_Reader_v1.8.md,Jason·Julia 추천 관람 루트,46,,
G523,D1-exact,1.0,source/CURRENT/10_Core/42_TP_Europe_Travel_Guidebook_Master_v1.4.md,{{VISUAL:VIS-PHOTO-068|type=photo|status=travel-capture|strategy=direct-shot}} Montmartre 북사면의 계단과 주거골목,98,,
G523,D1-exact,1.0,source/CURRENT/20_Regional_Chapters/11_Paris_Long_Stay_v1.7.md,{{VISUAL:VIS-PHOTO-095|type=photo|status=travel-capture|strategy=direct-shot}} Montmartre 북사면의 계단과 주거골목,98,,
G523,D1-exact,1.0,source/CURRENT/20_Regional_Chapters/11_Paris_Long_Stay_v2.0.md,{{VISUAL:VIS-PHOTO-095|type=photo|status=travel-capture|strategy=direct-shot}} Montmartre 북사면의 계단과 주거골목,98,,
G523,D1-exact,1.0,source/CURRENT/30_Reader_Edition/11_Paris_Long_Stay_Reader_v1.8.md,{{VISUAL:VIS-PHOTO-016|type=photo|status=travel-capture|strategy=direct-shot}} Montmartre 북사면의 계단과 주거골목,98,,
G524,D1-exact,1.0,source/CURRENT/10_Core/42_TP_Europe_Travel_Guidebook_Master_v1.4.md,{{VISUAL:VIS-PHOTO-069|type=photo|status=pre-publication|strategy=licensed-or-direct}} BnF Richelieu Oval Room,107,,
G524,D1-exact,1.0,source/CURRENT/20_Regional_Chapters/11_Paris_Long_Stay_v1.7.md,{{VISUAL:VIS-PHOTO-096|type=photo|status=pre-publication|strategy=licensed-or-direct}} BnF Richelieu Oval Room,107,,
G524,D1-exact,1.0,source/CURRENT/20_Regional_Chapters/11_Paris_Long_Stay_v2.0.md,{{VISUAL:VIS-PHOTO-096|type=photo|status=pre-publication|strategy=licensed-or-direct}} BnF Richelieu Oval Room,107,,
G524,D1-exact,1.0,source/CURRENT/30_Reader_Edition/11_Paris_Long_Stay_Reader_v1.8.md,{{VISUAL:VIS-PHOTO-017|type=photo|status=pre-publication|strategy=licensed-or-direct}} BnF Richelieu Oval Room,107,,
G525,D1-exact,1.0,source/CURRENT/10_Core/42_TP_Europe_Travel_Guidebook_Master_v1.4.md,{{VISUAL:VIS-PHOTO-070|type=photo|status=pre-publication|strategy=licensed-or-direct}} Grand Palais ‘Cézanne et nous’ 전시 입구,102,,
G525,D1-exact,1.0,source/CURRENT/20_Regional_Chapters/11_Paris_Long_Stay_v1.7.md,{{VISUAL:VIS-PHOTO-097|type=photo|status=pre-publication|strategy=licensed-or-direct}} Grand Palais ‘Cézanne et nous’ 전시 입구,102,,
G525,D1-exact,1.0,source/CURRENT/20_Regional_Chapters/11_Paris_Long_Stay_v2.0.md,{{VISUAL:VIS-PHOTO-097|type=photo|status=pre-publication|strategy=licensed-or-direct}} Grand Palais ‘Cézanne et nous’ 전시 입구,102,,
G525,D1-exact,1.0,source/CURRENT/30_Reader_Edition/11_Paris_Long_Stay_Reader_v1.8.md,{{VISUAL:VIS-PHOTO-018|type=photo|status=pre-publication|strategy=licensed-or-direct}} Grand Palais ‘Cézanne et nous’ 전시 입구,102,,
G526,D1-exact,1.0,source/CURRENT/10_Core/42_TP_Europe_Travel_Guidebook_Master_v1.4.md,왜 필수에 가까운가,31,,
G526,D1-exact,1.0,source/CURRENT/20_Regional_Chapters/11_Paris_Long_Stay_v1.7.md,왜 필수에 가까운가,31,,
G526,D1-exact,1.0,source/CURRENT/20_Regional_Chapters/11_Paris_Long_Stay_v2.0.md,왜 필수에 가까운가,31,,
G526,D1-exact,1.0,source/CURRENT/30_Reader_Edition/11_Paris_Long_Stay_Reader_v1.8.md,왜 필수에 가까운가,31,,
G527,D1-exact,1.0,source/CURRENT/10_Core/42_TP_Europe_Travel_Guidebook_Master_v1.4.md,Marais의 생활·역사·패션 — 작은 선택을 조합하는 날,98,,
G527,D1-exact,1.0,source/CURRENT/20_Regional_Chapters/11_Paris_Long_Stay_v1.7.md,Marais의 생활·역사·패션 — 작은 선택을 조합하는 날,98,,
G527,D1-exact,1.0,source/CURRENT/20_Regional_Chapters/11_Paris_Long_Stay_v2.0.md,Marais의 생활·역사·패션 — 작은 선택을 조합하는 날,98,,
G527,D1-exact,1.0,source/CURRENT/30_Reader_Edition/11_Paris_Long_Stay_Reader_v1.8.md,Marais의 생활·역사·패션 — 작은 선택을 조합하는 날,98,,
G528,D1-exact,1.0,source/CURRENT/10_Core/42_TP_Europe_Travel_Guidebook_Master_v1.4.md,꼭 해볼 것,28,,
G528,D1-exact,1.0,source/CURRENT/20_Regional_Chapters/11_Paris_Long_Stay_v1.7.md,꼭 해볼 것,28,,
G528,D1-exact,1.0,source/CURRENT/20_Regional_Chapters/11_Paris_Long_Stay_v2.0.md,꼭 해볼 것,28,,
G528,D1-exact,1.0,source/CURRENT/30_Reader_Edition/11_Paris_Long_Stay_Reader_v1.8.md,꼭 해볼 것,28,,
G529,D1-exact,1.0,source/CURRENT/10_Core/42_TP_Europe_Travel_Guidebook_Master_v1.4.md,A. Versailles — 대표 궁전 하루,61,,
G529,D1-exact,1.0,source/CURRENT/20_Regional_Chapters/11_Paris_Long_Stay_v1.7.md,A. Versailles — 대표 궁전 하루,61,,
G529,D1-exact,1.0,source/CURRENT/20_Regional_Chapters/11_Paris_Long_Stay_v2.0.md,A. Versailles — 대표 궁전 하루,61,,
G529,D1-exact,1.0,source/CURRENT/30_Reader_Edition/11_Paris_Long_Stay_Reader_v1.8.md,A. Versailles — 대표 궁전 하루,61,,
G530,D1-exact,1.0,source/CURRENT/10_Core/42_TP_Europe_Travel_Guidebook_Master_v1.4.md,선택 기준,25,,
G530,D1-exact,1.0,source/CURRENT/20_Regional_Chapters/11_Paris_Long_Stay_v1.7.md,선택 기준,25,,
G530,D1-exact,1.0,source/CURRENT/20_Regional_Chapters/11_Paris_Long_Stay_v2.0.md,선택 기준,25,,
G530,D1-exact,1.0,source/CURRENT/30_Reader_Edition/11_Paris_Long_Stay_Reader_v1.8.md,선택 기준,25,,
G531,D1-exact,1.0,source/CURRENT/10_Core/42_TP_Europe_Travel_Guidebook_Master_v1.4.md,{{VISUAL:VIS-PHOTO-071|type=photo|status=travel-capture|strategy=direct-shot}} Canal Saint-Martin의 일요일 오후,67,,
G531,D1-exact,1.0,source/CURRENT/20_Regional_Chapters/11_Paris_Long_Stay_v1.7.md,{{VISUAL:VIS-PHOTO-098|type=photo|status=travel-capture|strategy=direct-shot}} Canal Saint-Martin의 일요일 오후,67,,
G531,D1-exact,1.0,source/CURRENT/20_Regional_Chapters/11_Paris_Long_Stay_v2.0.md,{{VISUAL:VIS-PHOTO-098|type=photo|status=travel-capture|strategy=direct-shot}} Canal Saint-Martin의 일요일 오후,67,,
G531,D1-exact,1.0,source/CURRENT/30_Reader_Edition/11_Paris_Long_Stay_Reader_v1.8.md,{{VISUAL:VIS-PHOTO-019|type=photo|status=travel-capture|strategy=direct-shot}} Canal Saint-Martin의 일요일 오후,67,,
G532,D1-exact,1.0,source/CURRENT/10_Core/42_TP_Europe_Travel_Guidebook_Master_v1.4.md,오후 선택 모듈,65,,
G532,D1-exact,1.0,source/CURRENT/20_Regional_Chapters/11_Paris_Long_Stay_v1.7.md,오후 선택 모듈,65,,
G532,D1-exact,1.0,source/CURRENT/20_Regional_Chapters/11_Paris_Long_Stay_v2.0.md,오후 선택 모듈,65,,
G532,D1-exact,1.0,source/CURRENT/30_Reader_Edition/11_Paris_Long_Stay_Reader_v1.8.md,오후 선택 모듈,65,,
G533,D1-exact,1.0,source/CURRENT/10_Core/42_TP_Europe_Travel_Guidebook_Master_v1.4.md,{{VISUAL:VIS-PHOTO-072|type=photo|status=pre-publication|strategy=licensed-or-direct}} Musée d’Orsay 대시계와 센강,85,,
G533,D1-exact,1.0,source/CURRENT/20_Regional_Chapters/11_Paris_Long_Stay_v1.7.md,{{VISUAL:VIS-PHOTO-099|type=photo|status=pre-publication|strategy=licensed-or-direct}} Musée d’Orsay 대시계와 센강,85,,
G533,D1-exact,1.0,source/CURRENT/20_Regional_Chapters/11_Paris_Long_Stay_v2.0.md,{{VISUAL:VIS-PHOTO-099|type=photo|status=pre-publication|strategy=licensed-or-direct}} Musée d’Orsay 대시계와 센강,85,,
G533,D1-exact,1.0,source/CURRENT/30_Reader_Edition/11_Paris_Long_Stay_Reader_v1.8.md,{{VISUAL:VIS-PHOTO-020|type=photo|status=pre-publication|strategy=licensed-or-direct}} Musée d’Orsay 대시계와 센강,85,,
G534,D1-exact,1.0,source/CURRENT/10_Core/42_TP_Europe_Travel_Guidebook_Master_v1.4.md,관람 규칙,28,,
G534,D1-exact,1.0,source/CURRENT/20_Regional_Chapters/11_Paris_Long_Stay_v1.7.md,관람 규칙,28,,
G534,D1-exact,1.0,source/CURRENT/20_Regional_Chapters/11_Paris_Long_Stay_v2.0.md,관람 규칙,28,,
G534,D1-exact,1.0,source/CURRENT/30_Reader_Edition/11_Paris_Long_Stay_Reader_v1.8.md,관람 규칙,28,,
G535,D1-exact,1.0,source/CURRENT/10_Core/42_TP_Europe_Travel_Guidebook_Master_v1.4.md,{{VISUAL:VIS-PHOTO-073|type=photo|status=travel-capture|strategy=direct-shot}} Bourse de Commerce 원형 전시장,83,,
G535,D1-exact,1.0,source/CURRENT/20_Regional_Chapters/11_Paris_Long_Stay_v1.7.md,{{VISUAL:VIS-PHOTO-100|type=photo|status=travel-capture|strategy=direct-shot}} Bourse de Commerce 원형 전시장,83,,
G535,D1-exact,1.0,source/CURRENT/20_Regional_Chapters/11_Paris_Long_Stay_v2.0.md,{{VISUAL:VIS-PHOTO-100|type=photo|status=travel-capture|strategy=direct-shot}} Bourse de Commerce 원형 전시장,83,,
G535,D1-exact,1.0,source/CURRENT/30_Reader_Edition/11_Paris_Long_Stay_Reader_v1.8.md,{{VISUAL:VIS-PHOTO-021|type=photo|status=travel-capture|strategy=direct-shot}} Bourse de Commerce 원형 전시장,83,,
G536,D1-exact,1.0,source/CURRENT/10_Core/42_TP_Europe_Travel_Guidebook_Master_v1.4.md,{{VISUAL:VIS-PHOTO-074|type=photo|status=pre-publication|strategy=licensed-or-direct}} Giverny 수련정원과 일본식 다리,72,,
G536,D1-exact,1.0,source/CURRENT/20_Regional_Chapters/11_Paris_Long_Stay_v1.7.md,{{VISUAL:VIS-PHOTO-101|type=photo|status=pre-publication|strategy=licensed-or-direct}} Giverny 수련정원과 일본식 다리,72,,
G536,D1-exact,1.0,source/CURRENT/20_Regional_Chapters/11_Paris_Long_Stay_v2.0.md,{{VISUAL:VIS-PHOTO-101|type=photo|status=pre-publication|strategy=licensed-or-direct}} Giverny 수련정원과 일본식 다리,72,,
G536,D1-exact,1.0,source/CURRENT/30_Reader_Edition/11_Paris_Long_Stay_Reader_v1.8.md,{{VISUAL:VIS-PHOTO-022|type=photo|status=pre-publication|strategy=licensed-or-direct}} Giverny 수련정원과 일본식 다리,72,,
G537,D1-exact,1.0,source/CURRENT/10_Core/42_TP_Europe_Travel_Guidebook_Master_v1.4.md,"마지막 선택, 송별저녁, 떠날 준비",86,,
G537,D1-exact,1.0,source/CURRENT/20_Regional_Chapters/11_Paris_Long_Stay_v1.7.md,"마지막 선택, 송별저녁, 떠날 준비",86,,
G537,D1-exact,1.0,source/CURRENT/20_Regional_Chapters/11_Paris_Long_Stay_v2.0.md,"마지막 선택, 송별저녁, 떠날 준비",86,,
G537,D1-exact,1.0,source/CURRENT/30_Reader_Edition/11_Paris_Long_Stay_Reader_v1.8.md,"마지막 선택, 송별저녁, 떠날 준비",86,,
G538,D1-exact,1.0,source/CURRENT/10_Core/42_TP_Europe_Travel_Guidebook_Master_v1.4.md,최종 선택 우선순위,34,,
G538,D1-exact,1.0,source/CURRENT/20_Regional_Chapters/11_Paris_Long_Stay_v1.7.md,최종 선택 우선순위,34,,
G538,D1-exact,1.0,source/CURRENT/20_Regional_Chapters/11_Paris_Long_Stay_v2.0.md,최종 선택 우선순위,34,,
G538,D1-exact,1.0,source/CURRENT/30_Reader_Edition/11_Paris_Long_Stay_Reader_v1.8.md,최종 선택 우선순위,34,,
G539,D1-exact,1.0,source/CURRENT/10_Core/42_TP_Europe_Travel_Guidebook_Master_v1.4.md,파리의 마지막 아침과 귀국,87,,
G539,D1-exact,1.0,source/CURRENT/20_Regional_Chapters/11_Paris_Long_Stay_v1.7.md,파리의 마지막 아침과 귀국,87,,
G539,D1-exact,1.0,source/CURRENT/20_Regional_Chapters/11_Paris_Long_Stay_v2.0.md,파리의 마지막 아침과 귀국,87,,
G539,D1-exact,1.0,source/CURRENT/30_Reader_Edition/11_Paris_Long_Stay_Reader_v1.8.md,파리의 마지막 아침과 귀국,87,,
G540,D1-exact,1.0,source/CURRENT/10_Core/42_TP_Europe_Travel_Guidebook_Master_v1.4.md,21. 일정 교체 매트릭스,65,,
G540,D1-exact,1.0,source/CURRENT/20_Regional_Chapters/11_Paris_Long_Stay_v1.7.md,21. 일정 교체 매트릭스,65,,
G540,D1-exact,1.0,source/CURRENT/20_Regional_Chapters/11_Paris_Long_Stay_v2.0.md,21. 일정 교체 매트릭스,65,,
G541,D1-exact,1.0,source/CURRENT/10_Core/42_TP_Europe_Travel_Guidebook_Master_v1.4.md,날짜별 핵심 통제표,293,,
G541,D1-exact,1.0,source/CURRENT/20_Regional_Chapters/11_Paris_Long_Stay_v1.7.md,날짜별 핵심 통제표,293,,
G541,D1-exact,1.0,source/CURRENT/20_Regional_Chapters/11_Paris_Long_Stay_v2.0.md,날짜별 핵심 통제표,293,,
G542,D1-exact,1.0,source/CURRENT/10_Core/42_TP_Europe_Travel_Guidebook_Master_v1.4.md,예약 충돌 방지 규칙,67,,
G542,D1-exact,1.0,source/CURRENT/20_Regional_Chapters/11_Paris_Long_Stay_v1.7.md,예약 충돌 방지 규칙,67,,
G542,D1-exact,1.0,source/CURRENT/20_Regional_Chapters/11_Paris_Long_Stay_v2.0.md,예약 충돌 방지 규칙,67,,
G543,D1-exact,1.0,source/CURRENT/10_Core/42_TP_Europe_Travel_Guidebook_Master_v1.4.md,21B. 출발 전 예약 게이트,76,,
G543,D1-exact,1.0,source/CURRENT/20_Regional_Chapters/11_Paris_Long_Stay_v1.7.md,21B. 출발 전 예약 게이트,76,,
G543,D1-exact,1.0,source/CURRENT/20_Regional_Chapters/11_Paris_Long_Stay_v2.0.md,21B. 출발 전 예약 게이트,76,,
G544,D1-exact,1.0,source/CURRENT/10_Core/42_TP_Europe_Travel_Guidebook_Master_v1.4.md,22.1 세 개의 파리,58,,
G544,D1-exact,1.0,source/CURRENT/20_Regional_Chapters/11_Paris_Long_Stay_v1.7.md,22.1 세 개의 파리,58,,
G544,D1-exact,1.0,source/CURRENT/20_Regional_Chapters/11_Paris_Long_Stay_v2.0.md,22.1 세 개의 파리,58,,
G545,D1-exact,1.0,source/CURRENT/10_Core/42_TP_Europe_Travel_Guidebook_Master_v1.4.md,22.2 같은 장소를 다시 가는 것이 핵심,32,,
G545,D1-exact,1.0,source/CURRENT/20_Regional_Chapters/11_Paris_Long_Stay_v1.7.md,22.2 같은 장소를 다시 가는 것이 핵심,32,,
G545,D1-exact,1.0,source/CURRENT/20_Regional_Chapters/11_Paris_Long_Stay_v2.0.md,22.2 같은 장소를 다시 가는 것이 핵심,32,,
G546,D1-exact,1.0,source/CURRENT/10_Core/42_TP_Europe_Travel_Guidebook_Master_v1.4.md,23. 숙소 생활권 비교,124,,
G546,D1-exact,1.0,source/CURRENT/20_Regional_Chapters/11_Paris_Long_Stay_v1.7.md,23. 숙소 생활권 비교,124,,
G546,D1-exact,1.0,source/CURRENT/20_Regional_Chapters/11_Paris_Long_Stay_v2.0.md,23. 숙소 생활권 비교,124,,
G547,D1-exact,1.0,source/CURRENT/10_Core/42_TP_Europe_Travel_Guidebook_Master_v1.4.md,최종 권고,35,,
G547,D1-exact,1.0,source/CURRENT/20_Regional_Chapters/11_Paris_Long_Stay_v1.7.md,최종 권고,35,,
G547,D1-exact,1.0,source/CURRENT/20_Regional_Chapters/11_Paris_Long_Stay_v2.0.md,최종 권고,35,,
G548,D1-exact,1.0,source/CURRENT/10_Core/42_TP_Europe_Travel_Guidebook_Master_v1.4.md,24. 추천등급,173,,
G548,D1-exact,1.0,source/CURRENT/20_Regional_Chapters/11_Paris_Long_Stay_v1.7.md,24. 추천등급,173,,
G548,D1-exact,1.0,source/CURRENT/20_Regional_Chapters/11_Paris_Long_Stay_v2.0.md,24. 추천등급,173,,
G549,D1-exact,1.0,source/CURRENT/10_Core/42_TP_Europe_Travel_Guidebook_Master_v1.4.md,"25.1 Louvre — 필수, 1회만",68,,
G549,D1-exact,1.0,source/CURRENT/20_Regional_Chapters/11_Paris_Long_Stay_v1.7.md,"25.1 Louvre — 필수, 1회만",68,,
G549,D1-exact,1.0,source/CURRENT/20_Regional_Chapters/11_Paris_Long_Stay_v2.0.md,"25.1 Louvre — 필수, 1회만",68,,
G550,D1-exact,1.0,source/CURRENT/10_Core/42_TP_Europe_Travel_Guidebook_Master_v1.4.md,25.2 Musée d’Orsay — 이번 체류의 핵심 미술관,29,,
G550,D1-exact,1.0,source/CURRENT/20_Regional_Chapters/11_Paris_Long_Stay_v1.7.md,25.2 Musée d’Orsay — 이번 체류의 핵심 미술관,29,,
G550,D1-exact,1.0,source/CURRENT/20_Regional_Chapters/11_Paris_Long_Stay_v2.0.md,25.2 Musée d’Orsay — 이번 체류의 핵심 미술관,29,,
G551,D1-exact,1.0,source/CURRENT/10_Core/42_TP_Europe_Travel_Guidebook_Master_v1.4.md,25.6 Centre Pompidou 대체,26,,
G551,D1-exact,1.0,source/CURRENT/20_Regional_Chapters/11_Paris_Long_Stay_v1.7.md,25.6 Centre Pompidou 대체,26,,
G551,D1-exact,1.0,source/CURRENT/20_Regional_Chapters/11_Paris_Long_Stay_v2.0.md,25.6 Centre Pompidou 대체,26,,
G552,D1-exact,1.0,source/CURRENT/10_Core/42_TP_Europe_Travel_Guidebook_Master_v1.4.md,BnF Richelieu — 우선 추천,39,,
G552,D1-exact,1.0,source/CURRENT/20_Regional_Chapters/11_Paris_Long_Stay_v1.7.md,BnF Richelieu — 우선 추천,39,,
G552,D1-exact,1.0,source/CURRENT/20_Regional_Chapters/11_Paris_Long_Stay_v2.0.md,BnF Richelieu — 우선 추천,39,,
G553,D1-exact,1.0,source/CURRENT/10_Core/42_TP_Europe_Travel_Guidebook_Master_v1.4.md,서점 선택,51,,
G553,D1-exact,1.0,source/CURRENT/20_Regional_Chapters/11_Paris_Long_Stay_v1.7.md,서점 선택,51,,
G553,D1-exact,1.0,source/CURRENT/20_Regional_Chapters/11_Paris_Long_Stay_v2.0.md,서점 선택,51,,
G554,D1-exact,1.0,source/CURRENT/10_Core/42_TP_Europe_Travel_Guidebook_Master_v1.4.md,27.2 공연 2 — 오페라·발레,46,,
G554,D1-exact,1.0,source/CURRENT/20_Regional_Chapters/11_Paris_Long_Stay_v1.7.md,27.2 공연 2 — 오페라·발레,46,,
G554,D1-exact,1.0,source/CURRENT/20_Regional_Chapters/11_Paris_Long_Stay_v2.0.md,27.2 공연 2 — 오페라·발레,46,,
G555,D1-exact,1.0,source/CURRENT/10_Core/42_TP_Europe_Travel_Guidebook_Master_v1.4.md,27.3 연극·재즈 대안,29,,
G555,D1-exact,1.0,source/CURRENT/20_Regional_Chapters/11_Paris_Long_Stay_v1.7.md,27.3 연극·재즈 대안,29,,
G555,D1-exact,1.0,source/CURRENT/20_Regional_Chapters/11_Paris_Long_Stay_v2.0.md,27.3 연극·재즈 대안,29,,
G556,D1-exact,1.0,source/CURRENT/10_Core/42_TP_Europe_Travel_Guidebook_Master_v1.4.md,현재 판단,43,,
G556,D1-exact,1.0,source/CURRENT/20_Regional_Chapters/11_Paris_Long_Stay_v1.7.md,현재 판단,43,,
G556,D1-exact,1.0,source/CURRENT/20_Regional_Chapters/11_Paris_Long_Stay_v2.0.md,현재 판단,43,,
G557,D1-exact,1.0,source/CURRENT/10_Core/42_TP_Europe_Travel_Guidebook_Master_v1.4.md,경기 우선순위,37,,
G557,D1-exact,1.0,source/CURRENT/20_Regional_Chapters/11_Paris_Long_Stay_v1.7.md,경기 우선순위,37,,
G557,D1-exact,1.0,source/CURRENT/20_Regional_Chapters/11_Paris_Long_Stay_v2.0.md,경기 우선순위,37,,
G558,D1-exact,1.0,source/CURRENT/10_Core/42_TP_Europe_Travel_Guidebook_Master_v1.4.md,안전·귀가,26,,
G558,D1-exact,1.0,source/CURRENT/20_Regional_Chapters/11_Paris_Long_Stay_v1.7.md,안전·귀가,26,,
G558,D1-exact,1.0,source/CURRENT/20_Regional_Chapters/11_Paris_Long_Stay_v2.0.md,안전·귀가,26,,
G559,D1-exact,1.0,source/CURRENT/10_Core/42_TP_Europe_Travel_Guidebook_Master_v1.4.md,29.1 Versailles — 대표성 1순위,33,,
G559,D1-exact,1.0,source/CURRENT/20_Regional_Chapters/11_Paris_Long_Stay_v1.7.md,29.1 Versailles — 대표성 1순위,33,,
G559,D1-exact,1.0,source/CURRENT/20_Regional_Chapters/11_Paris_Long_Stay_v2.0.md,29.1 Versailles — 대표성 1순위,33,,
G560,D1-exact,1.0,source/CURRENT/10_Core/42_TP_Europe_Travel_Guidebook_Master_v1.4.md,29.2 Giverny — 미술과 정원 1순위,44,,
G560,D1-exact,1.0,source/CURRENT/20_Regional_Chapters/11_Paris_Long_Stay_v1.7.md,29.2 Giverny — 미술과 정원 1순위,44,,
G560,D1-exact,1.0,source/CURRENT/20_Regional_Chapters/11_Paris_Long_Stay_v2.0.md,29.2 Giverny — 미술과 정원 1순위,44,,
G561,D1-exact,1.0,source/CURRENT/10_Core/42_TP_Europe_Travel_Guidebook_Master_v1.4.md,대체 후보,31,,
G561,D1-exact,1.0,source/CURRENT/20_Regional_Chapters/11_Paris_Long_Stay_v1.7.md,대체 후보,31,,
G561,D1-exact,1.0,source/CURRENT/20_Regional_Chapters/11_Paris_Long_Stay_v2.0.md,대체 후보,31,,
G562,D1-exact,1.0,source/CURRENT/10_Core/42_TP_Europe_Travel_Guidebook_Master_v1.4.md,30.1 15박에 필요한 조건,35,,
G562,D1-exact,1.0,source/CURRENT/20_Regional_Chapters/11_Paris_Long_Stay_v1.7.md,30.1 15박에 필요한 조건,35,,
G562,D1-exact,1.0,source/CURRENT/20_Regional_Chapters/11_Paris_Long_Stay_v2.0.md,30.1 15박에 필요한 조건,35,,
G563,D1-exact,1.0,source/CURRENT/10_Core/42_TP_Europe_Travel_Guidebook_Master_v1.4.md,30.2 실제 숙소 후보,113,,
G563,D1-exact,1.0,source/CURRENT/20_Regional_Chapters/11_Paris_Long_Stay_v1.7.md,30.2 실제 숙소 후보,113,,
G563,D1-exact,1.0,source/CURRENT/20_Regional_Chapters/11_Paris_Long_Stay_v2.0.md,30.2 실제 숙소 후보,113,,
G564,D1-exact,1.0,source/CURRENT/10_Core/42_TP_Europe_Travel_Guidebook_Master_v1.4.md,30.3 숙소 선택 의사결정,30,,
G564,D1-exact,1.0,source/CURRENT/20_Regional_Chapters/11_Paris_Long_Stay_v1.7.md,30.3 숙소 선택 의사결정,30,,
G564,D1-exact,1.0,source/CURRENT/20_Regional_Chapters/11_Paris_Long_Stay_v2.0.md,30.3 숙소 선택 의사결정,30,,
G565,D1-exact,1.0,source/CURRENT/10_Core/42_TP_Europe_Travel_Guidebook_Master_v1.4.md,반드시 서면 확인,35,,
G565,D1-exact,1.0,source/CURRENT/20_Regional_Chapters/11_Paris_Long_Stay_v1.7.md,반드시 서면 확인,35,,
G565,D1-exact,1.0,source/CURRENT/20_Regional_Chapters/11_Paris_Long_Stay_v2.0.md,반드시 서면 확인,35,,
G566,D1-exact,1.0,source/CURRENT/10_Core/42_TP_Europe_Travel_Guidebook_Master_v1.4.md,{{VISUAL:VIS-PHOTO-077|type=photo|status=travel-capture|strategy=direct-shot}} Marché Monge에서 장을 보는 주민들,69,,
G566,D1-exact,1.0,source/CURRENT/20_Regional_Chapters/11_Paris_Long_Stay_v1.7.md,{{VISUAL:VIS-PHOTO-104|type=photo|status=travel-capture|strategy=direct-shot}} Marché Monge에서 장을 보는 주민들,69,,
G566,D1-exact,1.0,source/CURRENT/20_Regional_Chapters/11_Paris_Long_Stay_v2.0.md,{{VISUAL:VIS-PHOTO-104|type=photo|status=travel-capture|strategy=direct-shot}} Marché Monge에서 장을 보는 주민들,69,,
G567,D1-exact,1.0,source/CURRENT/10_Core/42_TP_Europe_Travel_Guidebook_Master_v1.4.md,주간 구매 패턴,40,,
G567,D1-exact,1.0,source/CURRENT/20_Regional_Chapters/11_Paris_Long_Stay_v1.7.md,주간 구매 패턴,40,,
G567,D1-exact,1.0,source/CURRENT/20_Regional_Chapters/11_Paris_Long_Stay_v2.0.md,주간 구매 패턴,40,,
G568,D1-exact,1.0,source/CURRENT/10_Core/42_TP_Europe_Travel_Guidebook_Master_v1.4.md,시장에서 살 것,49,,
G568,D1-exact,1.0,source/CURRENT/20_Regional_Chapters/11_Paris_Long_Stay_v1.7.md,시장에서 살 것,49,,
G568,D1-exact,1.0,source/CURRENT/20_Regional_Chapters/11_Paris_Long_Stay_v2.0.md,시장에서 살 것,49,,
G569,D1-exact,1.0,source/CURRENT/10_Core/42_TP_Europe_Travel_Guidebook_Master_v1.4.md,32.2 추천 식당,148,,
G569,D1-exact,1.0,source/CURRENT/20_Regional_Chapters/11_Paris_Long_Stay_v1.7.md,32.2 추천 식당,148,,
G569,D1-exact,1.0,source/CURRENT/20_Regional_Chapters/11_Paris_Long_Stay_v2.0.md,32.2 추천 식당,148,,
G570,D1-exact,1.0,source/CURRENT/10_Core/42_TP_Europe_Travel_Guidebook_Master_v1.4.md,32.3 공연일 식사,30,,
G570,D1-exact,1.0,source/CURRENT/20_Regional_Chapters/11_Paris_Long_Stay_v1.7.md,32.3 공연일 식사,30,,
G570,D1-exact,1.0,source/CURRENT/20_Regional_Chapters/11_Paris_Long_Stay_v2.0.md,32.3 공연일 식사,30,,
G571,D1-exact,1.0,source/CURRENT/10_Core/42_TP_Europe_Travel_Guidebook_Master_v1.4.md,33.1 Jason 러닝,48,,
G571,D1-exact,1.0,source/CURRENT/20_Regional_Chapters/11_Paris_Long_Stay_v1.7.md,33.1 Jason 러닝,48,,
G571,D1-exact,1.0,source/CURRENT/20_Regional_Chapters/11_Paris_Long_Stay_v2.0.md,33.1 Jason 러닝,48,,
G572,D1-exact,1.0,source/CURRENT/10_Core/42_TP_Europe_Travel_Guidebook_Master_v1.4.md,33.3 Julia 선택 수영,53,,
G572,D1-exact,1.0,source/CURRENT/20_Regional_Chapters/11_Paris_Long_Stay_v1.7.md,33.3 Julia 선택 수영,53,,
G572,D1-exact,1.0,source/CURRENT/20_Regional_Chapters/11_Paris_Long_Stay_v2.0.md,33.3 Julia 선택 수영,53,,
G573,D1-exact,1.0,source/CURRENT/10_Core/42_TP_Europe_Travel_Guidebook_Master_v1.4.md,34.1 추천 승차권,55,,
G573,D1-exact,1.0,source/CURRENT/20_Regional_Chapters/11_Paris_Long_Stay_v1.7.md,34.1 추천 승차권,55,,
G573,D1-exact,1.0,source/CURRENT/20_Regional_Chapters/11_Paris_Long_Stay_v2.0.md,34.1 추천 승차권,55,,
G574,D1-exact,1.0,source/CURRENT/10_Core/42_TP_Europe_Travel_Guidebook_Master_v1.4.md,34.2 핵심 문전시간,41,,
G574,D1-exact,1.0,source/CURRENT/20_Regional_Chapters/11_Paris_Long_Stay_v1.7.md,34.2 핵심 문전시간,41,,
G574,D1-exact,1.0,source/CURRENT/20_Regional_Chapters/11_Paris_Long_Stay_v2.0.md,34.2 핵심 문전시간,41,,
G575,D1-exact,1.0,source/CURRENT/10_Core/42_TP_Europe_Travel_Guidebook_Master_v1.4.md,34.3 야간 귀가,30,,
G575,D1-exact,1.0,source/CURRENT/20_Regional_Chapters/11_Paris_Long_Stay_v1.7.md,34.3 야간 귀가,30,,
G575,D1-exact,1.0,source/CURRENT/20_Regional_Chapters/11_Paris_Long_Stay_v2.0.md,34.3 야간 귀가,30,,
G576,D1-exact,1.0,source/CURRENT/10_Core/42_TP_Europe_Travel_Guidebook_Master_v1.4.md,기본 규칙,43,,
G576,D1-exact,1.0,source/CURRENT/20_Regional_Chapters/11_Paris_Long_Stay_v1.7.md,기본 규칙,43,,
G576,D1-exact,1.0,source/CURRENT/20_Regional_Chapters/11_Paris_Long_Stay_v2.0.md,기본 규칙,43,,
G577,D1-exact,1.0,source/CURRENT/10_Core/42_TP_Europe_Travel_Guidebook_Master_v1.4.md,숙소권 판단,26,,
G577,D1-exact,1.0,source/CURRENT/20_Regional_Chapters/11_Paris_Long_Stay_v1.7.md,숙소권 판단,26,,
G577,D1-exact,1.0,source/CURRENT/20_Regional_Chapters/11_Paris_Long_Stay_v2.0.md,숙소권 판단,26,,
G578,D1-exact,1.0,source/CURRENT/10_Core/42_TP_Europe_Travel_Guidebook_Master_v1.4.md,36. 2026년 특별 이벤트와 변동요인,77,,
G578,D1-exact,1.0,source/CURRENT/20_Regional_Chapters/11_Paris_Long_Stay_v1.7.md,36. 2026년 특별 이벤트와 변동요인,77,,
G578,D1-exact,1.0,source/CURRENT/20_Regional_Chapters/11_Paris_Long_Stay_v2.0.md,36. 2026년 특별 이벤트와 변동요인,77,,
G579,D1-exact,1.0,source/CURRENT/10_Core/42_TP_Europe_Travel_Guidebook_Master_v1.4.md,37. 우천·파업·피로 대체안,50,,
G579,D1-exact,1.0,source/CURRENT/20_Regional_Chapters/11_Paris_Long_Stay_v1.7.md,37. 우천·파업·피로 대체안,50,,
G579,D1-exact,1.0,source/CURRENT/20_Regional_Chapters/11_Paris_Long_Stay_v2.0.md,37. 우천·파업·피로 대체안,50,,
G580,D1-exact,1.0,source/CURRENT/10_Core/42_TP_Europe_Travel_Guidebook_Master_v1.4.md,38. 예약카드,110,,
G580,D1-exact,1.0,source/CURRENT/20_Regional_Chapters/11_Paris_Long_Stay_v1.7.md,38. 예약카드,110,,
G580,D1-exact,1.0,source/CURRENT/20_Regional_Chapters/11_Paris_Long_Stay_v2.0.md,38. 예약카드,110,,
G581,D1-exact,1.0,source/CURRENT/10_Core/42_TP_Europe_Travel_Guidebook_Master_v1.4.md,39. 예상 경비 — 파리 2인 15박 계획범위,79,,
G581,D1-exact,1.0,source/CURRENT/20_Regional_Chapters/11_Paris_Long_Stay_v1.7.md,39. 예상 경비 — 파리 2인 15박 계획범위,79,,
G581,D1-exact,1.0,source/CURRENT/20_Regional_Chapters/11_Paris_Long_Stay_v2.0.md,39. 예상 경비 — 파리 2인 15박 계획범위,79,,
G582,D1-exact,1.0,source/CURRENT/10_Core/42_TP_Europe_Travel_Guidebook_Master_v1.4.md,숙소,30,,
G582,D1-exact,1.0,source/CURRENT/20_Regional_Chapters/11_Paris_Long_Stay_v1.7.md,숙소,30,,
G582,D1-exact,1.0,source/CURRENT/20_Regional_Chapters/11_Paris_Long_Stay_v2.0.md,숙소,30,,
G583,D1-exact,1.0,source/CURRENT/10_Core/42_TP_Europe_Travel_Guidebook_Master_v1.4.md,문화,30,,
G583,D1-exact,1.0,source/CURRENT/20_Regional_Chapters/11_Paris_Long_Stay_v1.7.md,문화,30,,
G583,D1-exact,1.0,source/CURRENT/20_Regional_Chapters/11_Paris_Long_Stay_v2.0.md,문화,30,,
G584,D1-exact,1.0,source/CURRENT/10_Core/42_TP_Europe_Travel_Guidebook_Master_v1.4.md,생활,35,,
G584,D1-exact,1.0,source/CURRENT/20_Regional_Chapters/11_Paris_Long_Stay_v1.7.md,생활,35,,
G584,D1-exact,1.0,source/CURRENT/20_Regional_Chapters/11_Paris_Long_Stay_v2.0.md,생활,35,,
G585,D1-exact,1.0,source/CURRENT/10_Core/42_TP_Europe_Travel_Guidebook_Master_v1.4.md,출국,28,,
G585,D1-exact,1.0,source/CURRENT/20_Regional_Chapters/11_Paris_Long_Stay_v1.7.md,출국,28,,
G585,D1-exact,1.0,source/CURRENT/20_Regional_Chapters/11_Paris_Long_Stay_v2.0.md,출국,28,,
G586,D1-exact,1.0,source/CURRENT/10_Core/42_TP_Europe_Travel_Guidebook_Master_v1.4.md,파리에서의 장소 선택 원칙,83,,
G586,D1-exact,1.0,source/CURRENT/20_Regional_Chapters/11_Paris_Long_Stay_v1.7.md,파리에서의 장소 선택 원칙,83,,
G586,D1-exact,1.0,source/CURRENT/20_Regional_Chapters/11_Paris_Long_Stay_v2.0.md,파리에서의 장소 선택 원칙,83,,
G587,D1-exact,1.0,source/CURRENT/10_Core/42_TP_Europe_Travel_Guidebook_Master_v1.4.md,Louvre — 작품목록보다 세 개의 질문을 정한다,50,,
G587,D1-exact,1.0,source/CURRENT/20_Regional_Chapters/11_Paris_Long_Stay_v1.7.md,Louvre — 작품목록보다 세 개의 질문을 정한다,50,,
G587,D1-exact,1.0,source/CURRENT/20_Regional_Chapters/11_Paris_Long_Stay_v2.0.md,Louvre — 작품목록보다 세 개의 질문을 정한다,50,,
G588,D1-exact,1.0,source/CURRENT/10_Core/42_TP_Europe_Travel_Guidebook_Master_v1.4.md,Grand Palais — 전시만큼 건물의 규모와 복원 후 공간,25,,
G588,D1-exact,1.0,source/CURRENT/20_Regional_Chapters/11_Paris_Long_Stay_v1.7.md,Grand Palais — 전시만큼 건물의 규모와 복원 후 공간,25,,
G588,D1-exact,1.0,source/CURRENT/20_Regional_Chapters/11_Paris_Long_Stay_v2.0.md,Grand Palais — 전시만큼 건물의 규모와 복원 후 공간,25,,
G589,D1-exact,1.0,source/CURRENT/10_Core/42_TP_Europe_Travel_Guidebook_Master_v1.4.md,BnF Richelieu — 무료로 누리는 파리 문화생활의 정수,25,,
G589,D1-exact,1.0,source/CURRENT/20_Regional_Chapters/11_Paris_Long_Stay_v1.7.md,BnF Richelieu — 무료로 누리는 파리 문화생활의 정수,25,,
G589,D1-exact,1.0,source/CURRENT/20_Regional_Chapters/11_Paris_Long_Stay_v2.0.md,BnF Richelieu — 무료로 누리는 파리 문화생활의 정수,25,,
G590,D1-exact,1.0,source/CURRENT/10_Core/42_TP_Europe_Travel_Guidebook_Master_v1.4.md,Marais — 한 번에 모든 층을 보지 않는다,26,,
G590,D1-exact,1.0,source/CURRENT/20_Regional_Chapters/11_Paris_Long_Stay_v1.7.md,Marais — 한 번에 모든 층을 보지 않는다,26,,
G590,D1-exact,1.0,source/CURRENT/20_Regional_Chapters/11_Paris_Long_Stay_v2.0.md,Marais — 한 번에 모든 층을 보지 않는다,26,,
G591,D1-exact,1.0,source/CURRENT/10_Core/42_TP_Europe_Travel_Guidebook_Master_v1.4.md,파리에서 꼭 체험할 것 10가지,83,,
G591,D1-exact,1.0,source/CURRENT/20_Regional_Chapters/11_Paris_Long_Stay_v1.7.md,파리에서 꼭 체험할 것 10가지,83,,
G591,D1-exact,1.0,source/CURRENT/20_Regional_Chapters/11_Paris_Long_Stay_v2.0.md,파리에서 꼭 체험할 것 10가지,83,,
G592,D1-exact,1.0,source/CURRENT/10_Core/42_TP_Europe_Travel_Guidebook_Master_v1.4.md,공연과 축구를 파리생활에 넣는 법,46,,
G592,D1-exact,1.0,source/CURRENT/20_Regional_Chapters/11_Paris_Long_Stay_v1.7.md,공연과 축구를 파리생활에 넣는 법,46,,
G592,D1-exact,1.0,source/CURRENT/20_Regional_Chapters/11_Paris_Long_Stay_v2.0.md,공연과 축구를 파리생활에 넣는 법,46,,
G593,D1-exact,1.0,source/CURRENT/10_Core/42_TP_Europe_Travel_Guidebook_Master_v1.4.md,현장 선택 규칙,47,,
G593,D1-exact,1.0,source/CURRENT/20_Regional_Chapters/11_Paris_Long_Stay_v1.7.md,현장 선택 규칙,47,,
G593,D1-exact,1.0,source/CURRENT/20_Regional_Chapters/11_Paris_Long_Stay_v2.0.md,현장 선택 규칙,47,,
G594,D1-exact,1.0,source/CURRENT/10_Core/42_TP_Europe_Travel_Guidebook_Master_v1.4.md,교통·시장·안전,29,,
G594,D1-exact,1.0,source/CURRENT/20_Regional_Chapters/11_Paris_Long_Stay_v1.7.md,교통·시장·안전,29,,
G594,D1-exact,1.0,source/CURRENT/20_Regional_Chapters/11_Paris_Long_Stay_v2.0.md,교통·시장·안전,29,,
G595,D1-exact,1.0,source/CURRENT/10_Core/42_TP_Europe_Travel_Guidebook_Master_v1.4.md,미술관·도서관,49,,
G595,D1-exact,1.0,source/CURRENT/20_Regional_Chapters/11_Paris_Long_Stay_v1.7.md,미술관·도서관,49,,
G595,D1-exact,1.0,source/CURRENT/20_Regional_Chapters/11_Paris_Long_Stay_v2.0.md,미술관·도서관,49,,
G596,D1-exact,1.0,source/CURRENT/10_Core/42_TP_Europe_Travel_Guidebook_Master_v1.4.md,공연·축구,35,,
G596,D1-exact,1.0,source/CURRENT/20_Regional_Chapters/11_Paris_Long_Stay_v1.7.md,공연·축구,35,,
G596,D1-exact,1.0,source/CURRENT/20_Regional_Chapters/11_Paris_Long_Stay_v2.0.md,공연·축구,35,,
G597,D1-exact,1.0,source/CURRENT/10_Core/42_TP_Europe_Travel_Guidebook_Master_v1.4.md,숙소 공식사이트,27,,
G597,D1-exact,1.0,source/CURRENT/20_Regional_Chapters/11_Paris_Long_Stay_v1.7.md,숙소 공식사이트,27,,
G597,D1-exact,1.0,source/CURRENT/20_Regional_Chapters/11_Paris_Long_Stay_v2.0.md,숙소 공식사이트,27,,
G598,D1-exact,1.0,source/CURRENT/20_Regional_Chapters/04_Barcelona_Sitges_v1.6.md,Editor’s Verdict,32,,
G598,D1-exact,1.0,source/CURRENT/20_Regional_Chapters/04_Barcelona_Sitges_v2.0.md,Editor’s Verdict,32,,
G598,D1-exact,1.0,source/CURRENT/30_Reader_Edition/04_Barcelona_Sitges_Reader_v1.5.md,Editor’s Verdict,32,,
G599,D1-exact,1.0,source/CURRENT/20_Regional_Chapters/04_Barcelona_Sitges_v1.6.md,놓치면 아쉬운 선택,62,,
G599,D1-exact,1.0,source/CURRENT/20_Regional_Chapters/04_Barcelona_Sitges_v2.0.md,놓치면 아쉬운 선택,62,,
G599,D1-exact,1.0,source/CURRENT/30_Reader_Edition/04_Barcelona_Sitges_Reader_v1.5.md,놓치면 아쉬운 선택,62,,
G600,D1-exact,1.0,source/CURRENT/20_Regional_Chapters/04_Barcelona_Sitges_v1.6.md,하루를 완성하는 네 가지 선택,45,,
G600,D1-exact,1.0,source/CURRENT/20_Regional_Chapters/04_Barcelona_Sitges_v2.0.md,하루를 완성하는 네 가지 선택,45,,
G600,D1-exact,1.0,source/CURRENT/30_Reader_Edition/04_Barcelona_Sitges_Reader_v1.5.md,하루를 완성하는 네 가지 선택,45,,
G601,D1-exact,1.0,source/CURRENT/20_Regional_Chapters/04_Barcelona_Sitges_v1.6.md,이 지역의 Top 10,29,,
G601,D1-exact,1.0,source/CURRENT/20_Regional_Chapters/04_Barcelona_Sitges_v2.0.md,이 지역의 Top 10,29,,
G601,D1-exact,1.0,source/CURRENT/30_Reader_Edition/04_Barcelona_Sitges_Reader_v1.5.md,이 지역의 Top 10,29,,
G602,D1-exact,1.0,source/CURRENT/20_Regional_Chapters/04_Barcelona_Sitges_v1.6.md,현장 메모,43,,
G602,D1-exact,1.0,source/CURRENT/20_Regional_Chapters/04_Barcelona_Sitges_v2.0.md,현장 메모,43,,
G602,D1-exact,1.0,source/CURRENT/30_Reader_Edition/04_Barcelona_Sitges_Reader_v1.5.md,현장 메모,43,,
G603,D1-exact,1.0,source/CURRENT/20_Regional_Chapters/04_Barcelona_Sitges_v1.6.md,Phase 10 공식정보 원칙,33,,
G603,D1-exact,1.0,source/CURRENT/20_Regional_Chapters/04_Barcelona_Sitges_v2.0.md,Phase 10 공식정보 원칙,33,,
G603,D1-exact,1.0,source/CURRENT/20_Regional_Chapters/05_Girona_Collioure_Emporda_v1.6.md,Phase 10 공식정보 원칙,33,,
G603,D1-exact,1.0,source/CURRENT/20_Regional_Chapters/05_Girona_Collioure_Emporda_v2.1.md,Phase 10 공식정보 원칙,33,,
G603,D1-exact,1.0,source/CURRENT/20_Regional_Chapters/06_Nice_Cote_d_Azur_v1.8.md,Phase 10 공식정보 원칙,33,,
G603,D1-exact,1.0,source/CURRENT/20_Regional_Chapters/06_Nice_Cote_d_Azur_v2.0.md,Phase 10 공식정보 원칙,33,,
G603,D1-exact,1.0,source/CURRENT/20_Regional_Chapters/07_Aix_en_Provence_v1.7.md,Phase 10 공식정보 원칙,33,,
G603,D1-exact,1.0,source/CURRENT/20_Regional_Chapters/07_Aix_en_Provence_v2.0.md,Phase 10 공식정보 원칙,33,,
G603,D1-exact,1.0,source/CURRENT/20_Regional_Chapters/08_Luberon_Farmhouse_v1.8.md,Phase 10 공식정보 원칙,33,,
G603,D1-exact,1.0,source/CURRENT/20_Regional_Chapters/08_Luberon_Farmhouse_v2.0.md,Phase 10 공식정보 원칙,33,,
G603,D1-exact,1.0,source/CURRENT/20_Regional_Chapters/09_Avignon_Alpilles_Pont_du_Gard_v1.6.md,Phase 10 공식정보 원칙,33,,
G603,D1-exact,1.0,source/CURRENT/20_Regional_Chapters/09_Avignon_Alpilles_Pont_du_Gard_v2.0.md,Phase 10 공식정보 원칙,33,,
G603,D1-exact,1.0,source/CURRENT/20_Regional_Chapters/10_Lyon_v1.7.md,Phase 10 공식정보 원칙,33,,
G603,D1-exact,1.0,source/CURRENT/20_Regional_Chapters/10_Lyon_v2.0.md,Phase 10 공식정보 원칙,33,,
G603,D1-exact,1.0,source/CURRENT/20_Regional_Chapters/11_Paris_Long_Stay_v1.7.md,Phase 10 공식정보 원칙,33,,
G603,D1-exact,1.0,source/CURRENT/20_Regional_Chapters/11_Paris_Long_Stay_v2.0.md,Phase 10 공식정보 원칙,33,,
G603,D1-exact,1.0,source/CURRENT/30_Reader_Edition/04_Barcelona_Sitges_Reader_v1.5.md,Phase 10 공식정보 원칙,33,,
G603,D1-exact,1.0,source/CURRENT/30_Reader_Edition/05_Girona_Collioure_Emporda_Reader_v1.5.md,Phase 10 공식정보 원칙,33,,
G603,D1-exact,1.0,source/CURRENT/30_Reader_Edition/06_Nice_Cote_d_Azur_Reader_v1.5.md,Phase 10 공식정보 원칙,33,,
G603,D1-exact,1.0,source/CURRENT/30_Reader_Edition/07_Aix_en_Provence_Reader_v1.6.md,Phase 10 공식정보 원칙,33,,
G603,D1-exact,1.0,source/CURRENT/30_Reader_Edition/08_Luberon_Farmhouse_Reader_v1.6.md,Phase 10 공식정보 원칙,33,,
G603,D1-exact,1.0,source/CURRENT/30_Reader_Edition/09_Avignon_Alpilles_Pont_du_Gard_Reader_v1.6.md,Phase 10 공식정보 원칙,33,,
G603,D1-exact,1.0,source/CURRENT/30_Reader_Edition/10_Lyon_Reader_v1.7.md,Phase 10 공식정보 원칙,33,,
G603,D1-exact,1.0,source/CURRENT/30_Reader_Edition/11_Paris_Long_Stay_Reader_v1.8.md,Phase 10 공식정보 원칙,33,,
G604,D1-exact,1.0,source/CURRENT/20_Regional_Chapters/04_Barcelona_Sitges_v1.6.md,1. Sagrada Família,79,,
G604,D1-exact,1.0,source/CURRENT/30_Reader_Edition/04_Barcelona_Sitges_Reader_v1.5.md,1. Sagrada Família,79,,
G605,D1-exact,1.0,source/CURRENT/20_Regional_Chapters/04_Barcelona_Sitges_v1.6.md,2. Recinte Modernista de Sant Pau,57,,
G605,D1-exact,1.0,source/CURRENT/30_Reader_Edition/04_Barcelona_Sitges_Reader_v1.5.md,2. Recinte Modernista de Sant Pau,57,,
G606,D1-exact,1.0,source/CURRENT/20_Regional_Chapters/04_Barcelona_Sitges_v1.6.md,3. Gothic Quarter·Plaça del Rei,63,,
G606,D1-exact,1.0,source/CURRENT/30_Reader_Edition/04_Barcelona_Sitges_Reader_v1.5.md,3. Gothic Quarter·Plaça del Rei,63,,
G607,D1-exact,1.0,source/CURRENT/20_Regional_Chapters/04_Barcelona_Sitges_v1.6.md,4. Biblioteca de Catalunya,52,,
G607,D1-exact,1.0,source/CURRENT/30_Reader_Edition/04_Barcelona_Sitges_Reader_v1.5.md,4. Biblioteca de Catalunya,52,,
G608,D1-exact,1.0,source/CURRENT/20_Regional_Chapters/04_Barcelona_Sitges_v1.6.md,5. MACBA,56,,
G608,D1-exact,1.0,source/CURRENT/30_Reader_Edition/04_Barcelona_Sitges_Reader_v1.5.md,5. MACBA,56,,
G609,D1-exact,1.0,source/CURRENT/20_Regional_Chapters/04_Barcelona_Sitges_v1.6.md,"6. Cau Ferrat·Maricel, Sitges",49,,
G609,D1-exact,1.0,source/CURRENT/30_Reader_Edition/04_Barcelona_Sitges_Reader_v1.5.md,"6. Cau Ferrat·Maricel, Sitges",49,,
G610,D1-exact,1.0,source/CURRENT/20_Regional_Chapters/04_Barcelona_Sitges_v1.6.md,실행지도 · 현장 사용,40,,
G610,D1-exact,1.0,source/CURRENT/20_Regional_Chapters/04_Barcelona_Sitges_v2.0.md,실행지도 · 현장 사용,40,,
G610,D1-exact,1.0,source/CURRENT/30_Reader_Edition/04_Barcelona_Sitges_Reader_v1.5.md,실행지도 · 현장 사용,40,,
G611,D1-exact,1.0,source/CURRENT/20_Regional_Chapters/05_Girona_Collioure_Emporda_v1.6.md,Editor’s Verdict,33,,
G611,D1-exact,1.0,source/CURRENT/20_Regional_Chapters/05_Girona_Collioure_Emporda_v2.1.md,Editor’s Verdict,33,,
G611,D1-exact,1.0,source/CURRENT/30_Reader_Edition/05_Girona_Collioure_Emporda_Reader_v1.5.md,Editor’s Verdict,33,,
G612,D1-exact,1.0,source/CURRENT/20_Regional_Chapters/05_Girona_Collioure_Emporda_v1.6.md,놓치면 아쉬운 선택,61,,
G612,D1-exact,1.0,source/CURRENT/20_Regional_Chapters/05_Girona_Collioure_Emporda_v2.1.md,놓치면 아쉬운 선택,61,,
G612,D1-exact,1.0,source/CURRENT/30_Reader_Edition/05_Girona_Collioure_Emporda_Reader_v1.5.md,놓치면 아쉬운 선택,61,,
G613,D1-exact,1.0,source/CURRENT/20_Regional_Chapters/05_Girona_Collioure_Emporda_v1.6.md,하루를 완성하는 네 가지 선택,47,,
G613,D1-exact,1.0,source/CURRENT/20_Regional_Chapters/05_Girona_Collioure_Emporda_v2.1.md,하루를 완성하는 네 가지 선택,47,,
G613,D1-exact,1.0,source/CURRENT/30_Reader_Edition/05_Girona_Collioure_Emporda_Reader_v1.5.md,하루를 완성하는 네 가지 선택,47,,
G614,D1-exact,1.0,source/CURRENT/20_Regional_Chapters/05_Girona_Collioure_Emporda_v1.6.md,이 지역의 Top 10,27,,
G614,D1-exact,1.0,source/CURRENT/20_Regional_Chapters/05_Girona_Collioure_Emporda_v2.1.md,이 지역의 Top 10,27,,
G614,D1-exact,1.0,source/CURRENT/30_Reader_Edition/05_Girona_Collioure_Emporda_Reader_v1.5.md,이 지역의 Top 10,27,,
G615,D1-exact,1.0,source/CURRENT/20_Regional_Chapters/05_Girona_Collioure_Emporda_v1.6.md,현장 메모,42,,
G615,D1-exact,1.0,source/CURRENT/20_Regional_Chapters/05_Girona_Collioure_Emporda_v2.1.md,현장 메모,42,,
G615,D1-exact,1.0,source/CURRENT/30_Reader_Edition/05_Girona_Collioure_Emporda_Reader_v1.5.md,현장 메모,42,,
G616,D1-exact,1.0,source/CURRENT/20_Regional_Chapters/05_Girona_Collioure_Emporda_v1.6.md,1. Girona Cathedral,56,,
G616,D1-exact,1.0,source/CURRENT/30_Reader_Edition/05_Girona_Collioure_Emporda_Reader_v1.5.md,1. Girona Cathedral,56,,
G617,D1-exact,1.0,source/CURRENT/20_Regional_Chapters/05_Girona_Collioure_Emporda_v1.6.md,2. Girona Walls,58,,
G617,D1-exact,1.0,source/CURRENT/30_Reader_Edition/05_Girona_Collioure_Emporda_Reader_v1.5.md,2. Girona Walls,58,,
G618,D1-exact,1.0,source/CURRENT/20_Regional_Chapters/05_Girona_Collioure_Emporda_v1.6.md,3. Collioure Château Royal,56,,
G618,D1-exact,1.0,source/CURRENT/30_Reader_Edition/05_Girona_Collioure_Emporda_Reader_v1.5.md,3. Collioure Château Royal,56,,
G619,D1-exact,1.0,source/CURRENT/20_Regional_Chapters/05_Girona_Collioure_Emporda_v1.6.md,4. Chemin du Fauvisme,51,,
G619,D1-exact,1.0,source/CURRENT/30_Reader_Edition/05_Girona_Collioure_Emporda_Reader_v1.5.md,4. Chemin du Fauvisme,51,,
G620,D1-exact,1.0,source/CURRENT/20_Regional_Chapters/05_Girona_Collioure_Emporda_v1.6.md,5. Pals Medieval Quarter,54,,
G620,D1-exact,1.0,source/CURRENT/30_Reader_Edition/05_Girona_Collioure_Emporda_Reader_v1.5.md,5. Pals Medieval Quarter,54,,
G621,D1-exact,1.0,source/CURRENT/20_Regional_Chapters/05_Girona_Collioure_Emporda_v1.6.md,6. Peratallada,51,,
G621,D1-exact,1.0,source/CURRENT/30_Reader_Edition/05_Girona_Collioure_Emporda_Reader_v1.5.md,6. Peratallada,51,,
G622,D1-exact,1.0,source/CURRENT/20_Regional_Chapters/05_Girona_Collioure_Emporda_v1.6.md,7. Calella de Palafrugell,48,,
G622,D1-exact,1.0,source/CURRENT/30_Reader_Edition/05_Girona_Collioure_Emporda_Reader_v1.5.md,7. Calella de Palafrugell,48,,
G623,D1-exact,1.0,source/CURRENT/20_Regional_Chapters/05_Girona_Collioure_Emporda_v1.6.md,실행지도 · 현장 사용,40,,
G623,D1-exact,1.0,source/CURRENT/20_Regional_Chapters/05_Girona_Collioure_Emporda_v2.1.md,실행지도 · 현장 사용,40,,
G623,D1-exact,1.0,source/CURRENT/30_Reader_Edition/05_Girona_Collioure_Emporda_Reader_v1.5.md,실행지도 · 현장 사용,40,,
G624,D1-exact,1.0,source/CURRENT/20_Regional_Chapters/06_Nice_Cote_d_Azur_v1.8.md,Editor’s Verdict,34,,
G624,D1-exact,1.0,source/CURRENT/20_Regional_Chapters/06_Nice_Cote_d_Azur_v2.0.md,Editor’s Verdict,34,,
G624,D1-exact,1.0,source/CURRENT/30_Reader_Edition/06_Nice_Cote_d_Azur_Reader_v1.5.md,Editor’s Verdict,34,,
G625,D1-exact,1.0,source/CURRENT/20_Regional_Chapters/06_Nice_Cote_d_Azur_v1.8.md,놓치면 아쉬운 선택,71,,
G625,D1-exact,1.0,source/CURRENT/20_Regional_Chapters/06_Nice_Cote_d_Azur_v2.0.md,놓치면 아쉬운 선택,71,,
G625,D1-exact,1.0,source/CURRENT/30_Reader_Edition/06_Nice_Cote_d_Azur_Reader_v1.5.md,놓치면 아쉬운 선택,71,,
G626,D1-exact,1.0,source/CURRENT/20_Regional_Chapters/06_Nice_Cote_d_Azur_v1.8.md,하루를 완성하는 네 가지 선택,47,,
G626,D1-exact,1.0,source/CURRENT/20_Regional_Chapters/06_Nice_Cote_d_Azur_v2.0.md,하루를 완성하는 네 가지 선택,47,,
G626,D1-exact,1.0,source/CURRENT/30_Reader_Edition/06_Nice_Cote_d_Azur_Reader_v1.5.md,하루를 완성하는 네 가지 선택,47,,
G627,D1-exact,1.0,source/CURRENT/20_Regional_Chapters/06_Nice_Cote_d_Azur_v1.8.md,이 지역의 Top 10,28,,
G627,D1-exact,1.0,source/CURRENT/20_Regional_Chapters/06_Nice_Cote_d_Azur_v2.0.md,이 지역의 Top 10,28,,
G627,D1-exact,1.0,source/CURRENT/30_Reader_Edition/06_Nice_Cote_d_Azur_Reader_v1.5.md,이 지역의 Top 10,28,,
G628,D1-exact,1.0,source/CURRENT/20_Regional_Chapters/06_Nice_Cote_d_Azur_v1.8.md,현장 메모,42,,
G628,D1-exact,1.0,source/CURRENT/20_Regional_Chapters/06_Nice_Cote_d_Azur_v2.0.md,현장 메모,42,,
G628,D1-exact,1.0,source/CURRENT/30_Reader_Edition/06_Nice_Cote_d_Azur_Reader_v1.5.md,현장 메모,42,,
G629,D1-exact,1.0,source/CURRENT/20_Regional_Chapters/06_Nice_Cote_d_Azur_v1.8.md,"지중해 생활도시, 칸과 모나코, 시장과 해안풍경",99,,
G629,D1-exact,1.0,source/CURRENT/30_Reader_Edition/06_Nice_Cote_d_Azur_Reader_v1.5.md,"지중해 생활도시, 칸과 모나코, 시장과 해안풍경",99,,
G630,D1-exact,1.0,source/CURRENT/20_Regional_Chapters/06_Nice_Cote_d_Azur_v1.8.md,1. Cours Saleya,52,,
G630,D1-exact,1.0,source/CURRENT/30_Reader_Edition/06_Nice_Cote_d_Azur_Reader_v1.5.md,1. Cours Saleya,52,,
G631,D1-exact,1.0,source/CURRENT/20_Regional_Chapters/06_Nice_Cote_d_Azur_v1.8.md,2. Colline du Château,46,,
G631,D1-exact,1.0,source/CURRENT/30_Reader_Edition/06_Nice_Cote_d_Azur_Reader_v1.5.md,2. Colline du Château,46,,
G632,D1-exact,1.0,source/CURRENT/20_Regional_Chapters/06_Nice_Cote_d_Azur_v1.8.md,3. Cannes Le Suquet·Croisette,45,,
G632,D1-exact,1.0,source/CURRENT/30_Reader_Edition/06_Nice_Cote_d_Azur_Reader_v1.5.md,3. Cannes Le Suquet·Croisette,45,,
G633,D1-exact,1.0,source/CURRENT/20_Regional_Chapters/06_Nice_Cote_d_Azur_v1.8.md,4. Monaco-Ville,52,,
G633,D1-exact,1.0,source/CURRENT/30_Reader_Edition/06_Nice_Cote_d_Azur_Reader_v1.5.md,4. Monaco-Ville,52,,
G634,D1-exact,1.0,source/CURRENT/20_Regional_Chapters/06_Nice_Cote_d_Azur_v1.8.md,5. Saint-Paul-de-Vence,52,,
G634,D1-exact,1.0,source/CURRENT/30_Reader_Edition/06_Nice_Cote_d_Azur_Reader_v1.5.md,5. Saint-Paul-de-Vence,52,,
G635,D1-exact,1.0,source/CURRENT/20_Regional_Chapters/06_Nice_Cote_d_Azur_v1.8.md,6. Grasse,48,,
G635,D1-exact,1.0,source/CURRENT/30_Reader_Edition/06_Nice_Cote_d_Azur_Reader_v1.5.md,6. Grasse,48,,
G636,D1-exact,1.0,source/CURRENT/20_Regional_Chapters/06_Nice_Cote_d_Azur_v1.8.md,실행지도 · 현장 사용,40,,
G636,D1-exact,1.0,source/CURRENT/20_Regional_Chapters/06_Nice_Cote_d_Azur_v2.0.md,실행지도 · 현장 사용,40,,
G636,D1-exact,1.0,source/CURRENT/30_Reader_Edition/06_Nice_Cote_d_Azur_Reader_v1.5.md,실행지도 · 현장 사용,40,,
G637,D1-exact,1.0,source/CURRENT/20_Regional_Chapters/06_Nice_Cote_d_Azur_v1.8.md,24. 공식자료와 참고 출처 범주,60,,
G637,D1-exact,1.0,source/CURRENT/20_Regional_Chapters/06_Nice_Cote_d_Azur_v2.0.md,24. 공식자료와 참고 출처 범주,60,,
G637,D1-exact,1.0,source/CURRENT/30_Reader_Edition/06_Nice_Cote_d_Azur_Reader_v1.5.md,24. 공식자료와 참고 출처 범주,60,,
G638,D1-exact,1.0,source/CURRENT/20_Regional_Chapters/07_Aix_en_Provence_v1.7.md,Editor’s Verdict,32,,
G638,D1-exact,1.0,source/CURRENT/20_Regional_Chapters/07_Aix_en_Provence_v2.0.md,Editor’s Verdict,32,,
G638,D1-exact,1.0,source/CURRENT/30_Reader_Edition/07_Aix_en_Provence_Reader_v1.6.md,Editor’s Verdict,32,,
G639,D1-exact,1.0,source/CURRENT/20_Regional_Chapters/07_Aix_en_Provence_v1.7.md,놓치면 아쉬운 선택,73,,
G639,D1-exact,1.0,source/CURRENT/20_Regional_Chapters/07_Aix_en_Provence_v2.0.md,놓치면 아쉬운 선택,73,,
G639,D1-exact,1.0,source/CURRENT/30_Reader_Edition/07_Aix_en_Provence_Reader_v1.6.md,놓치면 아쉬운 선택,73,,
G640,D1-exact,1.0,source/CURRENT/20_Regional_Chapters/07_Aix_en_Provence_v1.7.md,하루를 완성하는 네 가지 선택,45,,
G640,D1-exact,1.0,source/CURRENT/20_Regional_Chapters/07_Aix_en_Provence_v2.0.md,하루를 완성하는 네 가지 선택,45,,
G640,D1-exact,1.0,source/CURRENT/30_Reader_Edition/07_Aix_en_Provence_Reader_v1.6.md,하루를 완성하는 네 가지 선택,45,,
G641,D1-exact,1.0,source/CURRENT/20_Regional_Chapters/07_Aix_en_Provence_v1.7.md,이 지역의 Top 10,29,,
G641,D1-exact,1.0,source/CURRENT/20_Regional_Chapters/07_Aix_en_Provence_v2.0.md,이 지역의 Top 10,29,,
G641,D1-exact,1.0,source/CURRENT/30_Reader_Edition/07_Aix_en_Provence_Reader_v1.6.md,이 지역의 Top 10,29,,
G642,D1-exact,1.0,source/CURRENT/20_Regional_Chapters/07_Aix_en_Provence_v1.7.md,1. Cours Mirabeau,47,,
G642,D1-exact,1.0,source/CURRENT/30_Reader_Edition/07_Aix_en_Provence_Reader_v1.6.md,1. Cours Mirabeau,47,,
G643,D1-exact,1.0,source/CURRENT/20_Regional_Chapters/07_Aix_en_Provence_v1.7.md,2. Musée Granet,59,,
G643,D1-exact,1.0,source/CURRENT/30_Reader_Edition/07_Aix_en_Provence_Reader_v1.6.md,2. Musée Granet,59,,
G644,D1-exact,1.0,source/CURRENT/20_Regional_Chapters/07_Aix_en_Provence_v1.7.md,3. Atelier des Lauves,52,,
G644,D1-exact,1.0,source/CURRENT/30_Reader_Edition/07_Aix_en_Provence_Reader_v1.6.md,3. Atelier des Lauves,52,,
G645,D1-exact,1.0,source/CURRENT/20_Regional_Chapters/07_Aix_en_Provence_v1.7.md,4. Cassis Harbour,50,,
G645,D1-exact,1.0,source/CURRENT/30_Reader_Edition/07_Aix_en_Provence_Reader_v1.6.md,4. Cassis Harbour,50,,
G646,D1-exact,1.0,source/CURRENT/20_Regional_Chapters/07_Aix_en_Provence_v1.7.md,5. Calanques,60,,
G646,D1-exact,1.0,source/CURRENT/30_Reader_Edition/07_Aix_en_Provence_Reader_v1.6.md,5. Calanques,60,,
G647,D1-exact,1.0,source/CURRENT/20_Regional_Chapters/07_Aix_en_Provence_v1.7.md,6. Lourmarin,48,,
G647,D1-exact,1.0,source/CURRENT/30_Reader_Edition/07_Aix_en_Provence_Reader_v1.6.md,6. Lourmarin,48,,
G648,D1-exact,1.0,source/CURRENT/20_Regional_Chapters/07_Aix_en_Provence_v1.7.md,실행지도 · 현장 사용,40,,
G648,D1-exact,1.0,source/CURRENT/20_Regional_Chapters/07_Aix_en_Provence_v2.0.md,실행지도 · 현장 사용,40,,
G648,D1-exact,1.0,source/CURRENT/30_Reader_Edition/07_Aix_en_Provence_Reader_v1.6.md,실행지도 · 현장 사용,40,,
G649,D1-exact,1.0,source/CURRENT/20_Regional_Chapters/07_Aix_en_Provence_v1.7.md,9/13 Aix → Lourmarin → Coustellet → 농가,53,,
G649,D1-exact,1.0,source/CURRENT/20_Regional_Chapters/07_Aix_en_Provence_v2.0.md,9/13 Aix → Lourmarin → Coustellet → 농가,53,,
G649,D1-exact,1.0,source/CURRENT/30_Reader_Edition/07_Aix_en_Provence_Reader_v1.6.md,9/13 Aix → Lourmarin → Coustellet → 농가,53,,
G650,D1-exact,1.0,source/CURRENT/20_Regional_Chapters/08_Luberon_Farmhouse_v1.8.md,Editor’s Verdict,33,,
G650,D1-exact,1.0,source/CURRENT/20_Regional_Chapters/08_Luberon_Farmhouse_v2.0.md,Editor’s Verdict,33,,
G650,D1-exact,1.0,source/CURRENT/30_Reader_Edition/08_Luberon_Farmhouse_Reader_v1.6.md,Editor’s Verdict,33,,
G651,D1-exact,1.0,source/CURRENT/20_Regional_Chapters/08_Luberon_Farmhouse_v1.8.md,놓치면 아쉬운 선택,63,,
G651,D1-exact,1.0,source/CURRENT/20_Regional_Chapters/08_Luberon_Farmhouse_v2.0.md,놓치면 아쉬운 선택,63,,
G651,D1-exact,1.0,source/CURRENT/30_Reader_Edition/08_Luberon_Farmhouse_Reader_v1.6.md,놓치면 아쉬운 선택,63,,
G652,D1-exact,1.0,source/CURRENT/20_Regional_Chapters/08_Luberon_Farmhouse_v1.8.md,하루를 완성하는 네 가지 선택,45,,
G652,D1-exact,1.0,source/CURRENT/20_Regional_Chapters/08_Luberon_Farmhouse_v2.0.md,하루를 완성하는 네 가지 선택,45,,
G652,D1-exact,1.0,source/CURRENT/30_Reader_Edition/08_Luberon_Farmhouse_Reader_v1.6.md,하루를 완성하는 네 가지 선택,45,,
G653,D1-exact,1.0,source/CURRENT/20_Regional_Chapters/08_Luberon_Farmhouse_v1.8.md,이 지역의 Top 10,28,,
G653,D1-exact,1.0,source/CURRENT/20_Regional_Chapters/08_Luberon_Farmhouse_v2.0.md,이 지역의 Top 10,28,,
G653,D1-exact,1.0,source/CURRENT/30_Reader_Edition/08_Luberon_Farmhouse_Reader_v1.6.md,이 지역의 Top 10,28,,
G654,D1-exact,1.0,source/CURRENT/20_Regional_Chapters/08_Luberon_Farmhouse_v1.8.md,1. Roussillon·Sentier des Ocres,51,,
G654,D1-exact,1.0,source/CURRENT/30_Reader_Edition/08_Luberon_Farmhouse_Reader_v1.6.md,1. Roussillon·Sentier des Ocres,51,,
G655,D1-exact,1.0,source/CURRENT/20_Regional_Chapters/08_Luberon_Farmhouse_v1.8.md,2. Goult,39,,
G655,D1-exact,1.0,source/CURRENT/30_Reader_Edition/08_Luberon_Farmhouse_Reader_v1.6.md,2. Goult,39,,
G656,D1-exact,1.0,source/CURRENT/20_Regional_Chapters/08_Luberon_Farmhouse_v1.8.md,3. Gordes,54,,
G656,D1-exact,1.0,source/CURRENT/30_Reader_Edition/08_Luberon_Farmhouse_Reader_v1.6.md,3. Gordes,54,,
G657,D1-exact,1.0,source/CURRENT/20_Regional_Chapters/08_Luberon_Farmhouse_v1.8.md,4. Village des Bories,47,,
G657,D1-exact,1.0,source/CURRENT/30_Reader_Edition/08_Luberon_Farmhouse_Reader_v1.6.md,4. Village des Bories,47,,
G658,D1-exact,1.0,source/CURRENT/20_Regional_Chapters/08_Luberon_Farmhouse_v1.8.md,5. Abbaye de Sénanque,47,,
G658,D1-exact,1.0,source/CURRENT/30_Reader_Edition/08_Luberon_Farmhouse_Reader_v1.6.md,5. Abbaye de Sénanque,47,,
G659,D1-exact,1.0,source/CURRENT/20_Regional_Chapters/08_Luberon_Farmhouse_v1.8.md,6. Ménerbes,48,,
G659,D1-exact,1.0,source/CURRENT/30_Reader_Edition/08_Luberon_Farmhouse_Reader_v1.6.md,6. Ménerbes,48,,
G660,D1-exact,1.0,source/CURRENT/20_Regional_Chapters/08_Luberon_Farmhouse_v1.8.md,실행지도 · 현장 사용,40,,
G660,D1-exact,1.0,source/CURRENT/20_Regional_Chapters/08_Luberon_Farmhouse_v2.0.md,실행지도 · 현장 사용,40,,
G660,D1-exact,1.0,source/CURRENT/30_Reader_Edition/08_Luberon_Farmhouse_Reader_v1.6.md,실행지도 · 현장 사용,40,,
G661,D1-exact,1.0,source/CURRENT/20_Regional_Chapters/08_Luberon_Farmhouse_v1.8.md,숙소 평가 최종 기준,32,,
G661,D1-exact,1.0,source/CURRENT/20_Regional_Chapters/08_Luberon_Farmhouse_v2.0.md,숙소 평가 최종 기준,32,,
G661,D1-exact,1.0,source/CURRENT/30_Reader_Edition/08_Luberon_Farmhouse_Reader_v1.6.md,숙소 평가 최종 기준,32,,
G662,D1-exact,1.0,source/CURRENT/20_Regional_Chapters/09_Avignon_Alpilles_Pont_du_Gard_v1.6.md,Editor’s Verdict,33,,
G662,D1-exact,1.0,source/CURRENT/20_Regional_Chapters/09_Avignon_Alpilles_Pont_du_Gard_v2.0.md,Editor’s Verdict,33,,
G662,D1-exact,1.0,source/CURRENT/30_Reader_Edition/09_Avignon_Alpilles_Pont_du_Gard_Reader_v1.6.md,Editor’s Verdict,33,,
G663,D1-exact,1.0,source/CURRENT/20_Regional_Chapters/09_Avignon_Alpilles_Pont_du_Gard_v1.6.md,놓치면 아쉬운 선택,77,,
G663,D1-exact,1.0,source/CURRENT/20_Regional_Chapters/09_Avignon_Alpilles_Pont_du_Gard_v2.0.md,놓치면 아쉬운 선택,77,,
G663,D1-exact,1.0,source/CURRENT/30_Reader_Edition/09_Avignon_Alpilles_Pont_du_Gard_Reader_v1.6.md,놓치면 아쉬운 선택,77,,
G664,D1-exact,1.0,source/CURRENT/20_Regional_Chapters/09_Avignon_Alpilles_Pont_du_Gard_v1.6.md,하루를 완성하는 네 가지 선택,50,,
G664,D1-exact,1.0,source/CURRENT/20_Regional_Chapters/09_Avignon_Alpilles_Pont_du_Gard_v2.0.md,하루를 완성하는 네 가지 선택,50,,
G664,D1-exact,1.0,source/CURRENT/30_Reader_Edition/09_Avignon_Alpilles_Pont_du_Gard_Reader_v1.6.md,하루를 완성하는 네 가지 선택,50,,
G665,D1-exact,1.0,source/CURRENT/20_Regional_Chapters/09_Avignon_Alpilles_Pont_du_Gard_v1.6.md,이 지역의 Top 10,34,,
G665,D1-exact,1.0,source/CURRENT/20_Regional_Chapters/09_Avignon_Alpilles_Pont_du_Gard_v2.0.md,이 지역의 Top 10,34,,
G665,D1-exact,1.0,source/CURRENT/30_Reader_Edition/09_Avignon_Alpilles_Pont_du_Gard_Reader_v1.6.md,이 지역의 Top 10,34,,
G666,D1-exact,1.0,source/CURRENT/20_Regional_Chapters/09_Avignon_Alpilles_Pont_du_Gard_v1.6.md,현장 메모,102,,
G666,D1-exact,1.0,source/CURRENT/30_Reader_Edition/09_Avignon_Alpilles_Pont_du_Gard_Reader_v1.6.md,현장 메모,102,,
G667,D1-exact,1.0,source/CURRENT/20_Regional_Chapters/09_Avignon_Alpilles_Pont_du_Gard_v1.6.md,1. Palais des Papes,53,,
G667,D1-exact,1.0,source/CURRENT/30_Reader_Edition/09_Avignon_Alpilles_Pont_du_Gard_Reader_v1.6.md,1. Palais des Papes,53,,
G668,D1-exact,1.0,source/CURRENT/20_Regional_Chapters/09_Avignon_Alpilles_Pont_du_Gard_v1.6.md,2. Pont Saint-Bénézet,48,,
G668,D1-exact,1.0,source/CURRENT/30_Reader_Edition/09_Avignon_Alpilles_Pont_du_Gard_Reader_v1.6.md,2. Pont Saint-Bénézet,48,,
G669,D1-exact,1.0,source/CURRENT/20_Regional_Chapters/09_Avignon_Alpilles_Pont_du_Gard_v1.6.md,3. Les Halles Avignon,50,,
G669,D1-exact,1.0,source/CURRENT/30_Reader_Edition/09_Avignon_Alpilles_Pont_du_Gard_Reader_v1.6.md,3. Les Halles Avignon,50,,
G670,D1-exact,1.0,source/CURRENT/20_Regional_Chapters/09_Avignon_Alpilles_Pont_du_Gard_v1.6.md,4. Uzès Saturday Market,55,,
G670,D1-exact,1.0,source/CURRENT/30_Reader_Edition/09_Avignon_Alpilles_Pont_du_Gard_Reader_v1.6.md,4. Uzès Saturday Market,55,,
G671,D1-exact,1.0,source/CURRENT/20_Regional_Chapters/09_Avignon_Alpilles_Pont_du_Gard_v1.6.md,5. Pont du Gard,50,,
G671,D1-exact,1.0,source/CURRENT/30_Reader_Edition/09_Avignon_Alpilles_Pont_du_Gard_Reader_v1.6.md,5. Pont du Gard,50,,
G672,D1-exact,1.0,source/CURRENT/20_Regional_Chapters/09_Avignon_Alpilles_Pont_du_Gard_v1.6.md,6. Les Baux-de-Provence,48,,
G672,D1-exact,1.0,source/CURRENT/30_Reader_Edition/09_Avignon_Alpilles_Pont_du_Gard_Reader_v1.6.md,6. Les Baux-de-Provence,48,,
G673,D1-exact,1.0,source/CURRENT/20_Regional_Chapters/09_Avignon_Alpilles_Pont_du_Gard_v1.6.md,7. Glanum,49,,
G673,D1-exact,1.0,source/CURRENT/30_Reader_Edition/09_Avignon_Alpilles_Pont_du_Gard_Reader_v1.6.md,7. Glanum,49,,
G674,D1-exact,1.0,source/CURRENT/20_Regional_Chapters/09_Avignon_Alpilles_Pont_du_Gard_v1.6.md,실행지도 · 현장 사용,40,,
G674,D1-exact,1.0,source/CURRENT/20_Regional_Chapters/09_Avignon_Alpilles_Pont_du_Gard_v2.0.md,실행지도 · 현장 사용,40,,
G674,D1-exact,1.0,source/CURRENT/30_Reader_Edition/09_Avignon_Alpilles_Pont_du_Gard_Reader_v1.6.md,실행지도 · 현장 사용,40,,
G675,D1-exact,1.0,source/CURRENT/20_Regional_Chapters/09_Avignon_Alpilles_Pont_du_Gard_v1.6.md,9/21 렌터카 반납 → TGV → Lyon,35,,
G675,D1-exact,1.0,source/CURRENT/20_Regional_Chapters/09_Avignon_Alpilles_Pont_du_Gard_v2.0.md,9/21 렌터카 반납 → TGV → Lyon,35,,
G675,D1-exact,1.0,source/CURRENT/30_Reader_Edition/09_Avignon_Alpilles_Pont_du_Gard_Reader_v1.6.md,9/21 렌터카 반납 → TGV → Lyon,35,,
G676,D1-exact,1.0,source/CURRENT/20_Regional_Chapters/10_Lyon_v1.7.md,Editor’s Verdict,32,,
G676,D1-exact,1.0,source/CURRENT/20_Regional_Chapters/10_Lyon_v2.0.md,Editor’s Verdict,32,,
G676,D1-exact,1.0,source/CURRENT/30_Reader_Edition/10_Lyon_Reader_v1.7.md,Editor’s Verdict,32,,
G677,D1-exact,1.0,source/CURRENT/20_Regional_Chapters/10_Lyon_v1.7.md,놓치면 아쉬운 선택,70,,
G677,D1-exact,1.0,source/CURRENT/20_Regional_Chapters/10_Lyon_v2.0.md,놓치면 아쉬운 선택,70,,
G677,D1-exact,1.0,source/CURRENT/30_Reader_Edition/10_Lyon_Reader_v1.7.md,놓치면 아쉬운 선택,70,,
G678,D1-exact,1.0,source/CURRENT/20_Regional_Chapters/10_Lyon_v1.7.md,하루를 완성하는 네 가지 선택,44,,
G678,D1-exact,1.0,source/CURRENT/20_Regional_Chapters/10_Lyon_v2.0.md,하루를 완성하는 네 가지 선택,44,,
G678,D1-exact,1.0,source/CURRENT/30_Reader_Edition/10_Lyon_Reader_v1.7.md,하루를 완성하는 네 가지 선택,44,,
G679,D1-exact,1.0,source/CURRENT/20_Regional_Chapters/10_Lyon_v1.7.md,현장 메모,43,,
G679,D1-exact,1.0,source/CURRENT/20_Regional_Chapters/10_Lyon_v2.0.md,현장 메모,43,,
G679,D1-exact,1.0,source/CURRENT/30_Reader_Edition/10_Lyon_Reader_v1.7.md,현장 메모,43,,
G680,D1-exact,1.0,source/CURRENT/20_Regional_Chapters/10_Lyon_v1.7.md,1. Fourvière Basilica·Roman Hill,42,,
G680,D1-exact,1.0,source/CURRENT/30_Reader_Edition/10_Lyon_Reader_v1.7.md,1. Fourvière Basilica·Roman Hill,42,,
G681,D1-exact,1.0,source/CURRENT/20_Regional_Chapters/10_Lyon_v1.7.md,2. Vieux Lyon·Traboules,41,,
G681,D1-exact,1.0,source/CURRENT/30_Reader_Edition/10_Lyon_Reader_v1.7.md,2. Vieux Lyon·Traboules,41,,
G682,D1-exact,1.0,source/CURRENT/20_Regional_Chapters/10_Lyon_v1.7.md,3. Croix-Rousse,43,,
G682,D1-exact,1.0,source/CURRENT/30_Reader_Edition/10_Lyon_Reader_v1.7.md,3. Croix-Rousse,43,,
G683,D1-exact,1.0,source/CURRENT/20_Regional_Chapters/10_Lyon_v1.7.md,4. Halles de Lyon Paul Bocuse,43,,
G683,D1-exact,1.0,source/CURRENT/30_Reader_Edition/10_Lyon_Reader_v1.7.md,4. Halles de Lyon Paul Bocuse,43,,
G684,D1-exact,1.0,source/CURRENT/20_Regional_Chapters/10_Lyon_v1.7.md,5. Annecy Old Town·Lake,51,,
G684,D1-exact,1.0,source/CURRENT/30_Reader_Edition/10_Lyon_Reader_v1.7.md,5. Annecy Old Town·Lake,51,,
G685,D1-exact,1.0,source/CURRENT/20_Regional_Chapters/10_Lyon_v1.7.md,실행지도 · 현장 사용,40,,
G685,D1-exact,1.0,source/CURRENT/20_Regional_Chapters/10_Lyon_v2.0.md,실행지도 · 현장 사용,40,,
G685,D1-exact,1.0,source/CURRENT/30_Reader_Edition/10_Lyon_Reader_v1.7.md,실행지도 · 현장 사용,40,,
G686,D1-exact,1.0,source/CURRENT/20_Regional_Chapters/11_Paris_Long_Stay_v1.7.md,Editor’s Verdict,30,,
G686,D1-exact,1.0,source/CURRENT/20_Regional_Chapters/11_Paris_Long_Stay_v2.0.md,Editor’s Verdict,30,,
G686,D1-exact,1.0,source/CURRENT/30_Reader_Edition/11_Paris_Long_Stay_Reader_v1.8.md,Editor’s Verdict,30,,
G687,D1-exact,1.0,source/CURRENT/20_Regional_Chapters/11_Paris_Long_Stay_v1.7.md,놓치면 아쉬운 선택,81,,
G687,D1-exact,1.0,source/CURRENT/20_Regional_Chapters/11_Paris_Long_Stay_v2.0.md,놓치면 아쉬운 선택,81,,
G687,D1-exact,1.0,source/CURRENT/30_Reader_Edition/11_Paris_Long_Stay_Reader_v1.8.md,놓치면 아쉬운 선택,81,,
G688,D1-exact,1.0,source/CURRENT/20_Regional_Chapters/11_Paris_Long_Stay_v1.7.md,하루를 완성하는 네 가지 선택,51,,
G688,D1-exact,1.0,source/CURRENT/20_Regional_Chapters/11_Paris_Long_Stay_v2.0.md,하루를 완성하는 네 가지 선택,51,,
G688,D1-exact,1.0,source/CURRENT/30_Reader_Edition/11_Paris_Long_Stay_Reader_v1.8.md,하루를 완성하는 네 가지 선택,51,,
G689,D1-exact,1.0,source/CURRENT/20_Regional_Chapters/11_Paris_Long_Stay_v1.7.md,이 지역의 Top 10,28,,
G689,D1-exact,1.0,source/CURRENT/20_Regional_Chapters/11_Paris_Long_Stay_v2.0.md,이 지역의 Top 10,28,,
G689,D1-exact,1.0,source/CURRENT/30_Reader_Edition/11_Paris_Long_Stay_Reader_v1.8.md,이 지역의 Top 10,28,,
G690,D1-exact,1.0,source/CURRENT/20_Regional_Chapters/11_Paris_Long_Stay_v1.7.md,1. Notre-Dame de Paris,62,,
G690,D1-exact,1.0,source/CURRENT/30_Reader_Edition/11_Paris_Long_Stay_Reader_v1.8.md,1. Notre-Dame de Paris,62,,
G691,D1-exact,1.0,source/CURRENT/20_Regional_Chapters/11_Paris_Long_Stay_v1.7.md,2. Louvre Museum,59,,
G691,D1-exact,1.0,source/CURRENT/30_Reader_Edition/11_Paris_Long_Stay_Reader_v1.8.md,2. Louvre Museum,59,,
G692,D1-exact,1.0,source/CURRENT/20_Regional_Chapters/11_Paris_Long_Stay_v1.7.md,3. Musée d’Orsay,47,,
G692,D1-exact,1.0,source/CURRENT/30_Reader_Edition/11_Paris_Long_Stay_Reader_v1.8.md,3. Musée d’Orsay,47,,
G693,D1-exact,1.0,source/CURRENT/20_Regional_Chapters/11_Paris_Long_Stay_v1.7.md,4. BnF Richelieu,50,,
G693,D1-exact,1.0,source/CURRENT/30_Reader_Edition/11_Paris_Long_Stay_Reader_v1.8.md,4. BnF Richelieu,50,,
G694,D1-exact,1.0,source/CURRENT/20_Regional_Chapters/11_Paris_Long_Stay_v1.7.md,5. Montmartre·South Pigalle,50,,
G694,D1-exact,1.0,source/CURRENT/30_Reader_Edition/11_Paris_Long_Stay_Reader_v1.8.md,5. Montmartre·South Pigalle,50,,
G695,D1-exact,1.0,source/CURRENT/20_Regional_Chapters/11_Paris_Long_Stay_v1.7.md,6. Versailles,47,,
G695,D1-exact,1.0,source/CURRENT/30_Reader_Edition/11_Paris_Long_Stay_Reader_v1.8.md,6. Versailles,47,,
G696,D1-exact,1.0,source/CURRENT/20_Regional_Chapters/11_Paris_Long_Stay_v1.7.md,7. Giverny Fondation Monet,51,,
G696,D1-exact,1.0,source/CURRENT/30_Reader_Edition/11_Paris_Long_Stay_Reader_v1.8.md,7. Giverny Fondation Monet,51,,
G697,D1-exact,1.0,source/CURRENT/20_Regional_Chapters/11_Paris_Long_Stay_v1.7.md,8. Bourse de Commerce,41,,
G697,D1-exact,1.0,source/CURRENT/30_Reader_Edition/11_Paris_Long_Stay_Reader_v1.8.md,8. Bourse de Commerce,41,,
G698,D1-exact,1.0,source/CURRENT/20_Regional_Chapters/11_Paris_Long_Stay_v1.7.md,실행지도 · 현장 사용,40,,
G698,D1-exact,1.0,source/CURRENT/20_Regional_Chapters/11_Paris_Long_Stay_v2.0.md,실행지도 · 현장 사용,40,,
G698,D1-exact,1.0,source/CURRENT/30_Reader_Edition/11_Paris_Long_Stay_Reader_v1.8.md,실행지도 · 현장 사용,40,,
G699,D2-near-95,0.998,source/CURRENT/10_Core/03_Whole_Trip_Master_Itinerary_v1.2.md,3. 날짜별 기준 일정,839,,
G699,D2-near-95,0.998,source/CURRENT/10_Core/42_TP_Europe_Travel_Guidebook_Master_v1.4.md,3. 날짜별 기준 일정,848,,
G700,D2-near-95,0.998,source/CURRENT/10_Core/42_TP_Europe_Travel_Guidebook_Master_v1.4.md,24. 공식자료와 참고 출처 범주,111,,
G700,D2-near-95,0.998,source/CURRENT/10_Core/42_TP_Europe_Travel_Guidebook_Master_v1.4.md,숙소 평가 최종 기준,86,,
G700,D2-near-95,0.998,source/CURRENT/20_Regional_Chapters/07_Aix_en_Provence_v1.7.md,현장 메모,98,,
G700,D2-near-95,0.998,source/CURRENT/20_Regional_Chapters/07_Aix_en_Provence_v2.0.md,현장 메모,98,,
G700,D2-near-95,0.998,source/CURRENT/20_Regional_Chapters/08_Luberon_Farmhouse_v1.8.md,현장 메모,102,,
G700,D2-near-95,0.998,source/CURRENT/20_Regional_Chapters/08_Luberon_Farmhouse_v2.0.md,현장 메모,102,,
G700,D2-near-95,0.998,source/CURRENT/20_Regional_Chapters/09_Avignon_Alpilles_Pont_du_Gard_v2.0.md,현장 메모,102,,
G700,D2-near-95,0.998,source/CURRENT/20_Regional_Chapters/11_Paris_Long_Stay_v1.7.md,현장 메모,118,,
G700,D2-near-95,0.998,source/CURRENT/20_Regional_Chapters/11_Paris_Long_Stay_v2.0.md,현장 메모,118,,
G700,D2-near-95,0.998,source/CURRENT/30_Reader_Edition/07_Aix_en_Provence_Reader_v1.6.md,현장 메모,98,,
G700,D2-near-95,0.998,source/CURRENT/30_Reader_Edition/08_Luberon_Farmhouse_Reader_v1.6.md,현장 메모,102,,
G700,D2-near-95,0.998,source/CURRENT/30_Reader_Edition/11_Paris_Long_Stay_Reader_v1.8.md,현장 메모,101,,
G701,D2-near-95,0.997,source/CURRENT/10_Core/42_TP_Europe_Travel_Guidebook_Master_v1.4.md,5. 여행 리듬 QA,92,,
G701,D2-near-95,0.997,source/CURRENT/10_Core/42_TP_Europe_Travel_Guidebook_Master_v1.4.md,미결정,78,,
G701,D2-near-95,0.997,source/CURRENT/20_Regional_Chapters/04_Barcelona_Sitges_v1.6.md,(preamble),67,,
G701,D2-near-95,0.997,source/CURRENT/20_Regional_Chapters/04_Barcelona_Sitges_v2.0.md,(preamble),67,,
G701,D2-near-95,0.997,source/CURRENT/20_Regional_Chapters/06_Nice_Cote_d_Azur_v1.8.md,(preamble),79,,
G701,D2-near-95,0.997,source/CURRENT/20_Regional_Chapters/06_Nice_Cote_d_Azur_v2.0.md,(preamble),79,,
G701,D2-near-95,0.997,source/CURRENT/30_Reader_Edition/04_Barcelona_Sitges_Reader_v1.5.md,(preamble),67,,
G701,D2-near-95,0.997,source/CURRENT/30_Reader_Edition/06_Nice_Cote_d_Azur_Reader_v1.5.md,(preamble),79,,
G702,D2-near-95,0.996,source/CURRENT/10_Core/01_How_to_Use_This_Guidebook_v1.0.md,4. 식당을 고르는 법,77,,
G702,D2-near-95,0.996,source/CURRENT/10_Core/42_TP_Europe_Travel_Guidebook_Master_v1.4.md,4. 식당을 고르는 법,78,,
G703,D2-near-95,0.995,source/CURRENT/10_Core/01_How_to_Use_This_Guidebook_v1.0.md,5. 하루를 조정하는 다섯 가지 규칙,48,,
G703,D2-near-95,0.995,source/CURRENT/10_Core/42_TP_Europe_Travel_Guidebook_Master_v1.4.md,5. 하루를 조정하는 다섯 가지 규칙,49,,
G704,D2-near-95,0.995,source/CURRENT/20_Regional_Chapters/10_Lyon_v1.7.md,(preamble),79,,
G704,D2-near-95,0.995,source/CURRENT/20_Regional_Chapters/10_Lyon_v2.0.md,(preamble),79,,
G704,D2-near-95,0.995,source/CURRENT/30_Reader_Edition/10_Lyon_Reader_v1.7.md,(preamble),65,,
G705,D2-near-95,0.992,source/CURRENT/10_Core/02_Whole_Trip_Experience_Highlights_v1.0.md,2. 지역별 대표 한 끼,78,,
G705,D2-near-95,0.992,source/CURRENT/10_Core/42_TP_Europe_Travel_Guidebook_Master_v1.4.md,2. 지역별 대표 한 끼,81,,
G706,D2-near-95,0.968,source/CURRENT/10_Core/02_Whole_Trip_Experience_Highlights_v1.0.md,1. 이 여행에서 가장 중요한 16가지 경험,181,,
G706,D2-near-95,0.968,source/CURRENT/10_Core/42_TP_Europe_Travel_Guidebook_Master_v1.4.md,1. 이 여행에서 가장 중요한 16가지 경험,185,,
G707,D2-near-80,0.905,source/CURRENT/20_Regional_Chapters/06_Nice_Cote_d_Azur_v2.0.md,운전 (Day 12부터),49,,
G707,D2-near-80,0.905,source/CURRENT/20_Regional_Chapters/07_Aix_en_Provence_v2.0.md,프랑스 도로 — 요약,57,,
G707,D2-near-80,0.905,source/CURRENT/20_Regional_Chapters/08_Luberon_Farmhouse_v2.0.md,프랑스 도로 — 요약,52,,
G708,D3-partial-60,0.757,source/CURRENT/10_Core/01_How_to_Use_This_Guidebook_v1.0.md,8. 여행 중 최종 판단 기준,35,,
G708,D3-partial-60,0.757,source/CURRENT/10_Core/42_TP_Europe_Travel_Guidebook_Master_v1.4.md,9. 여행 중 최종 판단 기준,54,,
G709,D3-partial-60,0.664,source/CURRENT/10_Core/03_Whole_Trip_Master_Itinerary_v1.2.md,(preamble),32,,
G709,D3-partial-60,0.664,source/CURRENT/10_Core/42_TP_Europe_Travel_Guidebook_Master_v1.4.md,4. 일부러 비워 둘 시간,77,,
G710,D3-partial-60,0.624,source/ASSETS/90_Regional_Context_and_Place_Dossier_Compendium_v1.0.md,Louvre Museum,52,,
G710,D3-partial-60,0.624,source/CURRENT/20_Regional_Chapters/11_Paris_Long_Stay_v2.0.md,실용 — 저장소 자료 기준,48,,
G711,D3-partial-60,0.615,source/CURRENT/10_Core/01_How_to_Use_This_Guidebook_v1.0.md,6. 시각자료 표기,42,,
G711,D3-partial-60,0.615,source/CURRENT/10_Core/42_TP_Europe_Travel_Guidebook_Master_v1.4.md,7. 시각자료 표기,71,,
G712,D3-partial-60,0.602,source/CURRENT/10_Core/42_TP_Europe_Travel_Guidebook_Master_v1.4.md,Pass A 편집 메모,35,,
G712,D3-partial-60,0.602,source/CURRENT/10_Core/42_TP_Europe_Travel_Guidebook_Master_v1.4.md,Pass A 편집 메모,37,,
G712,D3-partial-60,0.602,source/CURRENT/10_Core/42_TP_Europe_Travel_Guidebook_Master_v1.4.md,Pass A 편집 메모,32,,
